image_path,label
/Users/suleymanmini/Desktop/cilt kanseri/cilt-kanseri-teshisi-bitirme/data/raw/HAM10000_images_part_2/ISIC_0031616.jpg,0
/Users/suleymanmini/Desktop/cilt kanseri/cilt-kanseri-teshisi-bitirme/data/raw/HAM10000_images_part_1/ISIC_0027650.jpg,1
/Users/suleymanmini/Desktop/cilt kanseri/cilt-kanseri-teshisi-bitirme/data/raw/HAM10000_images_part_2/ISIC_0030379.jpg,0
/Users/suleymanmini/Desktop/cilt kanseri/cilt-kanseri-teshisi-bitirme/data/raw/HAM10000_images_part_2/ISIC_0030255.jpg,1
/Users/suleymanmini/Desktop/cilt kanseri/cilt-kanseri-teshisi-bitirme/data/raw/HAM10000_images_part_2/ISIC_0031304.jpg,0
/Users/suleymanmini/Desktop/cilt kanseri/cilt-kanseri-teshisi-bitirme/data/raw/HAM10000_images_part_2/ISIC_0033521.jpg,0
/Users/suleymanmini/Desktop/cilt kanseri/cilt-kanseri-teshisi-bitirme/data/raw/HAM10000_images_part_2/ISIC_0029950.jpg,0
/Users/suleymanmini/Desktop/cilt kanseri/cilt-kanseri-teshisi-bitirme/data/raw/HAM10000_images_part_1/ISIC_0024555.jpg,0
/Users/suleymanmini/Desktop/cilt kanseri/cilt-kanseri-teshisi-bitirme/data/raw/HAM10000_images_part_1/ISIC_0025701.jpg,0
/Users/suleymanmini/Desktop/cilt kanseri/cilt-kanseri-teshisi-bitirme/data/raw/HAM10000_images_part_1/ISIC_0025266.jpg,1
/Users/suleymanmini/Desktop/cilt kanseri/cilt-kanseri-teshisi-bitirme/data/raw/HAM10000_images_part_2/ISIC_0029821.jpg,0
/Users/suleymanmini/Desktop/cilt kanseri/cilt-kanseri-teshisi-bitirme/data/raw/HAM10000_images_part_2/ISIC_0032595.jpg,0
/Users/suleymanmini/Desktop/cilt kanseri/cilt-kanseri-teshisi-bitirme/data/raw/HAM10000_images_part_1/ISIC_0024918.jpg,1
/Users/suleymanmini/Desktop/cilt kanseri/cilt-kanseri-teshisi-bitirme/data/raw/HAM10000_images_part_1/ISIC_0025888.jpg,0
/Users/suleymanmini/Desktop/cilt kanseri/cilt-kanseri-teshisi-bitirme/data/raw/HAM10000_images_part_1/ISIC_0027582.jpg,0
/Users/suleymanmini/Desktop/cilt kanseri/cilt-kanseri-teshisi-bitirme/data/raw/HAM10000_images_part_2/ISIC_0032244.jpg,1
/Users/suleymanmini/Desktop/cilt kanseri/cilt-kanseri-teshisi-bitirme/data/raw/HAM10000_images_part_2/ISIC_0030250.jpg,0
/Users/suleymanmini/Desktop/cilt kanseri/cilt-kanseri-teshisi-bitirme/data/raw/HAM10000_images_part_2/ISIC_0029837.jpg,0
/Users/suleymanmini/Desktop/cilt kanseri/cilt-kanseri-teshisi-bitirme/data/raw/HAM10000_images_part_1/ISIC_0024518.jpg,0
/Users/suleymanmini/Desktop/cilt kanseri/cilt-kanseri-teshisi-bitirme/data/raw/HAM10000_images_part_2/ISIC_0033214.jpg,0
/Users/suleymanmini/Desktop/cilt kanseri/cilt-kanseri-teshisi-bitirme/data/raw/HAM10000_images_part_2/ISIC_0029867.jpg,0
/Users/suleymanmini/Desktop/cilt kanseri/cilt-kanseri-teshisi-bitirme/data/raw/HAM10000_images_part_1/ISIC_0025971.jpg,1
/Users/suleymanmini/Desktop/cilt kanseri/cilt-kanseri-teshisi-bitirme/data/raw/HAM10000_images_part_1/ISIC_0026266.jpg,1
/Users/suleymanmini/Desktop/cilt kanseri/cilt-kanseri-teshisi-bitirme/data/raw/HAM10000_images_part_1/ISIC_0024410.jpg,1
/Users/suleymanmini/Desktop/cilt kanseri/cilt-kanseri-teshisi-bitirme/data/raw/HAM10000_images_part_2/ISIC_0029811.jpg,1
/Users/suleymanmini/Desktop/cilt kanseri/cilt-kanseri-teshisi-bitirme/data/raw/HAM10000_images_part_2/ISIC_0032476.jpg,1
/Users/suleymanmini/Desktop/cilt kanseri/cilt-kanseri-teshisi-bitirme/data/raw/HAM10000_images_part_2/ISIC_0032718.jpg,1
/Users/suleymanmini/Desktop/cilt kanseri/cilt-kanseri-teshisi-bitirme/data/raw/HAM10000_images_part_1/ISIC_0028230.jpg,0
/Users/suleymanmini/Desktop/cilt kanseri/cilt-kanseri-teshisi-bitirme/data/raw/HAM10000_images_part_2/ISIC_0029476.jpg,0
/Users/suleymanmini/Desktop/cilt kanseri/cilt-kanseri-teshisi-bitirme/data/synthetic/generated_malign/synth_malign_00187.jpg,1
/Users/suleymanmini/Desktop/cilt kanseri/cilt-kanseri-teshisi-bitirme/data/raw/HAM10000_images_part_1/ISIC_0027255.jpg,0
/Users/suleymanmini/Desktop/cilt kanseri/cilt-kanseri-teshisi-bitirme/data/raw/HAM10000_images_part_2/ISIC_0030162.jpg,0
/Users/suleymanmini/Desktop/cilt kanseri/cilt-kanseri-teshisi-bitirme/data/raw/HAM10000_images_part_2/ISIC_0032857.jpg,1
/Users/suleymanmini/Desktop/cilt kanseri/cilt-kanseri-teshisi-bitirme/data/raw/HAM10000_images_part_2/ISIC_0033241.jpg,1
/Users/suleymanmini/Desktop/cilt kanseri/cilt-kanseri-teshisi-bitirme/data/raw/HAM10000_images_part_2/ISIC_0030003.jpg,0
/Users/suleymanmini/Desktop/cilt kanseri/cilt-kanseri-teshisi-bitirme/data/raw/HAM10000_images_part_1/ISIC_0027183.jpg,0
/Users/suleymanmini/Desktop/cilt kanseri/cilt-kanseri-teshisi-bitirme/data/raw/HAM10000_images_part_1/ISIC_0025149.jpg,0
/Users/suleymanmini/Desktop/cilt kanseri/cilt-kanseri-teshisi-bitirme/data/raw/HAM10000_images_part_1/ISIC_0026705.jpg,0
/Users/suleymanmini/Desktop/cilt kanseri/cilt-kanseri-teshisi-bitirme/data/raw/HAM10000_images_part_2/ISIC_0032845.jpg,1
/Users/suleymanmini/Desktop/cilt kanseri/cilt-kanseri-teshisi-bitirme/data/raw/HAM10000_images_part_1/ISIC_0026184.jpg,0
/Users/suleymanmini/Desktop/cilt kanseri/cilt-kanseri-teshisi-bitirme/data/raw/HAM10000_images_part_2/ISIC_0034301.jpg,0
/Users/suleymanmini/Desktop/cilt kanseri/cilt-kanseri-teshisi-bitirme/data/raw/HAM10000_images_part_1/ISIC_0026466.jpg,1
/Users/suleymanmini/Desktop/cilt kanseri/cilt-kanseri-teshisi-bitirme/data/raw/HAM10000_images_part_2/ISIC_0030873.jpg,0
/Users/suleymanmini/Desktop/cilt kanseri/cilt-kanseri-teshisi-bitirme/data/raw/HAM10000_images_part_1/ISIC_0027680.jpg,0
/Users/suleymanmini/Desktop/cilt kanseri/cilt-kanseri-teshisi-bitirme/data/raw/HAM10000_images_part_2/ISIC_0032248.jpg,1
/Users/suleymanmini/Desktop/cilt kanseri/cilt-kanseri-teshisi-bitirme/data/raw/HAM10000_images_part_2/ISIC_0034139.jpg,0
/Users/suleymanmini/Desktop/cilt kanseri/cilt-kanseri-teshisi-bitirme/data/raw/HAM10000_images_part_1/ISIC_0029136.jpg,0
/Users/suleymanmini/Desktop/cilt kanseri/cilt-kanseri-teshisi-bitirme/data/raw/HAM10000_images_part_1/ISIC_0028340.jpg,0
/Users/suleymanmini/Desktop/cilt kanseri/cilt-kanseri-teshisi-bitirme/data/raw/HAM10000_images_part_1/ISIC_0026886.jpg,0
/Users/suleymanmini/Desktop/cilt kanseri/cilt-kanseri-teshisi-bitirme/data/raw/HAM10000_images_part_2/ISIC_0031254.jpg,0
/Users/suleymanmini/Desktop/cilt kanseri/cilt-kanseri-teshisi-bitirme/data/raw/HAM10000_images_part_2/ISIC_0033869.jpg,1
/Users/suleymanmini/Desktop/cilt kanseri/cilt-kanseri-teshisi-bitirme/data/raw/HAM10000_images_part_1/ISIC_0028152.jpg,0
/Users/suleymanmini/Desktop/cilt kanseri/cilt-kanseri-teshisi-bitirme/data/raw/HAM10000_images_part_2/ISIC_0032470.jpg,0
/Users/suleymanmini/Desktop/cilt kanseri/cilt-kanseri-teshisi-bitirme/data/raw/HAM10000_images_part_2/ISIC_0029860.jpg,1
/Users/suleymanmini/Desktop/cilt kanseri/cilt-kanseri-teshisi-bitirme/data/raw/HAM10000_images_part_2/ISIC_0030118.jpg,0
/Users/suleymanmini/Desktop/cilt kanseri/cilt-kanseri-teshisi-bitirme/data/raw/HAM10000_images_part_1/ISIC_0027433.jpg,1
/Users/suleymanmini/Desktop/cilt kanseri/cilt-kanseri-teshisi-bitirme/data/raw/HAM10000_images_part_2/ISIC_0033976.jpg,0
/Users/suleymanmini/Desktop/cilt kanseri/cilt-kanseri-teshisi-bitirme/data/raw/HAM10000_images_part_1/ISIC_0028224.jpg,1
/Users/suleymanmini/Desktop/cilt kanseri/cilt-kanseri-teshisi-bitirme/data/raw/HAM10000_images_part_2/ISIC_0032090.jpg,0
/Users/suleymanmini/Desktop/cilt kanseri/cilt-kanseri-teshisi-bitirme/data/synthetic/generated_malign/synth_malign_00294.jpg,1
/Users/suleymanmini/Desktop/cilt kanseri/cilt-kanseri-teshisi-bitirme/data/raw/HAM10000_images_part_2/ISIC_0033888.jpg,0
/Users/suleymanmini/Desktop/cilt kanseri/cilt-kanseri-teshisi-bitirme/data/synthetic/generated_malign/synth_malign_00003.jpg,1
/Users/suleymanmini/Desktop/cilt kanseri/cilt-kanseri-teshisi-bitirme/data/synthetic/generated_malign/synth_malign_00499.jpg,1
/Users/suleymanmini/Desktop/cilt kanseri/cilt-kanseri-teshisi-bitirme/data/raw/HAM10000_images_part_1/ISIC_0028979.jpg,0
/Users/suleymanmini/Desktop/cilt kanseri/cilt-kanseri-teshisi-bitirme/data/raw/HAM10000_images_part_1/ISIC_0029131.jpg,0
/Users/suleymanmini/Desktop/cilt kanseri/cilt-kanseri-teshisi-bitirme/data/raw/HAM10000_images_part_2/ISIC_0030669.jpg,0
/Users/suleymanmini/Desktop/cilt kanseri/cilt-kanseri-teshisi-bitirme/data/raw/HAM10000_images_part_2/ISIC_0030801.jpg,0
/Users/suleymanmini/Desktop/cilt kanseri/cilt-kanseri-teshisi-bitirme/data/raw/HAM10000_images_part_2/ISIC_0030905.jpg,0
/Users/suleymanmini/Desktop/cilt kanseri/cilt-kanseri-teshisi-bitirme/data/raw/HAM10000_images_part_2/ISIC_0033419.jpg,0
/Users/suleymanmini/Desktop/cilt kanseri/cilt-kanseri-teshisi-bitirme/data/raw/HAM10000_images_part_1/ISIC_0024703.jpg,0
/Users/suleymanmini/Desktop/cilt kanseri/cilt-kanseri-teshisi-bitirme/data/raw/HAM10000_images_part_2/ISIC_0032800.jpg,0
/Users/suleymanmini/Desktop/cilt kanseri/cilt-kanseri-teshisi-bitirme/data/raw/HAM10000_images_part_1/ISIC_0028125.jpg,0
/Users/suleymanmini/Desktop/cilt kanseri/cilt-kanseri-teshisi-bitirme/data/raw/HAM10000_images_part_2/ISIC_0032064.jpg,0
/Users/suleymanmini/Desktop/cilt kanseri/cilt-kanseri-teshisi-bitirme/data/synthetic/generated_malign/synth_malign_00198.jpg,1
/Users/suleymanmini/Desktop/cilt kanseri/cilt-kanseri-teshisi-bitirme/data/raw/HAM10000_images_part_1/ISIC_0025541.jpg,0
/Users/suleymanmini/Desktop/cilt kanseri/cilt-kanseri-teshisi-bitirme/data/raw/HAM10000_images_part_1/ISIC_0024511.jpg,1
/Users/suleymanmini/Desktop/cilt kanseri/cilt-kanseri-teshisi-bitirme/data/raw/HAM10000_images_part_2/ISIC_0033533.jpg,1
/Users/suleymanmini/Desktop/cilt kanseri/cilt-kanseri-teshisi-bitirme/data/raw/HAM10000_images_part_1/ISIC_0028315.jpg,0
/Users/suleymanmini/Desktop/cilt kanseri/cilt-kanseri-teshisi-bitirme/data/raw/HAM10000_images_part_2/ISIC_0030781.jpg,0
/Users/suleymanmini/Desktop/cilt kanseri/cilt-kanseri-teshisi-bitirme/data/raw/HAM10000_images_part_1/ISIC_0029083.jpg,1
/Users/suleymanmini/Desktop/cilt kanseri/cilt-kanseri-teshisi-bitirme/data/raw/HAM10000_images_part_1/ISIC_0028862.jpg,0
/Users/suleymanmini/Desktop/cilt kanseri/cilt-kanseri-teshisi-bitirme/data/raw/HAM10000_images_part_1/ISIC_0024745.jpg,0
/Users/suleymanmini/Desktop/cilt kanseri/cilt-kanseri-teshisi-bitirme/data/raw/HAM10000_images_part_1/ISIC_0025352.jpg,0
/Users/suleymanmini/Desktop/cilt kanseri/cilt-kanseri-teshisi-bitirme/data/raw/HAM10000_images_part_2/ISIC_0031941.jpg,1
/Users/suleymanmini/Desktop/cilt kanseri/cilt-kanseri-teshisi-bitirme/data/raw/HAM10000_images_part_1/ISIC_0025317.jpg,1
/Users/suleymanmini/Desktop/cilt kanseri/cilt-kanseri-teshisi-bitirme/data/raw/HAM10000_images_part_2/ISIC_0034151.jpg,0
/Users/suleymanmini/Desktop/cilt kanseri/cilt-kanseri-teshisi-bitirme/data/raw/HAM10000_images_part_1/ISIC_0025882.jpg,0
/Users/suleymanmini/Desktop/cilt kanseri/cilt-kanseri-teshisi-bitirme/data/raw/HAM10000_images_part_2/ISIC_0029354.jpg,0
/Users/suleymanmini/Desktop/cilt kanseri/cilt-kanseri-teshisi-bitirme/data/raw/HAM10000_images_part_1/ISIC_0025257.jpg,0
/Users/suleymanmini/Desktop/cilt kanseri/cilt-kanseri-teshisi-bitirme/data/raw/HAM10000_images_part_2/ISIC_0031207.jpg,0
/Users/suleymanmini/Desktop/cilt kanseri/cilt-kanseri-teshisi-bitirme/data/raw/HAM10000_images_part_2/ISIC_0029751.jpg,0
/Users/suleymanmini/Desktop/cilt kanseri/cilt-kanseri-teshisi-bitirme/data/raw/HAM10000_images_part_2/ISIC_0032863.jpg,0
/Users/suleymanmini/Desktop/cilt kanseri/cilt-kanseri-teshisi-bitirme/data/raw/HAM10000_images_part_1/ISIC_0029203.jpg,0
/Users/suleymanmini/Desktop/cilt kanseri/cilt-kanseri-teshisi-bitirme/data/raw/HAM10000_images_part_1/ISIC_0028295.jpg,0
/Users/suleymanmini/Desktop/cilt kanseri/cilt-kanseri-teshisi-bitirme/data/raw/HAM10000_images_part_1/ISIC_0028748.jpg,0
/Users/suleymanmini/Desktop/cilt kanseri/cilt-kanseri-teshisi-bitirme/data/raw/HAM10000_images_part_1/ISIC_0025376.jpg,0
/Users/suleymanmini/Desktop/cilt kanseri/cilt-kanseri-teshisi-bitirme/data/raw/HAM10000_images_part_2/ISIC_0031081.jpg,0
/Users/suleymanmini/Desktop/cilt kanseri/cilt-kanseri-teshisi-bitirme/data/raw/HAM10000_images_part_2/ISIC_0031319.jpg,0
/Users/suleymanmini/Desktop/cilt kanseri/cilt-kanseri-teshisi-bitirme/data/raw/HAM10000_images_part_1/ISIC_0025061.jpg,0
/Users/suleymanmini/Desktop/cilt kanseri/cilt-kanseri-teshisi-bitirme/data/synthetic/generated_malign/synth_malign_00451.jpg,1
/Users/suleymanmini/Desktop/cilt kanseri/cilt-kanseri-teshisi-bitirme/data/raw/HAM10000_images_part_2/ISIC_0033628.jpg,0
/Users/suleymanmini/Desktop/cilt kanseri/cilt-kanseri-teshisi-bitirme/data/raw/HAM10000_images_part_1/ISIC_0028325.jpg,1
/Users/suleymanmini/Desktop/cilt kanseri/cilt-kanseri-teshisi-bitirme/data/raw/HAM10000_images_part_1/ISIC_0024736.jpg,0
/Users/suleymanmini/Desktop/cilt kanseri/cilt-kanseri-teshisi-bitirme/data/raw/HAM10000_images_part_2/ISIC_0032307.jpg,1
/Users/suleymanmini/Desktop/cilt kanseri/cilt-kanseri-teshisi-bitirme/data/raw/HAM10000_images_part_2/ISIC_0032917.jpg,1
/Users/suleymanmini/Desktop/cilt kanseri/cilt-kanseri-teshisi-bitirme/data/raw/HAM10000_images_part_2/ISIC_0033177.jpg,0
/Users/suleymanmini/Desktop/cilt kanseri/cilt-kanseri-teshisi-bitirme/data/raw/HAM10000_images_part_2/ISIC_0030398.jpg,0
/Users/suleymanmini/Desktop/cilt kanseri/cilt-kanseri-teshisi-bitirme/data/raw/HAM10000_images_part_2/ISIC_0029379.jpg,0
/Users/suleymanmini/Desktop/cilt kanseri/cilt-kanseri-teshisi-bitirme/data/raw/HAM10000_images_part_1/ISIC_0028536.jpg,0
/Users/suleymanmini/Desktop/cilt kanseri/cilt-kanseri-teshisi-bitirme/data/raw/HAM10000_images_part_2/ISIC_0031836.jpg,1
/Users/suleymanmini/Desktop/cilt kanseri/cilt-kanseri-teshisi-bitirme/data/raw/HAM10000_images_part_2/ISIC_0031144.jpg,0
/Users/suleymanmini/Desktop/cilt kanseri/cilt-kanseri-teshisi-bitirme/data/raw/HAM10000_images_part_1/ISIC_0025050.jpg,0
/Users/suleymanmini/Desktop/cilt kanseri/cilt-kanseri-teshisi-bitirme/data/raw/HAM10000_images_part_2/ISIC_0033930.jpg,0
/Users/suleymanmini/Desktop/cilt kanseri/cilt-kanseri-teshisi-bitirme/data/raw/HAM10000_images_part_1/ISIC_0028808.jpg,0
/Users/suleymanmini/Desktop/cilt kanseri/cilt-kanseri-teshisi-bitirme/data/raw/HAM10000_images_part_2/ISIC_0029850.jpg,0
/Users/suleymanmini/Desktop/cilt kanseri/cilt-kanseri-teshisi-bitirme/data/raw/HAM10000_images_part_1/ISIC_0027115.jpg,0
/Users/suleymanmini/Desktop/cilt kanseri/cilt-kanseri-teshisi-bitirme/data/raw/HAM10000_images_part_1/ISIC_0025478.jpg,0
/Users/suleymanmini/Desktop/cilt kanseri/cilt-kanseri-teshisi-bitirme/data/raw/HAM10000_images_part_1/ISIC_0027168.jpg,0
/Users/suleymanmini/Desktop/cilt kanseri/cilt-kanseri-teshisi-bitirme/data/raw/HAM10000_images_part_1/ISIC_0025035.jpg,1
/Users/suleymanmini/Desktop/cilt kanseri/cilt-kanseri-teshisi-bitirme/data/raw/HAM10000_images_part_2/ISIC_0034120.jpg,1
/Users/suleymanmini/Desktop/cilt kanseri/cilt-kanseri-teshisi-bitirme/data/raw/HAM10000_images_part_1/ISIC_0024321.jpg,0
/Users/suleymanmini/Desktop/cilt kanseri/cilt-kanseri-teshisi-bitirme/data/raw/HAM10000_images_part_2/ISIC_0032642.jpg,0
/Users/suleymanmini/Desktop/cilt kanseri/cilt-kanseri-teshisi-bitirme/data/synthetic/generated_malign/synth_malign_00574.jpg,1
/Users/suleymanmini/Desktop/cilt kanseri/cilt-kanseri-teshisi-bitirme/data/synthetic/generated_malign/synth_malign_00709.jpg,1
/Users/suleymanmini/Desktop/cilt kanseri/cilt-kanseri-teshisi-bitirme/data/raw/HAM10000_images_part_2/ISIC_0033563.jpg,0
/Users/suleymanmini/Desktop/cilt kanseri/cilt-kanseri-teshisi-bitirme/data/raw/HAM10000_images_part_2/ISIC_0031082.jpg,0
/Users/suleymanmini/Desktop/cilt kanseri/cilt-kanseri-teshisi-bitirme/data/raw/HAM10000_images_part_2/ISIC_0031379.jpg,0
/Users/suleymanmini/Desktop/cilt kanseri/cilt-kanseri-teshisi-bitirme/data/raw/HAM10000_images_part_1/ISIC_0028556.jpg,1
/Users/suleymanmini/Desktop/cilt kanseri/cilt-kanseri-teshisi-bitirme/data/raw/HAM10000_images_part_2/ISIC_0032011.jpg,0
/Users/suleymanmini/Desktop/cilt kanseri/cilt-kanseri-teshisi-bitirme/data/raw/HAM10000_images_part_2/ISIC_0033641.jpg,0
/Users/suleymanmini/Desktop/cilt kanseri/cilt-kanseri-teshisi-bitirme/data/raw/HAM10000_images_part_2/ISIC_0030785.jpg,1
/Users/suleymanmini/Desktop/cilt kanseri/cilt-kanseri-teshisi-bitirme/data/raw/HAM10000_images_part_2/ISIC_0034219.jpg,0
/Users/suleymanmini/Desktop/cilt kanseri/cilt-kanseri-teshisi-bitirme/data/raw/HAM10000_images_part_1/ISIC_0025740.jpg,0
/Users/suleymanmini/Desktop/cilt kanseri/cilt-kanseri-teshisi-bitirme/data/raw/HAM10000_images_part_1/ISIC_0025779.jpg,0
/Users/suleymanmini/Desktop/cilt kanseri/cilt-kanseri-teshisi-bitirme/data/raw/HAM10000_images_part_1/ISIC_0027681.jpg,0
/Users/suleymanmini/Desktop/cilt kanseri/cilt-kanseri-teshisi-bitirme/data/raw/HAM10000_images_part_2/ISIC_0031773.jpg,0
/Users/suleymanmini/Desktop/cilt kanseri/cilt-kanseri-teshisi-bitirme/data/raw/HAM10000_images_part_2/ISIC_0033271.jpg,1
/Users/suleymanmini/Desktop/cilt kanseri/cilt-kanseri-teshisi-bitirme/data/raw/HAM10000_images_part_2/ISIC_0034071.jpg,1
/Users/suleymanmini/Desktop/cilt kanseri/cilt-kanseri-teshisi-bitirme/data/synthetic/generated_malign/synth_malign_00947.jpg,1
/Users/suleymanmini/Desktop/cilt kanseri/cilt-kanseri-teshisi-bitirme/data/synthetic/generated_malign/synth_malign_00757.jpg,1
/Users/suleymanmini/Desktop/cilt kanseri/cilt-kanseri-teshisi-bitirme/data/raw/HAM10000_images_part_1/ISIC_0025799.jpg,0
/Users/suleymanmini/Desktop/cilt kanseri/cilt-kanseri-teshisi-bitirme/data/raw/HAM10000_images_part_1/ISIC_0026866.jpg,0
/Users/suleymanmini/Desktop/cilt kanseri/cilt-kanseri-teshisi-bitirme/data/raw/HAM10000_images_part_1/ISIC_0026758.jpg,0
/Users/suleymanmini/Desktop/cilt kanseri/cilt-kanseri-teshisi-bitirme/data/raw/HAM10000_images_part_2/ISIC_0034075.jpg,0
/Users/suleymanmini/Desktop/cilt kanseri/cilt-kanseri-teshisi-bitirme/data/raw/HAM10000_images_part_2/ISIC_0033999.jpg,1
/Users/suleymanmini/Desktop/cilt kanseri/cilt-kanseri-teshisi-bitirme/data/raw/HAM10000_images_part_1/ISIC_0028131.jpg,0
/Users/suleymanmini/Desktop/cilt kanseri/cilt-kanseri-teshisi-bitirme/data/raw/HAM10000_images_part_2/ISIC_0033363.jpg,0
/Users/suleymanmini/Desktop/cilt kanseri/cilt-kanseri-teshisi-bitirme/data/raw/HAM10000_images_part_2/ISIC_0033125.jpg,1
/Users/suleymanmini/Desktop/cilt kanseri/cilt-kanseri-teshisi-bitirme/data/raw/HAM10000_images_part_1/ISIC_0026826.jpg,0
/Users/suleymanmini/Desktop/cilt kanseri/cilt-kanseri-teshisi-bitirme/data/raw/HAM10000_images_part_1/ISIC_0028651.jpg,0
/Users/suleymanmini/Desktop/cilt kanseri/cilt-kanseri-teshisi-bitirme/data/raw/HAM10000_images_part_2/ISIC_0030598.jpg,0
/Users/suleymanmini/Desktop/cilt kanseri/cilt-kanseri-teshisi-bitirme/data/raw/HAM10000_images_part_1/ISIC_0028725.jpg,0
/Users/suleymanmini/Desktop/cilt kanseri/cilt-kanseri-teshisi-bitirme/data/raw/HAM10000_images_part_1/ISIC_0026204.jpg,0
/Users/suleymanmini/Desktop/cilt kanseri/cilt-kanseri-teshisi-bitirme/data/raw/HAM10000_images_part_1/ISIC_0026607.jpg,0
/Users/suleymanmini/Desktop/cilt kanseri/cilt-kanseri-teshisi-bitirme/data/raw/HAM10000_images_part_1/ISIC_0027453.jpg,0
/Users/suleymanmini/Desktop/cilt kanseri/cilt-kanseri-teshisi-bitirme/data/synthetic/generated_malign/synth_malign_00145.jpg,1
/Users/suleymanmini/Desktop/cilt kanseri/cilt-kanseri-teshisi-bitirme/data/raw/HAM10000_images_part_1/ISIC_0025231.jpg,0
/Users/suleymanmini/Desktop/cilt kanseri/cilt-kanseri-teshisi-bitirme/data/raw/HAM10000_images_part_2/ISIC_0034040.jpg,0
/Users/suleymanmini/Desktop/cilt kanseri/cilt-kanseri-teshisi-bitirme/data/raw/HAM10000_images_part_2/ISIC_0031090.jpg,0
/Users/suleymanmini/Desktop/cilt kanseri/cilt-kanseri-teshisi-bitirme/data/raw/HAM10000_images_part_2/ISIC_0029949.jpg,0
/Users/suleymanmini/Desktop/cilt kanseri/cilt-kanseri-teshisi-bitirme/data/synthetic/generated_malign/synth_malign_00993.jpg,1
/Users/suleymanmini/Desktop/cilt kanseri/cilt-kanseri-teshisi-bitirme/data/raw/HAM10000_images_part_2/ISIC_0030920.jpg,0
/Users/suleymanmini/Desktop/cilt kanseri/cilt-kanseri-teshisi-bitirme/data/raw/HAM10000_images_part_2/ISIC_0030152.jpg,0
/Users/suleymanmini/Desktop/cilt kanseri/cilt-kanseri-teshisi-bitirme/data/raw/HAM10000_images_part_1/ISIC_0026696.jpg,0
/Users/suleymanmini/Desktop/cilt kanseri/cilt-kanseri-teshisi-bitirme/data/raw/HAM10000_images_part_1/ISIC_0027404.jpg,0
/Users/suleymanmini/Desktop/cilt kanseri/cilt-kanseri-teshisi-bitirme/data/raw/HAM10000_images_part_2/ISIC_0032323.jpg,0
/Users/suleymanmini/Desktop/cilt kanseri/cilt-kanseri-teshisi-bitirme/data/synthetic/generated_malign/synth_malign_00034.jpg,1
/Users/suleymanmini/Desktop/cilt kanseri/cilt-kanseri-teshisi-bitirme/data/raw/HAM10000_images_part_2/ISIC_0033512.jpg,0
/Users/suleymanmini/Desktop/cilt kanseri/cilt-kanseri-teshisi-bitirme/data/raw/HAM10000_images_part_1/ISIC_0027965.jpg,0
/Users/suleymanmini/Desktop/cilt kanseri/cilt-kanseri-teshisi-bitirme/data/raw/HAM10000_images_part_2/ISIC_0029618.jpg,0
/Users/suleymanmini/Desktop/cilt kanseri/cilt-kanseri-teshisi-bitirme/data/raw/HAM10000_images_part_2/ISIC_0033989.jpg,0
/Users/suleymanmini/Desktop/cilt kanseri/cilt-kanseri-teshisi-bitirme/data/raw/HAM10000_images_part_1/ISIC_0028631.jpg,0
/Users/suleymanmini/Desktop/cilt kanseri/cilt-kanseri-teshisi-bitirme/data/raw/HAM10000_images_part_2/ISIC_0032629.jpg,1
/Users/suleymanmini/Desktop/cilt kanseri/cilt-kanseri-teshisi-bitirme/data/raw/HAM10000_images_part_2/ISIC_0031522.jpg,0
/Users/suleymanmini/Desktop/cilt kanseri/cilt-kanseri-teshisi-bitirme/data/raw/HAM10000_images_part_1/ISIC_0026587.jpg,0
/Users/suleymanmini/Desktop/cilt kanseri/cilt-kanseri-teshisi-bitirme/data/synthetic/generated_malign/synth_malign_00701.jpg,1
/Users/suleymanmini/Desktop/cilt kanseri/cilt-kanseri-teshisi-bitirme/data/raw/HAM10000_images_part_1/ISIC_0024958.jpg,1
/Users/suleymanmini/Desktop/cilt kanseri/cilt-kanseri-teshisi-bitirme/data/raw/HAM10000_images_part_2/ISIC_0032850.jpg,1
/Users/suleymanmini/Desktop/cilt kanseri/cilt-kanseri-teshisi-bitirme/data/raw/HAM10000_images_part_2/ISIC_0029757.jpg,0
/Users/suleymanmini/Desktop/cilt kanseri/cilt-kanseri-teshisi-bitirme/data/raw/HAM10000_images_part_2/ISIC_0033132.jpg,0
/Users/suleymanmini/Desktop/cilt kanseri/cilt-kanseri-teshisi-bitirme/data/raw/HAM10000_images_part_1/ISIC_0025102.jpg,1
/Users/suleymanmini/Desktop/cilt kanseri/cilt-kanseri-teshisi-bitirme/data/raw/HAM10000_images_part_1/ISIC_0026714.jpg,0
/Users/suleymanmini/Desktop/cilt kanseri/cilt-kanseri-teshisi-bitirme/data/raw/HAM10000_images_part_2/ISIC_0033705.jpg,1
/Users/suleymanmini/Desktop/cilt kanseri/cilt-kanseri-teshisi-bitirme/data/synthetic/generated_malign/synth_malign_00778.jpg,1
/Users/suleymanmini/Desktop/cilt kanseri/cilt-kanseri-teshisi-bitirme/data/raw/HAM10000_images_part_2/ISIC_0032039.jpg,0
/Users/suleymanmini/Desktop/cilt kanseri/cilt-kanseri-teshisi-bitirme/data/raw/HAM10000_images_part_2/ISIC_0029827.jpg,1
/Users/suleymanmini/Desktop/cilt kanseri/cilt-kanseri-teshisi-bitirme/data/raw/HAM10000_images_part_1/ISIC_0025118.jpg,0
/Users/suleymanmini/Desktop/cilt kanseri/cilt-kanseri-teshisi-bitirme/data/raw/HAM10000_images_part_2/ISIC_0034051.jpg,1
/Users/suleymanmini/Desktop/cilt kanseri/cilt-kanseri-teshisi-bitirme/data/raw/HAM10000_images_part_2/ISIC_0031357.jpg,0
/Users/suleymanmini/Desktop/cilt kanseri/cilt-kanseri-teshisi-bitirme/data/raw/HAM10000_images_part_1/ISIC_0028580.jpg,0
/Users/suleymanmini/Desktop/cilt kanseri/cilt-kanseri-teshisi-bitirme/data/raw/HAM10000_images_part_1/ISIC_0024408.jpg,0
/Users/suleymanmini/Desktop/cilt kanseri/cilt-kanseri-teshisi-bitirme/data/raw/HAM10000_images_part_1/ISIC_0027975.jpg,0
/Users/suleymanmini/Desktop/cilt kanseri/cilt-kanseri-teshisi-bitirme/data/raw/HAM10000_images_part_2/ISIC_0030386.jpg,0
/Users/suleymanmini/Desktop/cilt kanseri/cilt-kanseri-teshisi-bitirme/data/raw/HAM10000_images_part_2/ISIC_0032737.jpg,0
/Users/suleymanmini/Desktop/cilt kanseri/cilt-kanseri-teshisi-bitirme/data/synthetic/generated_malign/synth_malign_00061.jpg,1
/Users/suleymanmini/Desktop/cilt kanseri/cilt-kanseri-teshisi-bitirme/data/raw/HAM10000_images_part_2/ISIC_0033131.jpg,0
/Users/suleymanmini/Desktop/cilt kanseri/cilt-kanseri-teshisi-bitirme/data/raw/HAM10000_images_part_2/ISIC_0031735.jpg,0
/Users/suleymanmini/Desktop/cilt kanseri/cilt-kanseri-teshisi-bitirme/data/raw/HAM10000_images_part_1/ISIC_0028684.jpg,0
/Users/suleymanmini/Desktop/cilt kanseri/cilt-kanseri-teshisi-bitirme/data/raw/HAM10000_images_part_1/ISIC_0026016.jpg,0
/Users/suleymanmini/Desktop/cilt kanseri/cilt-kanseri-teshisi-bitirme/data/raw/HAM10000_images_part_2/ISIC_0034227.jpg,0
/Users/suleymanmini/Desktop/cilt kanseri/cilt-kanseri-teshisi-bitirme/data/raw/HAM10000_images_part_2/ISIC_0033405.jpg,1
/Users/suleymanmini/Desktop/cilt kanseri/cilt-kanseri-teshisi-bitirme/data/raw/HAM10000_images_part_2/ISIC_0033782.jpg,0
/Users/suleymanmini/Desktop/cilt kanseri/cilt-kanseri-teshisi-bitirme/data/raw/HAM10000_images_part_2/ISIC_0034113.jpg,0
/Users/suleymanmini/Desktop/cilt kanseri/cilt-kanseri-teshisi-bitirme/data/raw/HAM10000_images_part_2/ISIC_0033307.jpg,0
/Users/suleymanmini/Desktop/cilt kanseri/cilt-kanseri-teshisi-bitirme/data/raw/HAM10000_images_part_1/ISIC_0027766.jpg,0
/Users/suleymanmini/Desktop/cilt kanseri/cilt-kanseri-teshisi-bitirme/data/raw/HAM10000_images_part_2/ISIC_0031846.jpg,0
/Users/suleymanmini/Desktop/cilt kanseri/cilt-kanseri-teshisi-bitirme/data/raw/HAM10000_images_part_1/ISIC_0026568.jpg,0
/Users/suleymanmini/Desktop/cilt kanseri/cilt-kanseri-teshisi-bitirme/data/raw/HAM10000_images_part_1/ISIC_0026530.jpg,0
/Users/suleymanmini/Desktop/cilt kanseri/cilt-kanseri-teshisi-bitirme/data/synthetic/generated_malign/synth_malign_00960.jpg,1
/Users/suleymanmini/Desktop/cilt kanseri/cilt-kanseri-teshisi-bitirme/data/raw/HAM10000_images_part_2/ISIC_0031650.jpg,0
/Users/suleymanmini/Desktop/cilt kanseri/cilt-kanseri-teshisi-bitirme/data/raw/HAM10000_images_part_2/ISIC_0032419.jpg,0
/Users/suleymanmini/Desktop/cilt kanseri/cilt-kanseri-teshisi-bitirme/data/raw/HAM10000_images_part_1/ISIC_0029139.jpg,0
/Users/suleymanmini/Desktop/cilt kanseri/cilt-kanseri-teshisi-bitirme/data/raw/HAM10000_images_part_2/ISIC_0033416.jpg,1
/Users/suleymanmini/Desktop/cilt kanseri/cilt-kanseri-teshisi-bitirme/data/raw/HAM10000_images_part_1/ISIC_0027599.jpg,0
/Users/suleymanmini/Desktop/cilt kanseri/cilt-kanseri-teshisi-bitirme/data/raw/HAM10000_images_part_2/ISIC_0031415.jpg,0
/Users/suleymanmini/Desktop/cilt kanseri/cilt-kanseri-teshisi-bitirme/data/raw/HAM10000_images_part_1/ISIC_0024377.jpg,0
/Users/suleymanmini/Desktop/cilt kanseri/cilt-kanseri-teshisi-bitirme/data/raw/HAM10000_images_part_2/ISIC_0032910.jpg,0
/Users/suleymanmini/Desktop/cilt kanseri/cilt-kanseri-teshisi-bitirme/data/synthetic/generated_malign/synth_malign_00651.jpg,1
/Users/suleymanmini/Desktop/cilt kanseri/cilt-kanseri-teshisi-bitirme/data/raw/HAM10000_images_part_2/ISIC_0034167.jpg,0
/Users/suleymanmini/Desktop/cilt kanseri/cilt-kanseri-teshisi-bitirme/data/raw/HAM10000_images_part_2/ISIC_0030922.jpg,0
/Users/suleymanmini/Desktop/cilt kanseri/cilt-kanseri-teshisi-bitirme/data/raw/HAM10000_images_part_2/ISIC_0032587.jpg,0
/Users/suleymanmini/Desktop/cilt kanseri/cilt-kanseri-teshisi-bitirme/data/raw/HAM10000_images_part_1/ISIC_0028877.jpg,1
/Users/suleymanmini/Desktop/cilt kanseri/cilt-kanseri-teshisi-bitirme/data/raw/HAM10000_images_part_1/ISIC_0025499.jpg,0
/Users/suleymanmini/Desktop/cilt kanseri/cilt-kanseri-teshisi-bitirme/data/raw/HAM10000_images_part_2/ISIC_0029787.jpg,0
/Users/suleymanmini/Desktop/cilt kanseri/cilt-kanseri-teshisi-bitirme/data/raw/HAM10000_images_part_1/ISIC_0028476.jpg,0
/Users/suleymanmini/Desktop/cilt kanseri/cilt-kanseri-teshisi-bitirme/data/raw/HAM10000_images_part_1/ISIC_0025438.jpg,0
/Users/suleymanmini/Desktop/cilt kanseri/cilt-kanseri-teshisi-bitirme/data/raw/HAM10000_images_part_2/ISIC_0033674.jpg,0
/Users/suleymanmini/Desktop/cilt kanseri/cilt-kanseri-teshisi-bitirme/data/raw/HAM10000_images_part_2/ISIC_0030707.jpg,1
/Users/suleymanmini/Desktop/cilt kanseri/cilt-kanseri-teshisi-bitirme/data/raw/HAM10000_images_part_2/ISIC_0030735.jpg,0
/Users/suleymanmini/Desktop/cilt kanseri/cilt-kanseri-teshisi-bitirme/data/raw/HAM10000_images_part_1/ISIC_0027370.jpg,0
/Users/suleymanmini/Desktop/cilt kanseri/cilt-kanseri-teshisi-bitirme/data/raw/HAM10000_images_part_2/ISIC_0032116.jpg,0
/Users/suleymanmini/Desktop/cilt kanseri/cilt-kanseri-teshisi-bitirme/data/raw/HAM10000_images_part_2/ISIC_0034222.jpg,1
/Users/suleymanmini/Desktop/cilt kanseri/cilt-kanseri-teshisi-bitirme/data/raw/HAM10000_images_part_2/ISIC_0030718.jpg,0
/Users/suleymanmini/Desktop/cilt kanseri/cilt-kanseri-teshisi-bitirme/data/raw/HAM10000_images_part_2/ISIC_0033779.jpg,1
/Users/suleymanmini/Desktop/cilt kanseri/cilt-kanseri-teshisi-bitirme/data/raw/HAM10000_images_part_1/ISIC_0025135.jpg,0
/Users/suleymanmini/Desktop/cilt kanseri/cilt-kanseri-teshisi-bitirme/data/raw/HAM10000_images_part_1/ISIC_0029010.jpg,0
/Users/suleymanmini/Desktop/cilt kanseri/cilt-kanseri-teshisi-bitirme/data/raw/HAM10000_images_part_2/ISIC_0030592.jpg,0
/Users/suleymanmini/Desktop/cilt kanseri/cilt-kanseri-teshisi-bitirme/data/raw/HAM10000_images_part_1/ISIC_0026175.jpg,0
/Users/suleymanmini/Desktop/cilt kanseri/cilt-kanseri-teshisi-bitirme/data/raw/HAM10000_images_part_2/ISIC_0030941.jpg,0
/Users/suleymanmini/Desktop/cilt kanseri/cilt-kanseri-teshisi-bitirme/data/raw/HAM10000_images_part_1/ISIC_0028601.jpg,0
/Users/suleymanmini/Desktop/cilt kanseri/cilt-kanseri-teshisi-bitirme/data/synthetic/generated_malign/synth_malign_00331.jpg,1
/Users/suleymanmini/Desktop/cilt kanseri/cilt-kanseri-teshisi-bitirme/data/raw/HAM10000_images_part_1/ISIC_0029209.jpg,1
/Users/suleymanmini/Desktop/cilt kanseri/cilt-kanseri-teshisi-bitirme/data/raw/HAM10000_images_part_1/ISIC_0026979.jpg,0
/Users/suleymanmini/Desktop/cilt kanseri/cilt-kanseri-teshisi-bitirme/data/raw/HAM10000_images_part_2/ISIC_0033238.jpg,1
/Users/suleymanmini/Desktop/cilt kanseri/cilt-kanseri-teshisi-bitirme/data/raw/HAM10000_images_part_1/ISIC_0028108.jpg,0
/Users/suleymanmini/Desktop/cilt kanseri/cilt-kanseri-teshisi-bitirme/data/raw/HAM10000_images_part_2/ISIC_0031727.jpg,0
/Users/suleymanmini/Desktop/cilt kanseri/cilt-kanseri-teshisi-bitirme/data/raw/HAM10000_images_part_2/ISIC_0030088.jpg,0
/Users/suleymanmini/Desktop/cilt kanseri/cilt-kanseri-teshisi-bitirme/data/raw/HAM10000_images_part_2/ISIC_0033366.jpg,1
/Users/suleymanmini/Desktop/cilt kanseri/cilt-kanseri-teshisi-bitirme/data/raw/HAM10000_images_part_2/ISIC_0029554.jpg,0
/Users/suleymanmini/Desktop/cilt kanseri/cilt-kanseri-teshisi-bitirme/data/raw/HAM10000_images_part_2/ISIC_0033778.jpg,0
/Users/suleymanmini/Desktop/cilt kanseri/cilt-kanseri-teshisi-bitirme/data/raw/HAM10000_images_part_2/ISIC_0033421.jpg,0
/Users/suleymanmini/Desktop/cilt kanseri/cilt-kanseri-teshisi-bitirme/data/raw/HAM10000_images_part_2/ISIC_0031421.jpg,1
/Users/suleymanmini/Desktop/cilt kanseri/cilt-kanseri-teshisi-bitirme/data/raw/HAM10000_images_part_1/ISIC_0027509.jpg,0
/Users/suleymanmini/Desktop/cilt kanseri/cilt-kanseri-teshisi-bitirme/data/raw/HAM10000_images_part_2/ISIC_0029762.jpg,0
/Users/suleymanmini/Desktop/cilt kanseri/cilt-kanseri-teshisi-bitirme/data/raw/HAM10000_images_part_2/ISIC_0033239.jpg,1
/Users/suleymanmini/Desktop/cilt kanseri/cilt-kanseri-teshisi-bitirme/data/raw/HAM10000_images_part_1/ISIC_0025039.jpg,0
/Users/suleymanmini/Desktop/cilt kanseri/cilt-kanseri-teshisi-bitirme/data/raw/HAM10000_images_part_2/ISIC_0030364.jpg,0
/Users/suleymanmini/Desktop/cilt kanseri/cilt-kanseri-teshisi-bitirme/data/raw/HAM10000_images_part_2/ISIC_0034288.jpg,0
/Users/suleymanmini/Desktop/cilt kanseri/cilt-kanseri-teshisi-bitirme/data/raw/HAM10000_images_part_1/ISIC_0026566.jpg,0
/Users/suleymanmini/Desktop/cilt kanseri/cilt-kanseri-teshisi-bitirme/data/raw/HAM10000_images_part_2/ISIC_0031390.jpg,0
/Users/suleymanmini/Desktop/cilt kanseri/cilt-kanseri-teshisi-bitirme/data/raw/HAM10000_images_part_2/ISIC_0031098.jpg,0
/Users/suleymanmini/Desktop/cilt kanseri/cilt-kanseri-teshisi-bitirme/data/raw/HAM10000_images_part_1/ISIC_0025559.jpg,0
/Users/suleymanmini/Desktop/cilt kanseri/cilt-kanseri-teshisi-bitirme/data/raw/HAM10000_images_part_1/ISIC_0026144.jpg,0
/Users/suleymanmini/Desktop/cilt kanseri/cilt-kanseri-teshisi-bitirme/data/synthetic/generated_malign/synth_malign_00713.jpg,1
/Users/suleymanmini/Desktop/cilt kanseri/cilt-kanseri-teshisi-bitirme/data/raw/HAM10000_images_part_1/ISIC_0024960.jpg,0
/Users/suleymanmini/Desktop/cilt kanseri/cilt-kanseri-teshisi-bitirme/data/raw/HAM10000_images_part_1/ISIC_0025605.jpg,1
/Users/suleymanmini/Desktop/cilt kanseri/cilt-kanseri-teshisi-bitirme/data/raw/HAM10000_images_part_2/ISIC_0030357.jpg,0
/Users/suleymanmini/Desktop/cilt kanseri/cilt-kanseri-teshisi-bitirme/data/raw/HAM10000_images_part_1/ISIC_0027103.jpg,0
/Users/suleymanmini/Desktop/cilt kanseri/cilt-kanseri-teshisi-bitirme/data/raw/HAM10000_images_part_2/ISIC_0031744.jpg,0
/Users/suleymanmini/Desktop/cilt kanseri/cilt-kanseri-teshisi-bitirme/data/raw/HAM10000_images_part_2/ISIC_0032045.jpg,0
/Users/suleymanmini/Desktop/cilt kanseri/cilt-kanseri-teshisi-bitirme/data/raw/HAM10000_images_part_2/ISIC_0031326.jpg,0
/Users/suleymanmini/Desktop/cilt kanseri/cilt-kanseri-teshisi-bitirme/data/raw/HAM10000_images_part_1/ISIC_0025879.jpg,0
/Users/suleymanmini/Desktop/cilt kanseri/cilt-kanseri-teshisi-bitirme/data/raw/HAM10000_images_part_2/ISIC_0030349.jpg,1
/Users/suleymanmini/Desktop/cilt kanseri/cilt-kanseri-teshisi-bitirme/data/raw/HAM10000_images_part_2/ISIC_0031288.jpg,0
/Users/suleymanmini/Desktop/cilt kanseri/cilt-kanseri-teshisi-bitirme/data/raw/HAM10000_images_part_1/ISIC_0027953.jpg,0
/Users/suleymanmini/Desktop/cilt kanseri/cilt-kanseri-teshisi-bitirme/data/raw/HAM10000_images_part_1/ISIC_0026034.jpg,0
/Users/suleymanmini/Desktop/cilt kanseri/cilt-kanseri-teshisi-bitirme/data/raw/HAM10000_images_part_2/ISIC_0030036.jpg,1
/Users/suleymanmini/Desktop/cilt kanseri/cilt-kanseri-teshisi-bitirme/data/raw/HAM10000_images_part_2/ISIC_0031225.jpg,1
/Users/suleymanmini/Desktop/cilt kanseri/cilt-kanseri-teshisi-bitirme/data/raw/HAM10000_images_part_2/ISIC_0034295.jpg,0
/Users/suleymanmini/Desktop/cilt kanseri/cilt-kanseri-teshisi-bitirme/data/synthetic/generated_malign/synth_malign_00133.jpg,1
/Users/suleymanmini/Desktop/cilt kanseri/cilt-kanseri-teshisi-bitirme/data/raw/HAM10000_images_part_1/ISIC_0024512.jpg,0
/Users/suleymanmini/Desktop/cilt kanseri/cilt-kanseri-teshisi-bitirme/data/raw/HAM10000_images_part_2/ISIC_0032498.jpg,0
/Users/suleymanmini/Desktop/cilt kanseri/cilt-kanseri-teshisi-bitirme/data/synthetic/generated_malign/synth_malign_00470.jpg,1
/Users/suleymanmini/Desktop/cilt kanseri/cilt-kanseri-teshisi-bitirme/data/raw/HAM10000_images_part_1/ISIC_0026435.jpg,0
/Users/suleymanmini/Desktop/cilt kanseri/cilt-kanseri-teshisi-bitirme/data/raw/HAM10000_images_part_1/ISIC_0024598.jpg,0
/Users/suleymanmini/Desktop/cilt kanseri/cilt-kanseri-teshisi-bitirme/data/synthetic/generated_malign/synth_malign_00234.jpg,1
/Users/suleymanmini/Desktop/cilt kanseri/cilt-kanseri-teshisi-bitirme/data/raw/HAM10000_images_part_1/ISIC_0025168.jpg,0
/Users/suleymanmini/Desktop/cilt kanseri/cilt-kanseri-teshisi-bitirme/data/raw/HAM10000_images_part_1/ISIC_0027763.jpg,0
/Users/suleymanmini/Desktop/cilt kanseri/cilt-kanseri-teshisi-bitirme/data/raw/HAM10000_images_part_1/ISIC_0026314.jpg,1
/Users/suleymanmini/Desktop/cilt kanseri/cilt-kanseri-teshisi-bitirme/data/raw/HAM10000_images_part_1/ISIC_0026043.jpg,0
/Users/suleymanmini/Desktop/cilt kanseri/cilt-kanseri-teshisi-bitirme/data/raw/HAM10000_images_part_2/ISIC_0031226.jpg,0
/Users/suleymanmini/Desktop/cilt kanseri/cilt-kanseri-teshisi-bitirme/data/synthetic/generated_malign/synth_malign_00272.jpg,1
/Users/suleymanmini/Desktop/cilt kanseri/cilt-kanseri-teshisi-bitirme/data/raw/HAM10000_images_part_2/ISIC_0033688.jpg,0
/Users/suleymanmini/Desktop/cilt kanseri/cilt-kanseri-teshisi-bitirme/data/synthetic/generated_malign/synth_malign_00109.jpg,1
/Users/suleymanmini/Desktop/cilt kanseri/cilt-kanseri-teshisi-bitirme/data/raw/HAM10000_images_part_2/ISIC_0033029.jpg,1
/Users/suleymanmini/Desktop/cilt kanseri/cilt-kanseri-teshisi-bitirme/data/raw/HAM10000_images_part_2/ISIC_0030962.jpg,0
/Users/suleymanmini/Desktop/cilt kanseri/cilt-kanseri-teshisi-bitirme/data/raw/HAM10000_images_part_1/ISIC_0026181.jpg,0
/Users/suleymanmini/Desktop/cilt kanseri/cilt-kanseri-teshisi-bitirme/data/raw/HAM10000_images_part_1/ISIC_0027579.jpg,0
/Users/suleymanmini/Desktop/cilt kanseri/cilt-kanseri-teshisi-bitirme/data/raw/HAM10000_images_part_2/ISIC_0030715.jpg,0
/Users/suleymanmini/Desktop/cilt kanseri/cilt-kanseri-teshisi-bitirme/data/raw/HAM10000_images_part_1/ISIC_0025033.jpg,0
/Users/suleymanmini/Desktop/cilt kanseri/cilt-kanseri-teshisi-bitirme/data/raw/HAM10000_images_part_2/ISIC_0033356.jpg,0
/Users/suleymanmini/Desktop/cilt kanseri/cilt-kanseri-teshisi-bitirme/data/raw/HAM10000_images_part_2/ISIC_0033933.jpg,0
/Users/suleymanmini/Desktop/cilt kanseri/cilt-kanseri-teshisi-bitirme/data/raw/HAM10000_images_part_2/ISIC_0029624.jpg,0
/Users/suleymanmini/Desktop/cilt kanseri/cilt-kanseri-teshisi-bitirme/data/raw/HAM10000_images_part_2/ISIC_0033168.jpg,0
/Users/suleymanmini/Desktop/cilt kanseri/cilt-kanseri-teshisi-bitirme/data/raw/HAM10000_images_part_1/ISIC_0024765.jpg,0
/Users/suleymanmini/Desktop/cilt kanseri/cilt-kanseri-teshisi-bitirme/data/raw/HAM10000_images_part_2/ISIC_0033546.jpg,1
/Users/suleymanmini/Desktop/cilt kanseri/cilt-kanseri-teshisi-bitirme/data/raw/HAM10000_images_part_2/ISIC_0031420.jpg,0
/Users/suleymanmini/Desktop/cilt kanseri/cilt-kanseri-teshisi-bitirme/data/raw/HAM10000_images_part_2/ISIC_0030804.jpg,0
/Users/suleymanmini/Desktop/cilt kanseri/cilt-kanseri-teshisi-bitirme/data/raw/HAM10000_images_part_1/ISIC_0026238.jpg,0
/Users/suleymanmini/Desktop/cilt kanseri/cilt-kanseri-teshisi-bitirme/data/raw/HAM10000_images_part_2/ISIC_0032379.jpg,0
/Users/suleymanmini/Desktop/cilt kanseri/cilt-kanseri-teshisi-bitirme/data/raw/HAM10000_images_part_1/ISIC_0029258.jpg,0
/Users/suleymanmini/Desktop/cilt kanseri/cilt-kanseri-teshisi-bitirme/data/raw/HAM10000_images_part_1/ISIC_0024320.jpg,0
/Users/suleymanmini/Desktop/cilt kanseri/cilt-kanseri-teshisi-bitirme/data/raw/HAM10000_images_part_2/ISIC_0030857.jpg,0
/Users/suleymanmini/Desktop/cilt kanseri/cilt-kanseri-teshisi-bitirme/data/raw/HAM10000_images_part_2/ISIC_0032600.jpg,0
/Users/suleymanmini/Desktop/cilt kanseri/cilt-kanseri-teshisi-bitirme/data/raw/HAM10000_images_part_2/ISIC_0031517.jpg,1
/Users/suleymanmini/Desktop/cilt kanseri/cilt-kanseri-teshisi-bitirme/data/raw/HAM10000_images_part_1/ISIC_0028196.jpg,0
/Users/suleymanmini/Desktop/cilt kanseri/cilt-kanseri-teshisi-bitirme/data/synthetic/generated_malign/synth_malign_00928.jpg,1
/Users/suleymanmini/Desktop/cilt kanseri/cilt-kanseri-teshisi-bitirme/data/raw/HAM10000_images_part_1/ISIC_0025120.jpg,0
/Users/suleymanmini/Desktop/cilt kanseri/cilt-kanseri-teshisi-bitirme/data/raw/HAM10000_images_part_2/ISIC_0032249.jpg,0
/Users/suleymanmini/Desktop/cilt kanseri/cilt-kanseri-teshisi-bitirme/data/raw/HAM10000_images_part_2/ISIC_0031952.jpg,0
/Users/suleymanmini/Desktop/cilt kanseri/cilt-kanseri-teshisi-bitirme/data/synthetic/generated_malign/synth_malign_00830.jpg,1
/Users/suleymanmini/Desktop/cilt kanseri/cilt-kanseri-teshisi-bitirme/data/raw/HAM10000_images_part_2/ISIC_0032639.jpg,0
/Users/suleymanmini/Desktop/cilt kanseri/cilt-kanseri-teshisi-bitirme/data/raw/HAM10000_images_part_2/ISIC_0032303.jpg,0
/Users/suleymanmini/Desktop/cilt kanseri/cilt-kanseri-teshisi-bitirme/data/raw/HAM10000_images_part_1/ISIC_0024815.jpg,0
/Users/suleymanmini/Desktop/cilt kanseri/cilt-kanseri-teshisi-bitirme/data/raw/HAM10000_images_part_1/ISIC_0026944.jpg,0
/Users/suleymanmini/Desktop/cilt kanseri/cilt-kanseri-teshisi-bitirme/data/raw/HAM10000_images_part_1/ISIC_0028441.jpg,0
/Users/suleymanmini/Desktop/cilt kanseri/cilt-kanseri-teshisi-bitirme/data/raw/HAM10000_images_part_2/ISIC_0034200.jpg,0
/Users/suleymanmini/Desktop/cilt kanseri/cilt-kanseri-teshisi-bitirme/data/raw/HAM10000_images_part_2/ISIC_0031052.jpg,0
/Users/suleymanmini/Desktop/cilt kanseri/cilt-kanseri-teshisi-bitirme/data/raw/HAM10000_images_part_2/ISIC_0029862.jpg,0
/Users/suleymanmini/Desktop/cilt kanseri/cilt-kanseri-teshisi-bitirme/data/raw/HAM10000_images_part_1/ISIC_0028763.jpg,1
/Users/suleymanmini/Desktop/cilt kanseri/cilt-kanseri-teshisi-bitirme/data/raw/HAM10000_images_part_1/ISIC_0024997.jpg,0
/Users/suleymanmini/Desktop/cilt kanseri/cilt-kanseri-teshisi-bitirme/data/raw/HAM10000_images_part_2/ISIC_0032973.jpg,0
/Users/suleymanmini/Desktop/cilt kanseri/cilt-kanseri-teshisi-bitirme/data/raw/HAM10000_images_part_2/ISIC_0030391.jpg,1
/Users/suleymanmini/Desktop/cilt kanseri/cilt-kanseri-teshisi-bitirme/data/raw/HAM10000_images_part_1/ISIC_0025878.jpg,0
/Users/suleymanmini/Desktop/cilt kanseri/cilt-kanseri-teshisi-bitirme/data/raw/HAM10000_images_part_1/ISIC_0027769.jpg,1
/Users/suleymanmini/Desktop/cilt kanseri/cilt-kanseri-teshisi-bitirme/data/raw/HAM10000_images_part_2/ISIC_0031077.jpg,1
/Users/suleymanmini/Desktop/cilt kanseri/cilt-kanseri-teshisi-bitirme/data/raw/HAM10000_images_part_1/ISIC_0027847.jpg,0
/Users/suleymanmini/Desktop/cilt kanseri/cilt-kanseri-teshisi-bitirme/data/raw/HAM10000_images_part_1/ISIC_0028012.jpg,0
/Users/suleymanmini/Desktop/cilt kanseri/cilt-kanseri-teshisi-bitirme/data/raw/HAM10000_images_part_2/ISIC_0029732.jpg,0
/Users/suleymanmini/Desktop/cilt kanseri/cilt-kanseri-teshisi-bitirme/data/raw/HAM10000_images_part_2/ISIC_0034281.jpg,0
/Users/suleymanmini/Desktop/cilt kanseri/cilt-kanseri-teshisi-bitirme/data/raw/HAM10000_images_part_2/ISIC_0034024.jpg,0
/Users/suleymanmini/Desktop/cilt kanseri/cilt-kanseri-teshisi-bitirme/data/raw/HAM10000_images_part_1/ISIC_0027179.jpg,1
/Users/suleymanmini/Desktop/cilt kanseri/cilt-kanseri-teshisi-bitirme/data/raw/HAM10000_images_part_1/ISIC_0027385.jpg,0
/Users/suleymanmini/Desktop/cilt kanseri/cilt-kanseri-teshisi-bitirme/data/raw/HAM10000_images_part_2/ISIC_0030434.jpg,0
/Users/suleymanmini/Desktop/cilt kanseri/cilt-kanseri-teshisi-bitirme/data/raw/HAM10000_images_part_1/ISIC_0027711.jpg,0
/Users/suleymanmini/Desktop/cilt kanseri/cilt-kanseri-teshisi-bitirme/data/raw/HAM10000_images_part_1/ISIC_0024412.jpg,0
/Users/suleymanmini/Desktop/cilt kanseri/cilt-kanseri-teshisi-bitirme/data/raw/HAM10000_images_part_1/ISIC_0024844.jpg,0
/Users/suleymanmini/Desktop/cilt kanseri/cilt-kanseri-teshisi-bitirme/data/synthetic/generated_malign/synth_malign_00919.jpg,1
/Users/suleymanmini/Desktop/cilt kanseri/cilt-kanseri-teshisi-bitirme/data/raw/HAM10000_images_part_2/ISIC_0029401.jpg,0
/Users/suleymanmini/Desktop/cilt kanseri/cilt-kanseri-teshisi-bitirme/data/raw/HAM10000_images_part_2/ISIC_0033984.jpg,0
/Users/suleymanmini/Desktop/cilt kanseri/cilt-kanseri-teshisi-bitirme/data/raw/HAM10000_images_part_1/ISIC_0025770.jpg,0
/Users/suleymanmini/Desktop/cilt kanseri/cilt-kanseri-teshisi-bitirme/data/raw/HAM10000_images_part_1/ISIC_0026166.jpg,0
/Users/suleymanmini/Desktop/cilt kanseri/cilt-kanseri-teshisi-bitirme/data/raw/HAM10000_images_part_1/ISIC_0028162.jpg,0
/Users/suleymanmini/Desktop/cilt kanseri/cilt-kanseri-teshisi-bitirme/data/raw/HAM10000_images_part_1/ISIC_0029214.jpg,0
/Users/suleymanmini/Desktop/cilt kanseri/cilt-kanseri-teshisi-bitirme/data/raw/HAM10000_images_part_1/ISIC_0027020.jpg,0
/Users/suleymanmini/Desktop/cilt kanseri/cilt-kanseri-teshisi-bitirme/data/raw/HAM10000_images_part_2/ISIC_0030558.jpg,0
/Users/suleymanmini/Desktop/cilt kanseri/cilt-kanseri-teshisi-bitirme/data/raw/HAM10000_images_part_2/ISIC_0033164.jpg,0
/Users/suleymanmini/Desktop/cilt kanseri/cilt-kanseri-teshisi-bitirme/data/synthetic/generated_malign/synth_malign_00330.jpg,1
/Users/suleymanmini/Desktop/cilt kanseri/cilt-kanseri-teshisi-bitirme/data/synthetic/generated_malign/synth_malign_00414.jpg,1
/Users/suleymanmini/Desktop/cilt kanseri/cilt-kanseri-teshisi-bitirme/data/synthetic/generated_malign/synth_malign_00332.jpg,1
/Users/suleymanmini/Desktop/cilt kanseri/cilt-kanseri-teshisi-bitirme/data/synthetic/generated_malign/synth_malign_00359.jpg,1
/Users/suleymanmini/Desktop/cilt kanseri/cilt-kanseri-teshisi-bitirme/data/synthetic/generated_malign/synth_malign_00903.jpg,1
/Users/suleymanmini/Desktop/cilt kanseri/cilt-kanseri-teshisi-bitirme/data/raw/HAM10000_images_part_1/ISIC_0025924.jpg,0
/Users/suleymanmini/Desktop/cilt kanseri/cilt-kanseri-teshisi-bitirme/data/synthetic/generated_malign/synth_malign_00213.jpg,1
/Users/suleymanmini/Desktop/cilt kanseri/cilt-kanseri-teshisi-bitirme/data/raw/HAM10000_images_part_2/ISIC_0032684.jpg,1
/Users/suleymanmini/Desktop/cilt kanseri/cilt-kanseri-teshisi-bitirme/data/raw/HAM10000_images_part_1/ISIC_0027166.jpg,0
/Users/suleymanmini/Desktop/cilt kanseri/cilt-kanseri-teshisi-bitirme/data/raw/HAM10000_images_part_2/ISIC_0032908.jpg,0
/Users/suleymanmini/Desktop/cilt kanseri/cilt-kanseri-teshisi-bitirme/data/raw/HAM10000_images_part_2/ISIC_0029759.jpg,0
/Users/suleymanmini/Desktop/cilt kanseri/cilt-kanseri-teshisi-bitirme/data/raw/HAM10000_images_part_1/ISIC_0026870.jpg,1
/Users/suleymanmini/Desktop/cilt kanseri/cilt-kanseri-teshisi-bitirme/data/raw/HAM10000_images_part_1/ISIC_0028389.jpg,0
/Users/suleymanmini/Desktop/cilt kanseri/cilt-kanseri-teshisi-bitirme/data/raw/HAM10000_images_part_2/ISIC_0032893.jpg,0
/Users/suleymanmini/Desktop/cilt kanseri/cilt-kanseri-teshisi-bitirme/data/raw/HAM10000_images_part_1/ISIC_0025576.jpg,1
/Users/suleymanmini/Desktop/cilt kanseri/cilt-kanseri-teshisi-bitirme/data/raw/HAM10000_images_part_1/ISIC_0028600.jpg,0
/Users/suleymanmini/Desktop/cilt kanseri/cilt-kanseri-teshisi-bitirme/data/raw/HAM10000_images_part_2/ISIC_0030066.jpg,0
/Users/suleymanmini/Desktop/cilt kanseri/cilt-kanseri-teshisi-bitirme/data/raw/HAM10000_images_part_2/ISIC_0033550.jpg,1
/Users/suleymanmini/Desktop/cilt kanseri/cilt-kanseri-teshisi-bitirme/data/synthetic/generated_malign/synth_malign_00949.jpg,1
/Users/suleymanmini/Desktop/cilt kanseri/cilt-kanseri-teshisi-bitirme/data/raw/HAM10000_images_part_2/ISIC_0030882.jpg,0
/Users/suleymanmini/Desktop/cilt kanseri/cilt-kanseri-teshisi-bitirme/data/raw/HAM10000_images_part_2/ISIC_0033894.jpg,0
/Users/suleymanmini/Desktop/cilt kanseri/cilt-kanseri-teshisi-bitirme/data/raw/HAM10000_images_part_1/ISIC_0025952.jpg,0
/Users/suleymanmini/Desktop/cilt kanseri/cilt-kanseri-teshisi-bitirme/data/raw/HAM10000_images_part_2/ISIC_0031113.jpg,0
/Users/suleymanmini/Desktop/cilt kanseri/cilt-kanseri-teshisi-bitirme/data/raw/HAM10000_images_part_1/ISIC_0025418.jpg,0
/Users/suleymanmini/Desktop/cilt kanseri/cilt-kanseri-teshisi-bitirme/data/raw/HAM10000_images_part_1/ISIC_0025719.jpg,0
/Users/suleymanmini/Desktop/cilt kanseri/cilt-kanseri-teshisi-bitirme/data/raw/HAM10000_images_part_1/ISIC_0028168.jpg,1
/Users/suleymanmini/Desktop/cilt kanseri/cilt-kanseri-teshisi-bitirme/data/synthetic/generated_malign/synth_malign_00613.jpg,1
/Users/suleymanmini/Desktop/cilt kanseri/cilt-kanseri-teshisi-bitirme/data/raw/HAM10000_images_part_1/ISIC_0024763.jpg,1
/Users/suleymanmini/Desktop/cilt kanseri/cilt-kanseri-teshisi-bitirme/data/synthetic/generated_malign/synth_malign_00570.jpg,1
/Users/suleymanmini/Desktop/cilt kanseri/cilt-kanseri-teshisi-bitirme/data/raw/HAM10000_images_part_1/ISIC_0027410.jpg,0
/Users/suleymanmini/Desktop/cilt kanseri/cilt-kanseri-teshisi-bitirme/data/raw/HAM10000_images_part_2/ISIC_0034259.jpg,0
/Users/suleymanmini/Desktop/cilt kanseri/cilt-kanseri-teshisi-bitirme/data/raw/HAM10000_images_part_2/ISIC_0030473.jpg,0
/Users/suleymanmini/Desktop/cilt kanseri/cilt-kanseri-teshisi-bitirme/data/raw/HAM10000_images_part_2/ISIC_0031712.jpg,1
/Users/suleymanmini/Desktop/cilt kanseri/cilt-kanseri-teshisi-bitirme/data/synthetic/generated_malign/synth_malign_00894.jpg,1
/Users/suleymanmini/Desktop/cilt kanseri/cilt-kanseri-teshisi-bitirme/data/raw/HAM10000_images_part_2/ISIC_0034077.jpg,0
/Users/suleymanmini/Desktop/cilt kanseri/cilt-kanseri-teshisi-bitirme/data/raw/HAM10000_images_part_1/ISIC_0028753.jpg,0
/Users/suleymanmini/Desktop/cilt kanseri/cilt-kanseri-teshisi-bitirme/data/raw/HAM10000_images_part_1/ISIC_0029045.jpg,0
/Users/suleymanmini/Desktop/cilt kanseri/cilt-kanseri-teshisi-bitirme/data/raw/HAM10000_images_part_1/ISIC_0028242.jpg,0
/Users/suleymanmini/Desktop/cilt kanseri/cilt-kanseri-teshisi-bitirme/data/raw/HAM10000_images_part_2/ISIC_0030475.jpg,0
/Users/suleymanmini/Desktop/cilt kanseri/cilt-kanseri-teshisi-bitirme/data/raw/HAM10000_images_part_2/ISIC_0033590.jpg,0
/Users/suleymanmini/Desktop/cilt kanseri/cilt-kanseri-teshisi-bitirme/data/synthetic/generated_malign/synth_malign_00284.jpg,1
/Users/suleymanmini/Desktop/cilt kanseri/cilt-kanseri-teshisi-bitirme/data/raw/HAM10000_images_part_2/ISIC_0032096.jpg,0
/Users/suleymanmini/Desktop/cilt kanseri/cilt-kanseri-teshisi-bitirme/data/raw/HAM10000_images_part_2/ISIC_0033189.jpg,0
/Users/suleymanmini/Desktop/cilt kanseri/cilt-kanseri-teshisi-bitirme/data/raw/HAM10000_images_part_2/ISIC_0033378.jpg,0
/Users/suleymanmini/Desktop/cilt kanseri/cilt-kanseri-teshisi-bitirme/data/raw/HAM10000_images_part_1/ISIC_0027645.jpg,0
/Users/suleymanmini/Desktop/cilt kanseri/cilt-kanseri-teshisi-bitirme/data/synthetic/generated_malign/synth_malign_00596.jpg,1
/Users/suleymanmini/Desktop/cilt kanseri/cilt-kanseri-teshisi-bitirme/data/raw/HAM10000_images_part_1/ISIC_0024954.jpg,0
/Users/suleymanmini/Desktop/cilt kanseri/cilt-kanseri-teshisi-bitirme/data/raw/HAM10000_images_part_2/ISIC_0032943.jpg,0
/Users/suleymanmini/Desktop/cilt kanseri/cilt-kanseri-teshisi-bitirme/data/raw/HAM10000_images_part_2/ISIC_0034282.jpg,0
/Users/suleymanmini/Desktop/cilt kanseri/cilt-kanseri-teshisi-bitirme/data/synthetic/generated_malign/synth_malign_00099.jpg,1
/Users/suleymanmini/Desktop/cilt kanseri/cilt-kanseri-teshisi-bitirme/data/synthetic/generated_malign/synth_malign_00840.jpg,1
/Users/suleymanmini/Desktop/cilt kanseri/cilt-kanseri-teshisi-bitirme/data/raw/HAM10000_images_part_2/ISIC_0030142.jpg,1
/Users/suleymanmini/Desktop/cilt kanseri/cilt-kanseri-teshisi-bitirme/data/raw/HAM10000_images_part_1/ISIC_0024915.jpg,0
/Users/suleymanmini/Desktop/cilt kanseri/cilt-kanseri-teshisi-bitirme/data/raw/HAM10000_images_part_2/ISIC_0033833.jpg,0
/Users/suleymanmini/Desktop/cilt kanseri/cilt-kanseri-teshisi-bitirme/data/raw/HAM10000_images_part_2/ISIC_0032880.jpg,0
/Users/suleymanmini/Desktop/cilt kanseri/cilt-kanseri-teshisi-bitirme/data/raw/HAM10000_images_part_2/ISIC_0030009.jpg,0
/Users/suleymanmini/Desktop/cilt kanseri/cilt-kanseri-teshisi-bitirme/data/synthetic/generated_malign/synth_malign_00006.jpg,1
/Users/suleymanmini/Desktop/cilt kanseri/cilt-kanseri-teshisi-bitirme/data/raw/HAM10000_images_part_1/ISIC_0024607.jpg,0
/Users/suleymanmini/Desktop/cilt kanseri/cilt-kanseri-teshisi-bitirme/data/raw/HAM10000_images_part_1/ISIC_0028820.jpg,1
/Users/suleymanmini/Desktop/cilt kanseri/cilt-kanseri-teshisi-bitirme/data/raw/HAM10000_images_part_2/ISIC_0033988.jpg,0
/Users/suleymanmini/Desktop/cilt kanseri/cilt-kanseri-teshisi-bitirme/data/raw/HAM10000_images_part_1/ISIC_0027037.jpg,0
/Users/suleymanmini/Desktop/cilt kanseri/cilt-kanseri-teshisi-bitirme/data/synthetic/generated_malign/synth_malign_00134.jpg,1
/Users/suleymanmini/Desktop/cilt kanseri/cilt-kanseri-teshisi-bitirme/data/raw/HAM10000_images_part_1/ISIC_0026461.jpg,0
/Users/suleymanmini/Desktop/cilt kanseri/cilt-kanseri-teshisi-bitirme/data/raw/HAM10000_images_part_2/ISIC_0030670.jpg,0
/Users/suleymanmini/Desktop/cilt kanseri/cilt-kanseri-teshisi-bitirme/data/synthetic/generated_malign/synth_malign_00149.jpg,1
/Users/suleymanmini/Desktop/cilt kanseri/cilt-kanseri-teshisi-bitirme/data/raw/HAM10000_images_part_2/ISIC_0034000.jpg,1
/Users/suleymanmini/Desktop/cilt kanseri/cilt-kanseri-teshisi-bitirme/data/raw/HAM10000_images_part_1/ISIC_0024652.jpg,1
/Users/suleymanmini/Desktop/cilt kanseri/cilt-kanseri-teshisi-bitirme/data/raw/HAM10000_images_part_2/ISIC_0033327.jpg,0
/Users/suleymanmini/Desktop/cilt kanseri/cilt-kanseri-teshisi-bitirme/data/raw/HAM10000_images_part_2/ISIC_0030937.jpg,0
/Users/suleymanmini/Desktop/cilt kanseri/cilt-kanseri-teshisi-bitirme/data/raw/HAM10000_images_part_1/ISIC_0024456.jpg,0
/Users/suleymanmini/Desktop/cilt kanseri/cilt-kanseri-teshisi-bitirme/data/raw/HAM10000_images_part_2/ISIC_0033702.jpg,0
/Users/suleymanmini/Desktop/cilt kanseri/cilt-kanseri-teshisi-bitirme/data/synthetic/generated_malign/synth_malign_00779.jpg,1
/Users/suleymanmini/Desktop/cilt kanseri/cilt-kanseri-teshisi-bitirme/data/raw/HAM10000_images_part_1/ISIC_0027199.jpg,0
/Users/suleymanmini/Desktop/cilt kanseri/cilt-kanseri-teshisi-bitirme/data/raw/HAM10000_images_part_1/ISIC_0026448.jpg,0
/Users/suleymanmini/Desktop/cilt kanseri/cilt-kanseri-teshisi-bitirme/data/raw/HAM10000_images_part_1/ISIC_0025430.jpg,0
/Users/suleymanmini/Desktop/cilt kanseri/cilt-kanseri-teshisi-bitirme/data/raw/HAM10000_images_part_1/ISIC_0028845.jpg,0
/Users/suleymanmini/Desktop/cilt kanseri/cilt-kanseri-teshisi-bitirme/data/raw/HAM10000_images_part_2/ISIC_0034159.jpg,1
/Users/suleymanmini/Desktop/cilt kanseri/cilt-kanseri-teshisi-bitirme/data/raw/HAM10000_images_part_1/ISIC_0025516.jpg,0
/Users/suleymanmini/Desktop/cilt kanseri/cilt-kanseri-teshisi-bitirme/data/raw/HAM10000_images_part_1/ISIC_0025258.jpg,0
/Users/suleymanmini/Desktop/cilt kanseri/cilt-kanseri-teshisi-bitirme/data/raw/HAM10000_images_part_2/ISIC_0032006.jpg,0
/Users/suleymanmini/Desktop/cilt kanseri/cilt-kanseri-teshisi-bitirme/data/raw/HAM10000_images_part_1/ISIC_0026987.jpg,0
/Users/suleymanmini/Desktop/cilt kanseri/cilt-kanseri-teshisi-bitirme/data/raw/HAM10000_images_part_1/ISIC_0025823.jpg,0
/Users/suleymanmini/Desktop/cilt kanseri/cilt-kanseri-teshisi-bitirme/data/raw/HAM10000_images_part_2/ISIC_0034315.jpg,0
/Users/suleymanmini/Desktop/cilt kanseri/cilt-kanseri-teshisi-bitirme/data/raw/HAM10000_images_part_2/ISIC_0032400.jpg,1
/Users/suleymanmini/Desktop/cilt kanseri/cilt-kanseri-teshisi-bitirme/data/raw/HAM10000_images_part_1/ISIC_0026729.jpg,1
/Users/suleymanmini/Desktop/cilt kanseri/cilt-kanseri-teshisi-bitirme/data/raw/HAM10000_images_part_1/ISIC_0028984.jpg,1
/Users/suleymanmini/Desktop/cilt kanseri/cilt-kanseri-teshisi-bitirme/data/raw/HAM10000_images_part_2/ISIC_0029384.jpg,0
/Users/suleymanmini/Desktop/cilt kanseri/cilt-kanseri-teshisi-bitirme/data/raw/HAM10000_images_part_2/ISIC_0032878.jpg,0
/Users/suleymanmini/Desktop/cilt kanseri/cilt-kanseri-teshisi-bitirme/data/raw/HAM10000_images_part_1/ISIC_0026226.jpg,0
/Users/suleymanmini/Desktop/cilt kanseri/cilt-kanseri-teshisi-bitirme/data/raw/HAM10000_images_part_1/ISIC_0027786.jpg,1
/Users/suleymanmini/Desktop/cilt kanseri/cilt-kanseri-teshisi-bitirme/data/raw/HAM10000_images_part_2/ISIC_0032381.jpg,0
/Users/suleymanmini/Desktop/cilt kanseri/cilt-kanseri-teshisi-bitirme/data/raw/HAM10000_images_part_2/ISIC_0029461.jpg,0
/Users/suleymanmini/Desktop/cilt kanseri/cilt-kanseri-teshisi-bitirme/data/raw/HAM10000_images_part_1/ISIC_0024382.jpg,0
/Users/suleymanmini/Desktop/cilt kanseri/cilt-kanseri-teshisi-bitirme/data/raw/HAM10000_images_part_1/ISIC_0029085.jpg,0
/Users/suleymanmini/Desktop/cilt kanseri/cilt-kanseri-teshisi-bitirme/data/raw/HAM10000_images_part_1/ISIC_0028484.jpg,0
/Users/suleymanmini/Desktop/cilt kanseri/cilt-kanseri-teshisi-bitirme/data/raw/HAM10000_images_part_1/ISIC_0025121.jpg,1
/Users/suleymanmini/Desktop/cilt kanseri/cilt-kanseri-teshisi-bitirme/data/synthetic/generated_malign/synth_malign_00350.jpg,1
/Users/suleymanmini/Desktop/cilt kanseri/cilt-kanseri-teshisi-bitirme/data/raw/HAM10000_images_part_2/ISIC_0029480.jpg,1
/Users/suleymanmini/Desktop/cilt kanseri/cilt-kanseri-teshisi-bitirme/data/raw/HAM10000_images_part_2/ISIC_0029803.jpg,0
/Users/suleymanmini/Desktop/cilt kanseri/cilt-kanseri-teshisi-bitirme/data/raw/HAM10000_images_part_2/ISIC_0033657.jpg,0
/Users/suleymanmini/Desktop/cilt kanseri/cilt-kanseri-teshisi-bitirme/data/raw/HAM10000_images_part_2/ISIC_0031285.jpg,0
/Users/suleymanmini/Desktop/cilt kanseri/cilt-kanseri-teshisi-bitirme/data/raw/HAM10000_images_part_2/ISIC_0030985.jpg,0
/Users/suleymanmini/Desktop/cilt kanseri/cilt-kanseri-teshisi-bitirme/data/raw/HAM10000_images_part_2/ISIC_0032124.jpg,0
/Users/suleymanmini/Desktop/cilt kanseri/cilt-kanseri-teshisi-bitirme/data/raw/HAM10000_images_part_2/ISIC_0030829.jpg,0
/Users/suleymanmini/Desktop/cilt kanseri/cilt-kanseri-teshisi-bitirme/data/raw/HAM10000_images_part_2/ISIC_0033531.jpg,0
/Users/suleymanmini/Desktop/cilt kanseri/cilt-kanseri-teshisi-bitirme/data/raw/HAM10000_images_part_1/ISIC_0026643.jpg,1
/Users/suleymanmini/Desktop/cilt kanseri/cilt-kanseri-teshisi-bitirme/data/raw/HAM10000_images_part_1/ISIC_0025631.jpg,0
/Users/suleymanmini/Desktop/cilt kanseri/cilt-kanseri-teshisi-bitirme/data/synthetic/generated_malign/synth_malign_00945.jpg,1
/Users/suleymanmini/Desktop/cilt kanseri/cilt-kanseri-teshisi-bitirme/data/raw/HAM10000_images_part_1/ISIC_0027476.jpg,0
/Users/suleymanmini/Desktop/cilt kanseri/cilt-kanseri-teshisi-bitirme/data/raw/HAM10000_images_part_1/ISIC_0025379.jpg,0
/Users/suleymanmini/Desktop/cilt kanseri/cilt-kanseri-teshisi-bitirme/data/raw/HAM10000_images_part_1/ISIC_0024581.jpg,0
/Users/suleymanmini/Desktop/cilt kanseri/cilt-kanseri-teshisi-bitirme/data/synthetic/generated_malign/synth_malign_00992.jpg,1
/Users/suleymanmini/Desktop/cilt kanseri/cilt-kanseri-teshisi-bitirme/data/raw/HAM10000_images_part_2/ISIC_0034299.jpg,1
/Users/suleymanmini/Desktop/cilt kanseri/cilt-kanseri-teshisi-bitirme/data/raw/HAM10000_images_part_1/ISIC_0029153.jpg,0
/Users/suleymanmini/Desktop/cilt kanseri/cilt-kanseri-teshisi-bitirme/data/raw/HAM10000_images_part_1/ISIC_0025957.jpg,1
/Users/suleymanmini/Desktop/cilt kanseri/cilt-kanseri-teshisi-bitirme/data/raw/HAM10000_images_part_1/ISIC_0025666.jpg,0
/Users/suleymanmini/Desktop/cilt kanseri/cilt-kanseri-teshisi-bitirme/data/raw/HAM10000_images_part_2/ISIC_0029686.jpg,0
/Users/suleymanmini/Desktop/cilt kanseri/cilt-kanseri-teshisi-bitirme/data/raw/HAM10000_images_part_2/ISIC_0034156.jpg,0
/Users/suleymanmini/Desktop/cilt kanseri/cilt-kanseri-teshisi-bitirme/data/raw/HAM10000_images_part_1/ISIC_0025229.jpg,0
/Users/suleymanmini/Desktop/cilt kanseri/cilt-kanseri-teshisi-bitirme/data/raw/HAM10000_images_part_1/ISIC_0029215.jpg,0
/Users/suleymanmini/Desktop/cilt kanseri/cilt-kanseri-teshisi-bitirme/data/raw/HAM10000_images_part_2/ISIC_0033066.jpg,0
/Users/suleymanmini/Desktop/cilt kanseri/cilt-kanseri-teshisi-bitirme/data/raw/HAM10000_images_part_2/ISIC_0031777.jpg,0
/Users/suleymanmini/Desktop/cilt kanseri/cilt-kanseri-teshisi-bitirme/data/raw/HAM10000_images_part_1/ISIC_0029152.jpg,0
/Users/suleymanmini/Desktop/cilt kanseri/cilt-kanseri-teshisi-bitirme/data/raw/HAM10000_images_part_2/ISIC_0029358.jpg,0
/Users/suleymanmini/Desktop/cilt kanseri/cilt-kanseri-teshisi-bitirme/data/raw/HAM10000_images_part_1/ISIC_0028024.jpg,0
/Users/suleymanmini/Desktop/cilt kanseri/cilt-kanseri-teshisi-bitirme/data/raw/HAM10000_images_part_2/ISIC_0032169.jpg,0
/Users/suleymanmini/Desktop/cilt kanseri/cilt-kanseri-teshisi-bitirme/data/synthetic/generated_malign/synth_malign_00957.jpg,1
/Users/suleymanmini/Desktop/cilt kanseri/cilt-kanseri-teshisi-bitirme/data/synthetic/generated_malign/synth_malign_00032.jpg,1
/Users/suleymanmini/Desktop/cilt kanseri/cilt-kanseri-teshisi-bitirme/data/raw/HAM10000_images_part_1/ISIC_0029140.jpg,0
/Users/suleymanmini/Desktop/cilt kanseri/cilt-kanseri-teshisi-bitirme/data/synthetic/generated_malign/synth_malign_00851.jpg,1
/Users/suleymanmini/Desktop/cilt kanseri/cilt-kanseri-teshisi-bitirme/data/raw/HAM10000_images_part_1/ISIC_0027460.jpg,0
/Users/suleymanmini/Desktop/cilt kanseri/cilt-kanseri-teshisi-bitirme/data/raw/HAM10000_images_part_2/ISIC_0032914.jpg,0
/Users/suleymanmini/Desktop/cilt kanseri/cilt-kanseri-teshisi-bitirme/data/raw/HAM10000_images_part_1/ISIC_0027530.jpg,0
/Users/suleymanmini/Desktop/cilt kanseri/cilt-kanseri-teshisi-bitirme/data/raw/HAM10000_images_part_1/ISIC_0025132.jpg,1
/Users/suleymanmini/Desktop/cilt kanseri/cilt-kanseri-teshisi-bitirme/data/raw/HAM10000_images_part_1/ISIC_0027333.jpg,0
/Users/suleymanmini/Desktop/cilt kanseri/cilt-kanseri-teshisi-bitirme/data/raw/HAM10000_images_part_2/ISIC_0030647.jpg,0
/Users/suleymanmini/Desktop/cilt kanseri/cilt-kanseri-teshisi-bitirme/data/raw/HAM10000_images_part_1/ISIC_0024386.jpg,0
/Users/suleymanmini/Desktop/cilt kanseri/cilt-kanseri-teshisi-bitirme/data/raw/HAM10000_images_part_1/ISIC_0026624.jpg,0
/Users/suleymanmini/Desktop/cilt kanseri/cilt-kanseri-teshisi-bitirme/data/raw/HAM10000_images_part_1/ISIC_0025676.jpg,0
/Users/suleymanmini/Desktop/cilt kanseri/cilt-kanseri-teshisi-bitirme/data/raw/HAM10000_images_part_2/ISIC_0033906.jpg,0
/Users/suleymanmini/Desktop/cilt kanseri/cilt-kanseri-teshisi-bitirme/data/raw/HAM10000_images_part_2/ISIC_0029475.jpg,0
/Users/suleymanmini/Desktop/cilt kanseri/cilt-kanseri-teshisi-bitirme/data/raw/HAM10000_images_part_1/ISIC_0028809.jpg,0
/Users/suleymanmini/Desktop/cilt kanseri/cilt-kanseri-teshisi-bitirme/data/raw/HAM10000_images_part_1/ISIC_0026783.jpg,0
/Users/suleymanmini/Desktop/cilt kanseri/cilt-kanseri-teshisi-bitirme/data/raw/HAM10000_images_part_2/ISIC_0033362.jpg,1
/Users/suleymanmini/Desktop/cilt kanseri/cilt-kanseri-teshisi-bitirme/data/raw/HAM10000_images_part_1/ISIC_0025431.jpg,0
/Users/suleymanmini/Desktop/cilt kanseri/cilt-kanseri-teshisi-bitirme/data/raw/HAM10000_images_part_1/ISIC_0027862.jpg,0
/Users/suleymanmini/Desktop/cilt kanseri/cilt-kanseri-teshisi-bitirme/data/raw/HAM10000_images_part_1/ISIC_0028679.jpg,0
/Users/suleymanmini/Desktop/cilt kanseri/cilt-kanseri-teshisi-bitirme/data/raw/HAM10000_images_part_1/ISIC_0028899.jpg,1
/Users/suleymanmini/Desktop/cilt kanseri/cilt-kanseri-teshisi-bitirme/data/raw/HAM10000_images_part_1/ISIC_0028451.jpg,0
/Users/suleymanmini/Desktop/cilt kanseri/cilt-kanseri-teshisi-bitirme/data/synthetic/generated_malign/synth_malign_00114.jpg,1
/Users/suleymanmini/Desktop/cilt kanseri/cilt-kanseri-teshisi-bitirme/data/raw/HAM10000_images_part_1/ISIC_0027704.jpg,1
/Users/suleymanmini/Desktop/cilt kanseri/cilt-kanseri-teshisi-bitirme/data/raw/HAM10000_images_part_1/ISIC_0026143.jpg,0
/Users/suleymanmini/Desktop/cilt kanseri/cilt-kanseri-teshisi-bitirme/data/raw/HAM10000_images_part_2/ISIC_0031653.jpg,0
/Users/suleymanmini/Desktop/cilt kanseri/cilt-kanseri-teshisi-bitirme/data/raw/HAM10000_images_part_2/ISIC_0030540.jpg,0
/Users/suleymanmini/Desktop/cilt kanseri/cilt-kanseri-teshisi-bitirme/data/raw/HAM10000_images_part_2/ISIC_0033639.jpg,0
/Users/suleymanmini/Desktop/cilt kanseri/cilt-kanseri-teshisi-bitirme/data/raw/HAM10000_images_part_1/ISIC_0027316.jpg,0
/Users/suleymanmini/Desktop/cilt kanseri/cilt-kanseri-teshisi-bitirme/data/raw/HAM10000_images_part_2/ISIC_0033203.jpg,1
/Users/suleymanmini/Desktop/cilt kanseri/cilt-kanseri-teshisi-bitirme/data/raw/HAM10000_images_part_2/ISIC_0032316.jpg,1
/Users/suleymanmini/Desktop/cilt kanseri/cilt-kanseri-teshisi-bitirme/data/raw/HAM10000_images_part_2/ISIC_0032474.jpg,0
/Users/suleymanmini/Desktop/cilt kanseri/cilt-kanseri-teshisi-bitirme/data/synthetic/generated_malign/synth_malign_00310.jpg,1
/Users/suleymanmini/Desktop/cilt kanseri/cilt-kanseri-teshisi-bitirme/data/synthetic/generated_malign/synth_malign_00496.jpg,1
/Users/suleymanmini/Desktop/cilt kanseri/cilt-kanseri-teshisi-bitirme/data/raw/HAM10000_images_part_1/ISIC_0025993.jpg,0
/Users/suleymanmini/Desktop/cilt kanseri/cilt-kanseri-teshisi-bitirme/data/raw/HAM10000_images_part_2/ISIC_0032886.jpg,0
/Users/suleymanmini/Desktop/cilt kanseri/cilt-kanseri-teshisi-bitirme/data/raw/HAM10000_images_part_2/ISIC_0031623.jpg,0
/Users/suleymanmini/Desktop/cilt kanseri/cilt-kanseri-teshisi-bitirme/data/raw/HAM10000_images_part_1/ISIC_0026744.jpg,0
/Users/suleymanmini/Desktop/cilt kanseri/cilt-kanseri-teshisi-bitirme/data/raw/HAM10000_images_part_2/ISIC_0030414.jpg,0
/Users/suleymanmini/Desktop/cilt kanseri/cilt-kanseri-teshisi-bitirme/data/raw/HAM10000_images_part_2/ISIC_0032046.jpg,1
/Users/suleymanmini/Desktop/cilt kanseri/cilt-kanseri-teshisi-bitirme/data/raw/HAM10000_images_part_1/ISIC_0026722.jpg,0
/Users/suleymanmini/Desktop/cilt kanseri/cilt-kanseri-teshisi-bitirme/data/raw/HAM10000_images_part_2/ISIC_0034296.jpg,0
/Users/suleymanmini/Desktop/cilt kanseri/cilt-kanseri-teshisi-bitirme/data/raw/HAM10000_images_part_2/ISIC_0031393.jpg,0
/Users/suleymanmini/Desktop/cilt kanseri/cilt-kanseri-teshisi-bitirme/data/raw/HAM10000_images_part_1/ISIC_0027753.jpg,1
/Users/suleymanmini/Desktop/cilt kanseri/cilt-kanseri-teshisi-bitirme/data/raw/HAM10000_images_part_2/ISIC_0029717.jpg,0
/Users/suleymanmini/Desktop/cilt kanseri/cilt-kanseri-teshisi-bitirme/data/raw/HAM10000_images_part_2/ISIC_0030092.jpg,0
/Users/suleymanmini/Desktop/cilt kanseri/cilt-kanseri-teshisi-bitirme/data/raw/HAM10000_images_part_1/ISIC_0027695.jpg,0
/Users/suleymanmini/Desktop/cilt kanseri/cilt-kanseri-teshisi-bitirme/data/raw/HAM10000_images_part_1/ISIC_0027511.jpg,0
/Users/suleymanmini/Desktop/cilt kanseri/cilt-kanseri-teshisi-bitirme/data/raw/HAM10000_images_part_2/ISIC_0029448.jpg,0
/Users/suleymanmini/Desktop/cilt kanseri/cilt-kanseri-teshisi-bitirme/data/raw/HAM10000_images_part_2/ISIC_0031591.jpg,0
/Users/suleymanmini/Desktop/cilt kanseri/cilt-kanseri-teshisi-bitirme/data/raw/HAM10000_images_part_1/ISIC_0026020.jpg,0
/Users/suleymanmini/Desktop/cilt kanseri/cilt-kanseri-teshisi-bitirme/data/raw/HAM10000_images_part_1/ISIC_0027004.jpg,1
/Users/suleymanmini/Desktop/cilt kanseri/cilt-kanseri-teshisi-bitirme/data/synthetic/generated_malign/synth_malign_00270.jpg,1
/Users/suleymanmini/Desktop/cilt kanseri/cilt-kanseri-teshisi-bitirme/data/raw/HAM10000_images_part_1/ISIC_0026795.jpg,0
/Users/suleymanmini/Desktop/cilt kanseri/cilt-kanseri-teshisi-bitirme/data/raw/HAM10000_images_part_2/ISIC_0031336.jpg,0
/Users/suleymanmini/Desktop/cilt kanseri/cilt-kanseri-teshisi-bitirme/data/raw/HAM10000_images_part_1/ISIC_0028179.jpg,0
/Users/suleymanmini/Desktop/cilt kanseri/cilt-kanseri-teshisi-bitirme/data/raw/HAM10000_images_part_2/ISIC_0033844.jpg,0
/Users/suleymanmini/Desktop/cilt kanseri/cilt-kanseri-teshisi-bitirme/data/raw/HAM10000_images_part_1/ISIC_0028569.jpg,0
/Users/suleymanmini/Desktop/cilt kanseri/cilt-kanseri-teshisi-bitirme/data/synthetic/generated_malign/synth_malign_00322.jpg,1
/Users/suleymanmini/Desktop/cilt kanseri/cilt-kanseri-teshisi-bitirme/data/raw/HAM10000_images_part_1/ISIC_0028826.jpg,0
/Users/suleymanmini/Desktop/cilt kanseri/cilt-kanseri-teshisi-bitirme/data/raw/HAM10000_images_part_1/ISIC_0027784.jpg,0
/Users/suleymanmini/Desktop/cilt kanseri/cilt-kanseri-teshisi-bitirme/data/raw/HAM10000_images_part_2/ISIC_0031086.jpg,0
/Users/suleymanmini/Desktop/cilt kanseri/cilt-kanseri-teshisi-bitirme/data/raw/HAM10000_images_part_2/ISIC_0029836.jpg,0
/Users/suleymanmini/Desktop/cilt kanseri/cilt-kanseri-teshisi-bitirme/data/raw/HAM10000_images_part_1/ISIC_0026260.jpg,0
/Users/suleymanmini/Desktop/cilt kanseri/cilt-kanseri-teshisi-bitirme/data/raw/HAM10000_images_part_1/ISIC_0027909.jpg,0
/Users/suleymanmini/Desktop/cilt kanseri/cilt-kanseri-teshisi-bitirme/data/raw/HAM10000_images_part_2/ISIC_0032896.jpg,0
/Users/suleymanmini/Desktop/cilt kanseri/cilt-kanseri-teshisi-bitirme/data/raw/HAM10000_images_part_2/ISIC_0032012.jpg,0
/Users/suleymanmini/Desktop/cilt kanseri/cilt-kanseri-teshisi-bitirme/data/raw/HAM10000_images_part_1/ISIC_0027924.jpg,0
/Users/suleymanmini/Desktop/cilt kanseri/cilt-kanseri-teshisi-bitirme/data/raw/HAM10000_images_part_2/ISIC_0033659.jpg,0
/Users/suleymanmini/Desktop/cilt kanseri/cilt-kanseri-teshisi-bitirme/data/raw/HAM10000_images_part_1/ISIC_0025119.jpg,0
/Users/suleymanmini/Desktop/cilt kanseri/cilt-kanseri-teshisi-bitirme/data/raw/HAM10000_images_part_1/ISIC_0024830.jpg,0
/Users/suleymanmini/Desktop/cilt kanseri/cilt-kanseri-teshisi-bitirme/data/raw/HAM10000_images_part_2/ISIC_0033975.jpg,1
/Users/suleymanmini/Desktop/cilt kanseri/cilt-kanseri-teshisi-bitirme/data/raw/HAM10000_images_part_2/ISIC_0029755.jpg,1
/Users/suleymanmini/Desktop/cilt kanseri/cilt-kanseri-teshisi-bitirme/data/synthetic/generated_malign/synth_malign_00405.jpg,1
/Users/suleymanmini/Desktop/cilt kanseri/cilt-kanseri-teshisi-bitirme/data/raw/HAM10000_images_part_1/ISIC_0026089.jpg,1
/Users/suleymanmini/Desktop/cilt kanseri/cilt-kanseri-teshisi-bitirme/data/raw/HAM10000_images_part_1/ISIC_0025395.jpg,0
/Users/suleymanmini/Desktop/cilt kanseri/cilt-kanseri-teshisi-bitirme/data/raw/HAM10000_images_part_1/ISIC_0024852.jpg,0
/Users/suleymanmini/Desktop/cilt kanseri/cilt-kanseri-teshisi-bitirme/data/raw/HAM10000_images_part_2/ISIC_0032002.jpg,0
/Users/suleymanmini/Desktop/cilt kanseri/cilt-kanseri-teshisi-bitirme/data/raw/HAM10000_images_part_1/ISIC_0028596.jpg,0
/Users/suleymanmini/Desktop/cilt kanseri/cilt-kanseri-teshisi-bitirme/data/raw/HAM10000_images_part_2/ISIC_0033373.jpg,0
/Users/suleymanmini/Desktop/cilt kanseri/cilt-kanseri-teshisi-bitirme/data/raw/HAM10000_images_part_2/ISIC_0029829.jpg,0
/Users/suleymanmini/Desktop/cilt kanseri/cilt-kanseri-teshisi-bitirme/data/raw/HAM10000_images_part_1/ISIC_0025540.jpg,0
/Users/suleymanmini/Desktop/cilt kanseri/cilt-kanseri-teshisi-bitirme/data/raw/HAM10000_images_part_1/ISIC_0025031.jpg,1
/Users/suleymanmini/Desktop/cilt kanseri/cilt-kanseri-teshisi-bitirme/data/raw/HAM10000_images_part_1/ISIC_0024700.jpg,1
/Users/suleymanmini/Desktop/cilt kanseri/cilt-kanseri-teshisi-bitirme/data/raw/HAM10000_images_part_1/ISIC_0026454.jpg,0
/Users/suleymanmini/Desktop/cilt kanseri/cilt-kanseri-teshisi-bitirme/data/raw/HAM10000_images_part_2/ISIC_0029912.jpg,0
/Users/suleymanmini/Desktop/cilt kanseri/cilt-kanseri-teshisi-bitirme/data/synthetic/generated_malign/synth_malign_00168.jpg,1
/Users/suleymanmini/Desktop/cilt kanseri/cilt-kanseri-teshisi-bitirme/data/raw/HAM10000_images_part_2/ISIC_0032950.jpg,0
/Users/suleymanmini/Desktop/cilt kanseri/cilt-kanseri-teshisi-bitirme/data/raw/HAM10000_images_part_1/ISIC_0028264.jpg,0
/Users/suleymanmini/Desktop/cilt kanseri/cilt-kanseri-teshisi-bitirme/data/raw/HAM10000_images_part_1/ISIC_0026589.jpg,0
/Users/suleymanmini/Desktop/cilt kanseri/cilt-kanseri-teshisi-bitirme/data/raw/HAM10000_images_part_1/ISIC_0026557.jpg,0
/Users/suleymanmini/Desktop/cilt kanseri/cilt-kanseri-teshisi-bitirme/data/raw/HAM10000_images_part_1/ISIC_0028084.jpg,1
/Users/suleymanmini/Desktop/cilt kanseri/cilt-kanseri-teshisi-bitirme/data/raw/HAM10000_images_part_2/ISIC_0029521.jpg,0
/Users/suleymanmini/Desktop/cilt kanseri/cilt-kanseri-teshisi-bitirme/data/raw/HAM10000_images_part_1/ISIC_0024851.jpg,0
/Users/suleymanmini/Desktop/cilt kanseri/cilt-kanseri-teshisi-bitirme/data/raw/HAM10000_images_part_1/ISIC_0028083.jpg,0
/Users/suleymanmini/Desktop/cilt kanseri/cilt-kanseri-teshisi-bitirme/data/raw/HAM10000_images_part_2/ISIC_0032077.jpg,0
/Users/suleymanmini/Desktop/cilt kanseri/cilt-kanseri-teshisi-bitirme/data/raw/HAM10000_images_part_2/ISIC_0030201.jpg,0
/Users/suleymanmini/Desktop/cilt kanseri/cilt-kanseri-teshisi-bitirme/data/raw/HAM10000_images_part_1/ISIC_0026045.jpg,1
/Users/suleymanmini/Desktop/cilt kanseri/cilt-kanseri-teshisi-bitirme/data/raw/HAM10000_images_part_2/ISIC_0029636.jpg,0
/Users/suleymanmini/Desktop/cilt kanseri/cilt-kanseri-teshisi-bitirme/data/raw/HAM10000_images_part_1/ISIC_0028881.jpg,0
/Users/suleymanmini/Desktop/cilt kanseri/cilt-kanseri-teshisi-bitirme/data/raw/HAM10000_images_part_1/ISIC_0028139.jpg,0
/Users/suleymanmini/Desktop/cilt kanseri/cilt-kanseri-teshisi-bitirme/data/raw/HAM10000_images_part_1/ISIC_0027248.jpg,0
/Users/suleymanmini/Desktop/cilt kanseri/cilt-kanseri-teshisi-bitirme/data/raw/HAM10000_images_part_2/ISIC_0029441.jpg,0
/Users/suleymanmini/Desktop/cilt kanseri/cilt-kanseri-teshisi-bitirme/data/raw/HAM10000_images_part_1/ISIC_0028676.jpg,0
/Users/suleymanmini/Desktop/cilt kanseri/cilt-kanseri-teshisi-bitirme/data/raw/HAM10000_images_part_2/ISIC_0031866.jpg,0
/Users/suleymanmini/Desktop/cilt kanseri/cilt-kanseri-teshisi-bitirme/data/raw/HAM10000_images_part_1/ISIC_0024332.jpg,1
/Users/suleymanmini/Desktop/cilt kanseri/cilt-kanseri-teshisi-bitirme/data/raw/HAM10000_images_part_2/ISIC_0031881.jpg,0
/Users/suleymanmini/Desktop/cilt kanseri/cilt-kanseri-teshisi-bitirme/data/raw/HAM10000_images_part_1/ISIC_0025236.jpg,0
/Users/suleymanmini/Desktop/cilt kanseri/cilt-kanseri-teshisi-bitirme/data/raw/HAM10000_images_part_2/ISIC_0031001.jpg,0
/Users/suleymanmini/Desktop/cilt kanseri/cilt-kanseri-teshisi-bitirme/data/synthetic/generated_malign/synth_malign_00122.jpg,1
/Users/suleymanmini/Desktop/cilt kanseri/cilt-kanseri-teshisi-bitirme/data/raw/HAM10000_images_part_1/ISIC_0025759.jpg,0
/Users/suleymanmini/Desktop/cilt kanseri/cilt-kanseri-teshisi-bitirme/data/raw/HAM10000_images_part_1/ISIC_0024307.jpg,0
/Users/suleymanmini/Desktop/cilt kanseri/cilt-kanseri-teshisi-bitirme/data/raw/HAM10000_images_part_2/ISIC_0032147.jpg,0
/Users/suleymanmini/Desktop/cilt kanseri/cilt-kanseri-teshisi-bitirme/data/raw/HAM10000_images_part_1/ISIC_0025485.jpg,0
/Users/suleymanmini/Desktop/cilt kanseri/cilt-kanseri-teshisi-bitirme/data/raw/HAM10000_images_part_1/ISIC_0025592.jpg,1
/Users/suleymanmini/Desktop/cilt kanseri/cilt-kanseri-teshisi-bitirme/data/synthetic/generated_malign/synth_malign_00282.jpg,1
/Users/suleymanmini/Desktop/cilt kanseri/cilt-kanseri-teshisi-bitirme/data/synthetic/generated_malign/synth_malign_00115.jpg,1
/Users/suleymanmini/Desktop/cilt kanseri/cilt-kanseri-teshisi-bitirme/data/raw/HAM10000_images_part_2/ISIC_0031852.jpg,1
/Users/suleymanmini/Desktop/cilt kanseri/cilt-kanseri-teshisi-bitirme/data/raw/HAM10000_images_part_1/ISIC_0027245.jpg,0
/Users/suleymanmini/Desktop/cilt kanseri/cilt-kanseri-teshisi-bitirme/data/raw/HAM10000_images_part_2/ISIC_0032457.jpg,0
/Users/suleymanmini/Desktop/cilt kanseri/cilt-kanseri-teshisi-bitirme/data/raw/HAM10000_images_part_1/ISIC_0026760.jpg,1
/Users/suleymanmini/Desktop/cilt kanseri/cilt-kanseri-teshisi-bitirme/data/raw/HAM10000_images_part_1/ISIC_0027455.jpg,0
/Users/suleymanmini/Desktop/cilt kanseri/cilt-kanseri-teshisi-bitirme/data/raw/HAM10000_images_part_1/ISIC_0025275.jpg,0
/Users/suleymanmini/Desktop/cilt kanseri/cilt-kanseri-teshisi-bitirme/data/synthetic/generated_malign/synth_malign_00144.jpg,1
/Users/suleymanmini/Desktop/cilt kanseri/cilt-kanseri-teshisi-bitirme/data/synthetic/generated_malign/synth_malign_00177.jpg,1
/Users/suleymanmini/Desktop/cilt kanseri/cilt-kanseri-teshisi-bitirme/data/raw/HAM10000_images_part_2/ISIC_0033898.jpg,0
/Users/suleymanmini/Desktop/cilt kanseri/cilt-kanseri-teshisi-bitirme/data/raw/HAM10000_images_part_2/ISIC_0030757.jpg,0
/Users/suleymanmini/Desktop/cilt kanseri/cilt-kanseri-teshisi-bitirme/data/raw/HAM10000_images_part_1/ISIC_0024790.jpg,0
/Users/suleymanmini/Desktop/cilt kanseri/cilt-kanseri-teshisi-bitirme/data/raw/HAM10000_images_part_2/ISIC_0033647.jpg,0
/Users/suleymanmini/Desktop/cilt kanseri/cilt-kanseri-teshisi-bitirme/data/raw/HAM10000_images_part_1/ISIC_0027851.jpg,1
/Users/suleymanmini/Desktop/cilt kanseri/cilt-kanseri-teshisi-bitirme/data/raw/HAM10000_images_part_2/ISIC_0034064.jpg,1
/Users/suleymanmini/Desktop/cilt kanseri/cilt-kanseri-teshisi-bitirme/data/raw/HAM10000_images_part_1/ISIC_0025747.jpg,0
/Users/suleymanmini/Desktop/cilt kanseri/cilt-kanseri-teshisi-bitirme/data/raw/HAM10000_images_part_1/ISIC_0027415.jpg,0
/Users/suleymanmini/Desktop/cilt kanseri/cilt-kanseri-teshisi-bitirme/data/raw/HAM10000_images_part_2/ISIC_0030899.jpg,0
/Users/suleymanmini/Desktop/cilt kanseri/cilt-kanseri-teshisi-bitirme/data/raw/HAM10000_images_part_2/ISIC_0029509.jpg,0
/Users/suleymanmini/Desktop/cilt kanseri/cilt-kanseri-teshisi-bitirme/data/raw/HAM10000_images_part_2/ISIC_0031289.jpg,0
/Users/suleymanmini/Desktop/cilt kanseri/cilt-kanseri-teshisi-bitirme/data/raw/HAM10000_images_part_1/ISIC_0027646.jpg,0
/Users/suleymanmini/Desktop/cilt kanseri/cilt-kanseri-teshisi-bitirme/data/raw/HAM10000_images_part_1/ISIC_0025152.jpg,0
/Users/suleymanmini/Desktop/cilt kanseri/cilt-kanseri-teshisi-bitirme/data/synthetic/generated_malign/synth_malign_00635.jpg,1
/Users/suleymanmini/Desktop/cilt kanseri/cilt-kanseri-teshisi-bitirme/data/raw/HAM10000_images_part_1/ISIC_0026053.jpg,0
/Users/suleymanmini/Desktop/cilt kanseri/cilt-kanseri-teshisi-bitirme/data/raw/HAM10000_images_part_1/ISIC_0027354.jpg,0
/Users/suleymanmini/Desktop/cilt kanseri/cilt-kanseri-teshisi-bitirme/data/raw/HAM10000_images_part_2/ISIC_0029584.jpg,0
/Users/suleymanmini/Desktop/cilt kanseri/cilt-kanseri-teshisi-bitirme/data/raw/HAM10000_images_part_1/ISIC_0029192.jpg,1
/Users/suleymanmini/Desktop/cilt kanseri/cilt-kanseri-teshisi-bitirme/data/raw/HAM10000_images_part_1/ISIC_0027973.jpg,0
/Users/suleymanmini/Desktop/cilt kanseri/cilt-kanseri-teshisi-bitirme/data/synthetic/generated_malign/synth_malign_00679.jpg,1
/Users/suleymanmini/Desktop/cilt kanseri/cilt-kanseri-teshisi-bitirme/data/raw/HAM10000_images_part_2/ISIC_0029412.jpg,1
/Users/suleymanmini/Desktop/cilt kanseri/cilt-kanseri-teshisi-bitirme/data/raw/HAM10000_images_part_1/ISIC_0024821.jpg,0
/Users/suleymanmini/Desktop/cilt kanseri/cilt-kanseri-teshisi-bitirme/data/raw/HAM10000_images_part_2/ISIC_0032760.jpg,0
/Users/suleymanmini/Desktop/cilt kanseri/cilt-kanseri-teshisi-bitirme/data/raw/HAM10000_images_part_1/ISIC_0028701.jpg,0
/Users/suleymanmini/Desktop/cilt kanseri/cilt-kanseri-teshisi-bitirme/data/raw/HAM10000_images_part_2/ISIC_0033256.jpg,0
/Users/suleymanmini/Desktop/cilt kanseri/cilt-kanseri-teshisi-bitirme/data/raw/HAM10000_images_part_1/ISIC_0026327.jpg,1
/Users/suleymanmini/Desktop/cilt kanseri/cilt-kanseri-teshisi-bitirme/data/raw/HAM10000_images_part_1/ISIC_0029190.jpg,0
/Users/suleymanmini/Desktop/cilt kanseri/cilt-kanseri-teshisi-bitirme/data/raw/HAM10000_images_part_1/ISIC_0027674.jpg,0
/Users/suleymanmini/Desktop/cilt kanseri/cilt-kanseri-teshisi-bitirme/data/raw/HAM10000_images_part_2/ISIC_0032622.jpg,1
/Users/suleymanmini/Desktop/cilt kanseri/cilt-kanseri-teshisi-bitirme/data/raw/HAM10000_images_part_2/ISIC_0034143.jpg,1
/Users/suleymanmini/Desktop/cilt kanseri/cilt-kanseri-teshisi-bitirme/data/raw/HAM10000_images_part_1/ISIC_0027777.jpg,0
/Users/suleymanmini/Desktop/cilt kanseri/cilt-kanseri-teshisi-bitirme/data/raw/HAM10000_images_part_1/ISIC_0027586.jpg,0
/Users/suleymanmini/Desktop/cilt kanseri/cilt-kanseri-teshisi-bitirme/data/raw/HAM10000_images_part_1/ISIC_0028921.jpg,0
/Users/suleymanmini/Desktop/cilt kanseri/cilt-kanseri-teshisi-bitirme/data/synthetic/generated_malign/synth_malign_00301.jpg,1
/Users/suleymanmini/Desktop/cilt kanseri/cilt-kanseri-teshisi-bitirme/data/raw/HAM10000_images_part_2/ISIC_0033980.jpg,1
/Users/suleymanmini/Desktop/cilt kanseri/cilt-kanseri-teshisi-bitirme/data/raw/HAM10000_images_part_2/ISIC_0031212.jpg,0
/Users/suleymanmini/Desktop/cilt kanseri/cilt-kanseri-teshisi-bitirme/data/raw/HAM10000_images_part_2/ISIC_0033147.jpg,0
/Users/suleymanmini/Desktop/cilt kanseri/cilt-kanseri-teshisi-bitirme/data/raw/HAM10000_images_part_1/ISIC_0026794.jpg,0
/Users/suleymanmini/Desktop/cilt kanseri/cilt-kanseri-teshisi-bitirme/data/raw/HAM10000_images_part_1/ISIC_0024994.jpg,0
/Users/suleymanmini/Desktop/cilt kanseri/cilt-kanseri-teshisi-bitirme/data/raw/HAM10000_images_part_2/ISIC_0032897.jpg,1
/Users/suleymanmini/Desktop/cilt kanseri/cilt-kanseri-teshisi-bitirme/data/raw/HAM10000_images_part_1/ISIC_0025633.jpg,0
/Users/suleymanmini/Desktop/cilt kanseri/cilt-kanseri-teshisi-bitirme/data/raw/HAM10000_images_part_1/ISIC_0025716.jpg,0
/Users/suleymanmini/Desktop/cilt kanseri/cilt-kanseri-teshisi-bitirme/data/raw/HAM10000_images_part_2/ISIC_0031031.jpg,0
/Users/suleymanmini/Desktop/cilt kanseri/cilt-kanseri-teshisi-bitirme/data/raw/HAM10000_images_part_2/ISIC_0032360.jpg,0
/Users/suleymanmini/Desktop/cilt kanseri/cilt-kanseri-teshisi-bitirme/data/raw/HAM10000_images_part_2/ISIC_0033229.jpg,0
/Users/suleymanmini/Desktop/cilt kanseri/cilt-kanseri-teshisi-bitirme/data/raw/HAM10000_images_part_2/ISIC_0031720.jpg,0
/Users/suleymanmini/Desktop/cilt kanseri/cilt-kanseri-teshisi-bitirme/data/raw/HAM10000_images_part_2/ISIC_0030897.jpg,0
/Users/suleymanmini/Desktop/cilt kanseri/cilt-kanseri-teshisi-bitirme/data/raw/HAM10000_images_part_1/ISIC_0025742.jpg,0
/Users/suleymanmini/Desktop/cilt kanseri/cilt-kanseri-teshisi-bitirme/data/raw/HAM10000_images_part_1/ISIC_0026656.jpg,1
/Users/suleymanmini/Desktop/cilt kanseri/cilt-kanseri-teshisi-bitirme/data/raw/HAM10000_images_part_1/ISIC_0024477.jpg,0
/Users/suleymanmini/Desktop/cilt kanseri/cilt-kanseri-teshisi-bitirme/data/raw/HAM10000_images_part_2/ISIC_0030432.jpg,0
/Users/suleymanmini/Desktop/cilt kanseri/cilt-kanseri-teshisi-bitirme/data/raw/HAM10000_images_part_1/ISIC_0029174.jpg,0
/Users/suleymanmini/Desktop/cilt kanseri/cilt-kanseri-teshisi-bitirme/data/raw/HAM10000_images_part_1/ISIC_0028151.jpg,0
/Users/suleymanmini/Desktop/cilt kanseri/cilt-kanseri-teshisi-bitirme/data/raw/HAM10000_images_part_1/ISIC_0024612.jpg,0
/Users/suleymanmini/Desktop/cilt kanseri/cilt-kanseri-teshisi-bitirme/data/raw/HAM10000_images_part_2/ISIC_0032796.jpg,0
/Users/suleymanmini/Desktop/cilt kanseri/cilt-kanseri-teshisi-bitirme/data/raw/HAM10000_images_part_1/ISIC_0028936.jpg,0
/Users/suleymanmini/Desktop/cilt kanseri/cilt-kanseri-teshisi-bitirme/data/raw/HAM10000_images_part_2/ISIC_0030549.jpg,1
/Users/suleymanmini/Desktop/cilt kanseri/cilt-kanseri-teshisi-bitirme/data/raw/HAM10000_images_part_1/ISIC_0026563.jpg,0
/Users/suleymanmini/Desktop/cilt kanseri/cilt-kanseri-teshisi-bitirme/data/raw/HAM10000_images_part_2/ISIC_0032984.jpg,1
/Users/suleymanmini/Desktop/cilt kanseri/cilt-kanseri-teshisi-bitirme/data/raw/HAM10000_images_part_2/ISIC_0032674.jpg,0
/Users/suleymanmini/Desktop/cilt kanseri/cilt-kanseri-teshisi-bitirme/data/raw/HAM10000_images_part_2/ISIC_0031684.jpg,0
/Users/suleymanmini/Desktop/cilt kanseri/cilt-kanseri-teshisi-bitirme/data/raw/HAM10000_images_part_1/ISIC_0027224.jpg,0
/Users/suleymanmini/Desktop/cilt kanseri/cilt-kanseri-teshisi-bitirme/data/raw/HAM10000_images_part_1/ISIC_0027854.jpg,0
/Users/suleymanmini/Desktop/cilt kanseri/cilt-kanseri-teshisi-bitirme/data/raw/HAM10000_images_part_2/ISIC_0030369.jpg,0
/Users/suleymanmini/Desktop/cilt kanseri/cilt-kanseri-teshisi-bitirme/data/raw/HAM10000_images_part_2/ISIC_0031526.jpg,1
/Users/suleymanmini/Desktop/cilt kanseri/cilt-kanseri-teshisi-bitirme/data/raw/HAM10000_images_part_2/ISIC_0033008.jpg,0
/Users/suleymanmini/Desktop/cilt kanseri/cilt-kanseri-teshisi-bitirme/data/raw/HAM10000_images_part_1/ISIC_0024520.jpg,0
/Users/suleymanmini/Desktop/cilt kanseri/cilt-kanseri-teshisi-bitirme/data/raw/HAM10000_images_part_1/ISIC_0026666.jpg,0
/Users/suleymanmini/Desktop/cilt kanseri/cilt-kanseri-teshisi-bitirme/data/raw/HAM10000_images_part_1/ISIC_0027343.jpg,1
/Users/suleymanmini/Desktop/cilt kanseri/cilt-kanseri-teshisi-bitirme/data/raw/HAM10000_images_part_2/ISIC_0030865.jpg,0
/Users/suleymanmini/Desktop/cilt kanseri/cilt-kanseri-teshisi-bitirme/data/raw/HAM10000_images_part_2/ISIC_0032523.jpg,0
/Users/suleymanmini/Desktop/cilt kanseri/cilt-kanseri-teshisi-bitirme/data/raw/HAM10000_images_part_1/ISIC_0027491.jpg,0
/Users/suleymanmini/Desktop/cilt kanseri/cilt-kanseri-teshisi-bitirme/data/raw/HAM10000_images_part_2/ISIC_0033442.jpg,0
/Users/suleymanmini/Desktop/cilt kanseri/cilt-kanseri-teshisi-bitirme/data/raw/HAM10000_images_part_1/ISIC_0024413.jpg,0
/Users/suleymanmini/Desktop/cilt kanseri/cilt-kanseri-teshisi-bitirme/data/raw/HAM10000_images_part_1/ISIC_0025961.jpg,0
/Users/suleymanmini/Desktop/cilt kanseri/cilt-kanseri-teshisi-bitirme/data/raw/HAM10000_images_part_2/ISIC_0030954.jpg,1
/Users/suleymanmini/Desktop/cilt kanseri/cilt-kanseri-teshisi-bitirme/data/synthetic/generated_malign/synth_malign_00356.jpg,1
/Users/suleymanmini/Desktop/cilt kanseri/cilt-kanseri-teshisi-bitirme/data/synthetic/generated_malign/synth_malign_00173.jpg,1
/Users/suleymanmini/Desktop/cilt kanseri/cilt-kanseri-teshisi-bitirme/data/raw/HAM10000_images_part_2/ISIC_0034112.jpg,0
/Users/suleymanmini/Desktop/cilt kanseri/cilt-kanseri-teshisi-bitirme/data/raw/HAM10000_images_part_1/ISIC_0027287.jpg,0
/Users/suleymanmini/Desktop/cilt kanseri/cilt-kanseri-teshisi-bitirme/data/raw/HAM10000_images_part_1/ISIC_0025732.jpg,1
/Users/suleymanmini/Desktop/cilt kanseri/cilt-kanseri-teshisi-bitirme/data/raw/HAM10000_images_part_2/ISIC_0031292.jpg,1
/Users/suleymanmini/Desktop/cilt kanseri/cilt-kanseri-teshisi-bitirme/data/raw/HAM10000_images_part_2/ISIC_0033041.jpg,0
/Users/suleymanmini/Desktop/cilt kanseri/cilt-kanseri-teshisi-bitirme/data/synthetic/generated_malign/synth_malign_00529.jpg,1
/Users/suleymanmini/Desktop/cilt kanseri/cilt-kanseri-teshisi-bitirme/data/raw/HAM10000_images_part_2/ISIC_0029541.jpg,1
/Users/suleymanmini/Desktop/cilt kanseri/cilt-kanseri-teshisi-bitirme/data/raw/HAM10000_images_part_1/ISIC_0027942.jpg,0
/Users/suleymanmini/Desktop/cilt kanseri/cilt-kanseri-teshisi-bitirme/data/raw/HAM10000_images_part_2/ISIC_0030852.jpg,0
/Users/suleymanmini/Desktop/cilt kanseri/cilt-kanseri-teshisi-bitirme/data/raw/HAM10000_images_part_2/ISIC_0031370.jpg,0
/Users/suleymanmini/Desktop/cilt kanseri/cilt-kanseri-teshisi-bitirme/data/raw/HAM10000_images_part_2/ISIC_0033193.jpg,1
/Users/suleymanmini/Desktop/cilt kanseri/cilt-kanseri-teshisi-bitirme/data/raw/HAM10000_images_part_1/ISIC_0025989.jpg,0
/Users/suleymanmini/Desktop/cilt kanseri/cilt-kanseri-teshisi-bitirme/data/raw/HAM10000_images_part_1/ISIC_0028939.jpg,0
/Users/suleymanmini/Desktop/cilt kanseri/cilt-kanseri-teshisi-bitirme/data/raw/HAM10000_images_part_2/ISIC_0030916.jpg,0
/Users/suleymanmini/Desktop/cilt kanseri/cilt-kanseri-teshisi-bitirme/data/raw/HAM10000_images_part_1/ISIC_0026130.jpg,0
/Users/suleymanmini/Desktop/cilt kanseri/cilt-kanseri-teshisi-bitirme/data/raw/HAM10000_images_part_1/ISIC_0024744.jpg,0
/Users/suleymanmini/Desktop/cilt kanseri/cilt-kanseri-teshisi-bitirme/data/raw/HAM10000_images_part_1/ISIC_0024792.jpg,1
/Users/suleymanmini/Desktop/cilt kanseri/cilt-kanseri-teshisi-bitirme/data/raw/HAM10000_images_part_2/ISIC_0032211.jpg,0
/Users/suleymanmini/Desktop/cilt kanseri/cilt-kanseri-teshisi-bitirme/data/raw/HAM10000_images_part_2/ISIC_0033251.jpg,0
/Users/suleymanmini/Desktop/cilt kanseri/cilt-kanseri-teshisi-bitirme/data/raw/HAM10000_images_part_2/ISIC_0029613.jpg,0
/Users/suleymanmini/Desktop/cilt kanseri/cilt-kanseri-teshisi-bitirme/data/raw/HAM10000_images_part_1/ISIC_0028549.jpg,0
/Users/suleymanmini/Desktop/cilt kanseri/cilt-kanseri-teshisi-bitirme/data/raw/HAM10000_images_part_1/ISIC_0027017.jpg,0
/Users/suleymanmini/Desktop/cilt kanseri/cilt-kanseri-teshisi-bitirme/data/raw/HAM10000_images_part_2/ISIC_0033965.jpg,0
/Users/suleymanmini/Desktop/cilt kanseri/cilt-kanseri-teshisi-bitirme/data/synthetic/generated_malign/synth_malign_00887.jpg,1
/Users/suleymanmini/Desktop/cilt kanseri/cilt-kanseri-teshisi-bitirme/data/synthetic/generated_malign/synth_malign_00965.jpg,1
/Users/suleymanmini/Desktop/cilt kanseri/cilt-kanseri-teshisi-bitirme/data/raw/HAM10000_images_part_2/ISIC_0033675.jpg,0
/Users/suleymanmini/Desktop/cilt kanseri/cilt-kanseri-teshisi-bitirme/data/raw/HAM10000_images_part_2/ISIC_0030711.jpg,0
/Users/suleymanmini/Desktop/cilt kanseri/cilt-kanseri-teshisi-bitirme/data/raw/HAM10000_images_part_2/ISIC_0030609.jpg,0
/Users/suleymanmini/Desktop/cilt kanseri/cilt-kanseri-teshisi-bitirme/data/raw/HAM10000_images_part_1/ISIC_0026974.jpg,0
/Users/suleymanmini/Desktop/cilt kanseri/cilt-kanseri-teshisi-bitirme/data/raw/HAM10000_images_part_2/ISIC_0031061.jpg,0
/Users/suleymanmini/Desktop/cilt kanseri/cilt-kanseri-teshisi-bitirme/data/raw/HAM10000_images_part_2/ISIC_0029544.jpg,0
/Users/suleymanmini/Desktop/cilt kanseri/cilt-kanseri-teshisi-bitirme/data/raw/HAM10000_images_part_1/ISIC_0027082.jpg,0
/Users/suleymanmini/Desktop/cilt kanseri/cilt-kanseri-teshisi-bitirme/data/synthetic/generated_malign/synth_malign_00120.jpg,1
/Users/suleymanmini/Desktop/cilt kanseri/cilt-kanseri-teshisi-bitirme/data/raw/HAM10000_images_part_1/ISIC_0024558.jpg,0
/Users/suleymanmini/Desktop/cilt kanseri/cilt-kanseri-teshisi-bitirme/data/raw/HAM10000_images_part_1/ISIC_0028959.jpg,0
/Users/suleymanmini/Desktop/cilt kanseri/cilt-kanseri-teshisi-bitirme/data/raw/HAM10000_images_part_1/ISIC_0029197.jpg,0
/Users/suleymanmini/Desktop/cilt kanseri/cilt-kanseri-teshisi-bitirme/data/raw/HAM10000_images_part_1/ISIC_0024546.jpg,1
/Users/suleymanmini/Desktop/cilt kanseri/cilt-kanseri-teshisi-bitirme/data/synthetic/generated_malign/synth_malign_00509.jpg,1
/Users/suleymanmini/Desktop/cilt kanseri/cilt-kanseri-teshisi-bitirme/data/raw/HAM10000_images_part_2/ISIC_0033868.jpg,0
/Users/suleymanmini/Desktop/cilt kanseri/cilt-kanseri-teshisi-bitirme/data/raw/HAM10000_images_part_1/ISIC_0027840.jpg,0
/Users/suleymanmini/Desktop/cilt kanseri/cilt-kanseri-teshisi-bitirme/data/raw/HAM10000_images_part_2/ISIC_0030328.jpg,0
/Users/suleymanmini/Desktop/cilt kanseri/cilt-kanseri-teshisi-bitirme/data/synthetic/generated_malign/synth_malign_00725.jpg,1
/Users/suleymanmini/Desktop/cilt kanseri/cilt-kanseri-teshisi-bitirme/data/raw/HAM10000_images_part_2/ISIC_0029908.jpg,0
/Users/suleymanmini/Desktop/cilt kanseri/cilt-kanseri-teshisi-bitirme/data/synthetic/generated_malign/synth_malign_00684.jpg,1
/Users/suleymanmini/Desktop/cilt kanseri/cilt-kanseri-teshisi-bitirme/data/raw/HAM10000_images_part_1/ISIC_0028645.jpg,0
/Users/suleymanmini/Desktop/cilt kanseri/cilt-kanseri-teshisi-bitirme/data/raw/HAM10000_images_part_1/ISIC_0025422.jpg,0
/Users/suleymanmini/Desktop/cilt kanseri/cilt-kanseri-teshisi-bitirme/data/raw/HAM10000_images_part_2/ISIC_0032225.jpg,1
/Users/suleymanmini/Desktop/cilt kanseri/cilt-kanseri-teshisi-bitirme/data/raw/HAM10000_images_part_2/ISIC_0030279.jpg,0
/Users/suleymanmini/Desktop/cilt kanseri/cilt-kanseri-teshisi-bitirme/data/synthetic/generated_malign/synth_malign_00839.jpg,1
/Users/suleymanmini/Desktop/cilt kanseri/cilt-kanseri-teshisi-bitirme/data/raw/HAM10000_images_part_1/ISIC_0028436.jpg,0
/Users/suleymanmini/Desktop/cilt kanseri/cilt-kanseri-teshisi-bitirme/data/raw/HAM10000_images_part_1/ISIC_0029267.jpg,0
/Users/suleymanmini/Desktop/cilt kanseri/cilt-kanseri-teshisi-bitirme/data/raw/HAM10000_images_part_1/ISIC_0026672.jpg,0
/Users/suleymanmini/Desktop/cilt kanseri/cilt-kanseri-teshisi-bitirme/data/raw/HAM10000_images_part_2/ISIC_0031883.jpg,0
/Users/suleymanmini/Desktop/cilt kanseri/cilt-kanseri-teshisi-bitirme/data/raw/HAM10000_images_part_1/ISIC_0029295.jpg,0
/Users/suleymanmini/Desktop/cilt kanseri/cilt-kanseri-teshisi-bitirme/data/raw/HAM10000_images_part_2/ISIC_0032396.jpg,1
/Users/suleymanmini/Desktop/cilt kanseri/cilt-kanseri-teshisi-bitirme/data/raw/HAM10000_images_part_1/ISIC_0025786.jpg,0
/Users/suleymanmini/Desktop/cilt kanseri/cilt-kanseri-teshisi-bitirme/data/raw/HAM10000_images_part_2/ISIC_0032539.jpg,0
/Users/suleymanmini/Desktop/cilt kanseri/cilt-kanseri-teshisi-bitirme/data/raw/HAM10000_images_part_2/ISIC_0033669.jpg,0
/Users/suleymanmini/Desktop/cilt kanseri/cilt-kanseri-teshisi-bitirme/data/raw/HAM10000_images_part_2/ISIC_0033213.jpg,0
/Users/suleymanmini/Desktop/cilt kanseri/cilt-kanseri-teshisi-bitirme/data/raw/HAM10000_images_part_1/ISIC_0026007.jpg,0
/Users/suleymanmini/Desktop/cilt kanseri/cilt-kanseri-teshisi-bitirme/data/raw/HAM10000_images_part_2/ISIC_0031433.jpg,0
/Users/suleymanmini/Desktop/cilt kanseri/cilt-kanseri-teshisi-bitirme/data/raw/HAM10000_images_part_1/ISIC_0028246.jpg,0
/Users/suleymanmini/Desktop/cilt kanseri/cilt-kanseri-teshisi-bitirme/data/raw/HAM10000_images_part_1/ISIC_0025340.jpg,0
/Users/suleymanmini/Desktop/cilt kanseri/cilt-kanseri-teshisi-bitirme/data/raw/HAM10000_images_part_1/ISIC_0028955.jpg,0
/Users/suleymanmini/Desktop/cilt kanseri/cilt-kanseri-teshisi-bitirme/data/raw/HAM10000_images_part_1/ISIC_0026571.jpg,1
/Users/suleymanmini/Desktop/cilt kanseri/cilt-kanseri-teshisi-bitirme/data/synthetic/generated_malign/synth_malign_00525.jpg,1
/Users/suleymanmini/Desktop/cilt kanseri/cilt-kanseri-teshisi-bitirme/data/raw/HAM10000_images_part_2/ISIC_0029788.jpg,0
/Users/suleymanmini/Desktop/cilt kanseri/cilt-kanseri-teshisi-bitirme/data/raw/HAM10000_images_part_2/ISIC_0033986.jpg,1
/Users/suleymanmini/Desktop/cilt kanseri/cilt-kanseri-teshisi-bitirme/data/raw/HAM10000_images_part_1/ISIC_0028293.jpg,0
/Users/suleymanmini/Desktop/cilt kanseri/cilt-kanseri-teshisi-bitirme/data/raw/HAM10000_images_part_1/ISIC_0024832.jpg,0
/Users/suleymanmini/Desktop/cilt kanseri/cilt-kanseri-teshisi-bitirme/data/raw/HAM10000_images_part_1/ISIC_0025864.jpg,0
/Users/suleymanmini/Desktop/cilt kanseri/cilt-kanseri-teshisi-bitirme/data/raw/HAM10000_images_part_2/ISIC_0033903.jpg,0
/Users/suleymanmini/Desktop/cilt kanseri/cilt-kanseri-teshisi-bitirme/data/synthetic/generated_malign/synth_malign_00040.jpg,1
/Users/suleymanmini/Desktop/cilt kanseri/cilt-kanseri-teshisi-bitirme/data/raw/HAM10000_images_part_2/ISIC_0034006.jpg,1
/Users/suleymanmini/Desktop/cilt kanseri/cilt-kanseri-teshisi-bitirme/data/raw/HAM10000_images_part_2/ISIC_0033115.jpg,0
/Users/suleymanmini/Desktop/cilt kanseri/cilt-kanseri-teshisi-bitirme/data/raw/HAM10000_images_part_1/ISIC_0025904.jpg,1
/Users/suleymanmini/Desktop/cilt kanseri/cilt-kanseri-teshisi-bitirme/data/raw/HAM10000_images_part_1/ISIC_0025877.jpg,0
/Users/suleymanmini/Desktop/cilt kanseri/cilt-kanseri-teshisi-bitirme/data/raw/HAM10000_images_part_1/ISIC_0027487.jpg,1
/Users/suleymanmini/Desktop/cilt kanseri/cilt-kanseri-teshisi-bitirme/data/raw/HAM10000_images_part_1/ISIC_0026502.jpg,0
/Users/suleymanmini/Desktop/cilt kanseri/cilt-kanseri-teshisi-bitirme/data/raw/HAM10000_images_part_2/ISIC_0034054.jpg,0
/Users/suleymanmini/Desktop/cilt kanseri/cilt-kanseri-teshisi-bitirme/data/raw/HAM10000_images_part_1/ISIC_0026036.jpg,0
/Users/suleymanmini/Desktop/cilt kanseri/cilt-kanseri-teshisi-bitirme/data/synthetic/generated_malign/synth_malign_00199.jpg,1
/Users/suleymanmini/Desktop/cilt kanseri/cilt-kanseri-teshisi-bitirme/data/raw/HAM10000_images_part_1/ISIC_0029107.jpg,0
/Users/suleymanmini/Desktop/cilt kanseri/cilt-kanseri-teshisi-bitirme/data/raw/HAM10000_images_part_1/ISIC_0027820.jpg,0
/Users/suleymanmini/Desktop/cilt kanseri/cilt-kanseri-teshisi-bitirme/data/synthetic/generated_malign/synth_malign_00342.jpg,1
/Users/suleymanmini/Desktop/cilt kanseri/cilt-kanseri-teshisi-bitirme/data/raw/HAM10000_images_part_2/ISIC_0030929.jpg,1
/Users/suleymanmini/Desktop/cilt kanseri/cilt-kanseri-teshisi-bitirme/data/raw/HAM10000_images_part_1/ISIC_0025083.jpg,0
/Users/suleymanmini/Desktop/cilt kanseri/cilt-kanseri-teshisi-bitirme/data/raw/HAM10000_images_part_1/ISIC_0029122.jpg,0
/Users/suleymanmini/Desktop/cilt kanseri/cilt-kanseri-teshisi-bitirme/data/raw/HAM10000_images_part_1/ISIC_0026709.jpg,1
/Users/suleymanmini/Desktop/cilt kanseri/cilt-kanseri-teshisi-bitirme/data/raw/HAM10000_images_part_1/ISIC_0024660.jpg,0
/Users/suleymanmini/Desktop/cilt kanseri/cilt-kanseri-teshisi-bitirme/data/raw/HAM10000_images_part_1/ISIC_0027141.jpg,0
/Users/suleymanmini/Desktop/cilt kanseri/cilt-kanseri-teshisi-bitirme/data/raw/HAM10000_images_part_1/ISIC_0027356.jpg,0
/Users/suleymanmini/Desktop/cilt kanseri/cilt-kanseri-teshisi-bitirme/data/synthetic/generated_malign/synth_malign_00251.jpg,1
/Users/suleymanmini/Desktop/cilt kanseri/cilt-kanseri-teshisi-bitirme/data/raw/HAM10000_images_part_2/ISIC_0030877.jpg,1
/Users/suleymanmini/Desktop/cilt kanseri/cilt-kanseri-teshisi-bitirme/data/raw/HAM10000_images_part_2/ISIC_0030984.jpg,0
/Users/suleymanmini/Desktop/cilt kanseri/cilt-kanseri-teshisi-bitirme/data/raw/HAM10000_images_part_1/ISIC_0028794.jpg,0
/Users/suleymanmini/Desktop/cilt kanseri/cilt-kanseri-teshisi-bitirme/data/synthetic/generated_malign/synth_malign_00163.jpg,1
/Users/suleymanmini/Desktop/cilt kanseri/cilt-kanseri-teshisi-bitirme/data/synthetic/generated_malign/synth_malign_00631.jpg,1
/Users/suleymanmini/Desktop/cilt kanseri/cilt-kanseri-teshisi-bitirme/data/raw/HAM10000_images_part_1/ISIC_0027501.jpg,0
/Users/suleymanmini/Desktop/cilt kanseri/cilt-kanseri-teshisi-bitirme/data/raw/HAM10000_images_part_2/ISIC_0030130.jpg,0
/Users/suleymanmini/Desktop/cilt kanseri/cilt-kanseri-teshisi-bitirme/data/raw/HAM10000_images_part_2/ISIC_0030527.jpg,0
/Users/suleymanmini/Desktop/cilt kanseri/cilt-kanseri-teshisi-bitirme/data/raw/HAM10000_images_part_1/ISIC_0027021.jpg,1
/Users/suleymanmini/Desktop/cilt kanseri/cilt-kanseri-teshisi-bitirme/data/raw/HAM10000_images_part_1/ISIC_0025767.jpg,0
/Users/suleymanmini/Desktop/cilt kanseri/cilt-kanseri-teshisi-bitirme/data/raw/HAM10000_images_part_2/ISIC_0032843.jpg,0
/Users/suleymanmini/Desktop/cilt kanseri/cilt-kanseri-teshisi-bitirme/data/raw/HAM10000_images_part_2/ISIC_0032580.jpg,0
/Users/suleymanmini/Desktop/cilt kanseri/cilt-kanseri-teshisi-bitirme/data/raw/HAM10000_images_part_1/ISIC_0026786.jpg,0
/Users/suleymanmini/Desktop/cilt kanseri/cilt-kanseri-teshisi-bitirme/data/raw/HAM10000_images_part_2/ISIC_0032524.jpg,0
/Users/suleymanmini/Desktop/cilt kanseri/cilt-kanseri-teshisi-bitirme/data/raw/HAM10000_images_part_1/ISIC_0027810.jpg,0
/Users/suleymanmini/Desktop/cilt kanseri/cilt-kanseri-teshisi-bitirme/data/raw/HAM10000_images_part_1/ISIC_0025380.jpg,0
/Users/suleymanmini/Desktop/cilt kanseri/cilt-kanseri-teshisi-bitirme/data/raw/HAM10000_images_part_1/ISIC_0027317.jpg,0
/Users/suleymanmini/Desktop/cilt kanseri/cilt-kanseri-teshisi-bitirme/data/raw/HAM10000_images_part_1/ISIC_0027760.jpg,0
/Users/suleymanmini/Desktop/cilt kanseri/cilt-kanseri-teshisi-bitirme/data/raw/HAM10000_images_part_2/ISIC_0032955.jpg,1
/Users/suleymanmini/Desktop/cilt kanseri/cilt-kanseri-teshisi-bitirme/data/raw/HAM10000_images_part_2/ISIC_0030524.jpg,0
/Users/suleymanmini/Desktop/cilt kanseri/cilt-kanseri-teshisi-bitirme/data/raw/HAM10000_images_part_2/ISIC_0031677.jpg,0
/Users/suleymanmini/Desktop/cilt kanseri/cilt-kanseri-teshisi-bitirme/data/raw/HAM10000_images_part_1/ISIC_0027744.jpg,1
/Users/suleymanmini/Desktop/cilt kanseri/cilt-kanseri-teshisi-bitirme/data/raw/HAM10000_images_part_1/ISIC_0028184.jpg,0
/Users/suleymanmini/Desktop/cilt kanseri/cilt-kanseri-teshisi-bitirme/data/raw/HAM10000_images_part_2/ISIC_0033260.jpg,0
/Users/suleymanmini/Desktop/cilt kanseri/cilt-kanseri-teshisi-bitirme/data/raw/HAM10000_images_part_2/ISIC_0032194.jpg,1
/Users/suleymanmini/Desktop/cilt kanseri/cilt-kanseri-teshisi-bitirme/data/raw/HAM10000_images_part_2/ISIC_0034262.jpg,1
/Users/suleymanmini/Desktop/cilt kanseri/cilt-kanseri-teshisi-bitirme/data/raw/HAM10000_images_part_2/ISIC_0033621.jpg,0
/Users/suleymanmini/Desktop/cilt kanseri/cilt-kanseri-teshisi-bitirme/data/raw/HAM10000_images_part_2/ISIC_0033255.jpg,0
/Users/suleymanmini/Desktop/cilt kanseri/cilt-kanseri-teshisi-bitirme/data/raw/HAM10000_images_part_2/ISIC_0030512.jpg,1
/Users/suleymanmini/Desktop/cilt kanseri/cilt-kanseri-teshisi-bitirme/data/raw/HAM10000_images_part_1/ISIC_0024306.jpg,0
/Users/suleymanmini/Desktop/cilt kanseri/cilt-kanseri-teshisi-bitirme/data/raw/HAM10000_images_part_1/ISIC_0027850.jpg,0
/Users/suleymanmini/Desktop/cilt kanseri/cilt-kanseri-teshisi-bitirme/data/raw/HAM10000_images_part_1/ISIC_0027376.jpg,0
/Users/suleymanmini/Desktop/cilt kanseri/cilt-kanseri-teshisi-bitirme/data/raw/HAM10000_images_part_1/ISIC_0028194.jpg,0
/Users/suleymanmini/Desktop/cilt kanseri/cilt-kanseri-teshisi-bitirme/data/raw/HAM10000_images_part_1/ISIC_0028271.jpg,0
/Users/suleymanmini/Desktop/cilt kanseri/cilt-kanseri-teshisi-bitirme/data/raw/HAM10000_images_part_2/ISIC_0032355.jpg,0
/Users/suleymanmini/Desktop/cilt kanseri/cilt-kanseri-teshisi-bitirme/data/raw/HAM10000_images_part_2/ISIC_0032292.jpg,0
/Users/suleymanmini/Desktop/cilt kanseri/cilt-kanseri-teshisi-bitirme/data/raw/HAM10000_images_part_1/ISIC_0028990.jpg,1
/Users/suleymanmini/Desktop/cilt kanseri/cilt-kanseri-teshisi-bitirme/data/raw/HAM10000_images_part_2/ISIC_0030996.jpg,0
/Users/suleymanmini/Desktop/cilt kanseri/cilt-kanseri-teshisi-bitirme/data/raw/HAM10000_images_part_2/ISIC_0032113.jpg,0
/Users/suleymanmini/Desktop/cilt kanseri/cilt-kanseri-teshisi-bitirme/data/synthetic/generated_malign/synth_malign_00171.jpg,1
/Users/suleymanmini/Desktop/cilt kanseri/cilt-kanseri-teshisi-bitirme/data/raw/HAM10000_images_part_1/ISIC_0026265.jpg,0
/Users/suleymanmini/Desktop/cilt kanseri/cilt-kanseri-teshisi-bitirme/data/raw/HAM10000_images_part_2/ISIC_0030836.jpg,0
/Users/suleymanmini/Desktop/cilt kanseri/cilt-kanseri-teshisi-bitirme/data/raw/HAM10000_images_part_1/ISIC_0028691.jpg,0
/Users/suleymanmini/Desktop/cilt kanseri/cilt-kanseri-teshisi-bitirme/data/raw/HAM10000_images_part_2/ISIC_0030691.jpg,0
/Users/suleymanmini/Desktop/cilt kanseri/cilt-kanseri-teshisi-bitirme/data/raw/HAM10000_images_part_2/ISIC_0029913.jpg,1
/Users/suleymanmini/Desktop/cilt kanseri/cilt-kanseri-teshisi-bitirme/data/raw/HAM10000_images_part_2/ISIC_0033997.jpg,0
/Users/suleymanmini/Desktop/cilt kanseri/cilt-kanseri-teshisi-bitirme/data/raw/HAM10000_images_part_2/ISIC_0031246.jpg,0
/Users/suleymanmini/Desktop/cilt kanseri/cilt-kanseri-teshisi-bitirme/data/raw/HAM10000_images_part_2/ISIC_0029675.jpg,0
/Users/suleymanmini/Desktop/cilt kanseri/cilt-kanseri-teshisi-bitirme/data/raw/HAM10000_images_part_2/ISIC_0030514.jpg,1
/Users/suleymanmini/Desktop/cilt kanseri/cilt-kanseri-teshisi-bitirme/data/raw/HAM10000_images_part_1/ISIC_0024636.jpg,0
/Users/suleymanmini/Desktop/cilt kanseri/cilt-kanseri-teshisi-bitirme/data/raw/HAM10000_images_part_2/ISIC_0034307.jpg,0
/Users/suleymanmini/Desktop/cilt kanseri/cilt-kanseri-teshisi-bitirme/data/raw/HAM10000_images_part_1/ISIC_0025189.jpg,0
/Users/suleymanmini/Desktop/cilt kanseri/cilt-kanseri-teshisi-bitirme/data/raw/HAM10000_images_part_2/ISIC_0032542.jpg,0
/Users/suleymanmini/Desktop/cilt kanseri/cilt-kanseri-teshisi-bitirme/data/raw/HAM10000_images_part_2/ISIC_0030613.jpg,0
/Users/suleymanmini/Desktop/cilt kanseri/cilt-kanseri-teshisi-bitirme/data/raw/HAM10000_images_part_2/ISIC_0031401.jpg,1
/Users/suleymanmini/Desktop/cilt kanseri/cilt-kanseri-teshisi-bitirme/data/synthetic/generated_malign/synth_malign_00871.jpg,1
/Users/suleymanmini/Desktop/cilt kanseri/cilt-kanseri-teshisi-bitirme/data/raw/HAM10000_images_part_1/ISIC_0028119.jpg,0
/Users/suleymanmini/Desktop/cilt kanseri/cilt-kanseri-teshisi-bitirme/data/raw/HAM10000_images_part_2/ISIC_0032805.jpg,0
/Users/suleymanmini/Desktop/cilt kanseri/cilt-kanseri-teshisi-bitirme/data/synthetic/generated_malign/synth_malign_00641.jpg,1
/Users/suleymanmini/Desktop/cilt kanseri/cilt-kanseri-teshisi-bitirme/data/raw/HAM10000_images_part_2/ISIC_0030807.jpg,0
/Users/suleymanmini/Desktop/cilt kanseri/cilt-kanseri-teshisi-bitirme/data/raw/HAM10000_images_part_1/ISIC_0027273.jpg,0
/Users/suleymanmini/Desktop/cilt kanseri/cilt-kanseri-teshisi-bitirme/data/raw/HAM10000_images_part_2/ISIC_0032748.jpg,0
/Users/suleymanmini/Desktop/cilt kanseri/cilt-kanseri-teshisi-bitirme/data/raw/HAM10000_images_part_2/ISIC_0030698.jpg,0
/Users/suleymanmini/Desktop/cilt kanseri/cilt-kanseri-teshisi-bitirme/data/raw/HAM10000_images_part_1/ISIC_0024565.jpg,0
/Users/suleymanmini/Desktop/cilt kanseri/cilt-kanseri-teshisi-bitirme/data/raw/HAM10000_images_part_1/ISIC_0027816.jpg,0
/Users/suleymanmini/Desktop/cilt kanseri/cilt-kanseri-teshisi-bitirme/data/raw/HAM10000_images_part_1/ISIC_0025762.jpg,0
/Users/suleymanmini/Desktop/cilt kanseri/cilt-kanseri-teshisi-bitirme/data/raw/HAM10000_images_part_2/ISIC_0030368.jpg,0
/Users/suleymanmini/Desktop/cilt kanseri/cilt-kanseri-teshisi-bitirme/data/raw/HAM10000_images_part_1/ISIC_0024465.jpg,0
/Users/suleymanmini/Desktop/cilt kanseri/cilt-kanseri-teshisi-bitirme/data/raw/HAM10000_images_part_1/ISIC_0025601.jpg,1
/Users/suleymanmini/Desktop/cilt kanseri/cilt-kanseri-teshisi-bitirme/data/raw/HAM10000_images_part_2/ISIC_0030933.jpg,0
/Users/suleymanmini/Desktop/cilt kanseri/cilt-kanseri-teshisi-bitirme/data/raw/HAM10000_images_part_1/ISIC_0027299.jpg,0
/Users/suleymanmini/Desktop/cilt kanseri/cilt-kanseri-teshisi-bitirme/data/raw/HAM10000_images_part_2/ISIC_0033316.jpg,0
/Users/suleymanmini/Desktop/cilt kanseri/cilt-kanseri-teshisi-bitirme/data/raw/HAM10000_images_part_2/ISIC_0031347.jpg,0
/Users/suleymanmini/Desktop/cilt kanseri/cilt-kanseri-teshisi-bitirme/data/raw/HAM10000_images_part_1/ISIC_0028121.jpg,0
/Users/suleymanmini/Desktop/cilt kanseri/cilt-kanseri-teshisi-bitirme/data/raw/HAM10000_images_part_1/ISIC_0027614.jpg,0
/Users/suleymanmini/Desktop/cilt kanseri/cilt-kanseri-teshisi-bitirme/data/synthetic/generated_malign/synth_malign_00203.jpg,1
/Users/suleymanmini/Desktop/cilt kanseri/cilt-kanseri-teshisi-bitirme/data/raw/HAM10000_images_part_2/ISIC_0030373.jpg,0
/Users/suleymanmini/Desktop/cilt kanseri/cilt-kanseri-teshisi-bitirme/data/synthetic/generated_malign/synth_malign_00597.jpg,1
/Users/suleymanmini/Desktop/cilt kanseri/cilt-kanseri-teshisi-bitirme/data/raw/HAM10000_images_part_1/ISIC_0026213.jpg,1
/Users/suleymanmini/Desktop/cilt kanseri/cilt-kanseri-teshisi-bitirme/data/synthetic/generated_malign/synth_malign_00723.jpg,1
/Users/suleymanmini/Desktop/cilt kanseri/cilt-kanseri-teshisi-bitirme/data/raw/HAM10000_images_part_2/ISIC_0032818.jpg,0
/Users/suleymanmini/Desktop/cilt kanseri/cilt-kanseri-teshisi-bitirme/data/raw/HAM10000_images_part_2/ISIC_0030223.jpg,1
/Users/suleymanmini/Desktop/cilt kanseri/cilt-kanseri-teshisi-bitirme/data/raw/HAM10000_images_part_2/ISIC_0031555.jpg,0
/Users/suleymanmini/Desktop/cilt kanseri/cilt-kanseri-teshisi-bitirme/data/raw/HAM10000_images_part_2/ISIC_0029550.jpg,0
/Users/suleymanmini/Desktop/cilt kanseri/cilt-kanseri-teshisi-bitirme/data/raw/HAM10000_images_part_2/ISIC_0030273.jpg,0
/Users/suleymanmini/Desktop/cilt kanseri/cilt-kanseri-teshisi-bitirme/data/raw/HAM10000_images_part_2/ISIC_0034081.jpg,0
/Users/suleymanmini/Desktop/cilt kanseri/cilt-kanseri-teshisi-bitirme/data/raw/HAM10000_images_part_1/ISIC_0028211.jpg,1
/Users/suleymanmini/Desktop/cilt kanseri/cilt-kanseri-teshisi-bitirme/data/synthetic/generated_malign/synth_malign_00959.jpg,1
/Users/suleymanmini/Desktop/cilt kanseri/cilt-kanseri-teshisi-bitirme/data/raw/HAM10000_images_part_2/ISIC_0030759.jpg,1
/Users/suleymanmini/Desktop/cilt kanseri/cilt-kanseri-teshisi-bitirme/data/raw/HAM10000_images_part_1/ISIC_0028642.jpg,1
/Users/suleymanmini/Desktop/cilt kanseri/cilt-kanseri-teshisi-bitirme/data/raw/HAM10000_images_part_2/ISIC_0032519.jpg,0
/Users/suleymanmini/Desktop/cilt kanseri/cilt-kanseri-teshisi-bitirme/data/raw/HAM10000_images_part_2/ISIC_0031222.jpg,0
/Users/suleymanmini/Desktop/cilt kanseri/cilt-kanseri-teshisi-bitirme/data/raw/HAM10000_images_part_1/ISIC_0025883.jpg,0
/Users/suleymanmini/Desktop/cilt kanseri/cilt-kanseri-teshisi-bitirme/data/raw/HAM10000_images_part_2/ISIC_0030578.jpg,0
/Users/suleymanmini/Desktop/cilt kanseri/cilt-kanseri-teshisi-bitirme/data/raw/HAM10000_images_part_1/ISIC_0028442.jpg,1
/Users/suleymanmini/Desktop/cilt kanseri/cilt-kanseri-teshisi-bitirme/data/raw/HAM10000_images_part_2/ISIC_0033528.jpg,0
/Users/suleymanmini/Desktop/cilt kanseri/cilt-kanseri-teshisi-bitirme/data/raw/HAM10000_images_part_2/ISIC_0029769.jpg,0
/Users/suleymanmini/Desktop/cilt kanseri/cilt-kanseri-teshisi-bitirme/data/raw/HAM10000_images_part_2/ISIC_0033338.jpg,0
/Users/suleymanmini/Desktop/cilt kanseri/cilt-kanseri-teshisi-bitirme/data/raw/HAM10000_images_part_2/ISIC_0032985.jpg,1
/Users/suleymanmini/Desktop/cilt kanseri/cilt-kanseri-teshisi-bitirme/data/raw/HAM10000_images_part_1/ISIC_0026154.jpg,1
/Users/suleymanmini/Desktop/cilt kanseri/cilt-kanseri-teshisi-bitirme/data/raw/HAM10000_images_part_2/ISIC_0031721.jpg,1
/Users/suleymanmini/Desktop/cilt kanseri/cilt-kanseri-teshisi-bitirme/data/raw/HAM10000_images_part_2/ISIC_0032254.jpg,0
/Users/suleymanmini/Desktop/cilt kanseri/cilt-kanseri-teshisi-bitirme/data/raw/HAM10000_images_part_2/ISIC_0034092.jpg,1
/Users/suleymanmini/Desktop/cilt kanseri/cilt-kanseri-teshisi-bitirme/data/raw/HAM10000_images_part_2/ISIC_0031255.jpg,0
/Users/suleymanmini/Desktop/cilt kanseri/cilt-kanseri-teshisi-bitirme/data/raw/HAM10000_images_part_2/ISIC_0031645.jpg,0
/Users/suleymanmini/Desktop/cilt kanseri/cilt-kanseri-teshisi-bitirme/data/raw/HAM10000_images_part_2/ISIC_0031056.jpg,1
/Users/suleymanmini/Desktop/cilt kanseri/cilt-kanseri-teshisi-bitirme/data/raw/HAM10000_images_part_2/ISIC_0032021.jpg,0
/Users/suleymanmini/Desktop/cilt kanseri/cilt-kanseri-teshisi-bitirme/data/raw/HAM10000_images_part_2/ISIC_0031392.jpg,0
/Users/suleymanmini/Desktop/cilt kanseri/cilt-kanseri-teshisi-bitirme/data/raw/HAM10000_images_part_1/ISIC_0026815.jpg,0
/Users/suleymanmini/Desktop/cilt kanseri/cilt-kanseri-teshisi-bitirme/data/raw/HAM10000_images_part_2/ISIC_0031050.jpg,0
/Users/suleymanmini/Desktop/cilt kanseri/cilt-kanseri-teshisi-bitirme/data/raw/HAM10000_images_part_2/ISIC_0029744.jpg,1
/Users/suleymanmini/Desktop/cilt kanseri/cilt-kanseri-teshisi-bitirme/data/raw/HAM10000_images_part_2/ISIC_0030689.jpg,1
/Users/suleymanmini/Desktop/cilt kanseri/cilt-kanseri-teshisi-bitirme/data/raw/HAM10000_images_part_1/ISIC_0028509.jpg,0
/Users/suleymanmini/Desktop/cilt kanseri/cilt-kanseri-teshisi-bitirme/data/raw/HAM10000_images_part_1/ISIC_0025737.jpg,0
/Users/suleymanmini/Desktop/cilt kanseri/cilt-kanseri-teshisi-bitirme/data/raw/HAM10000_images_part_2/ISIC_0034132.jpg,1
/Users/suleymanmini/Desktop/cilt kanseri/cilt-kanseri-teshisi-bitirme/data/raw/HAM10000_images_part_1/ISIC_0027232.jpg,0
/Users/suleymanmini/Desktop/cilt kanseri/cilt-kanseri-teshisi-bitirme/data/synthetic/generated_malign/synth_malign_00733.jpg,1
/Users/suleymanmini/Desktop/cilt kanseri/cilt-kanseri-teshisi-bitirme/data/raw/HAM10000_images_part_1/ISIC_0025138.jpg,0
/Users/suleymanmini/Desktop/cilt kanseri/cilt-kanseri-teshisi-bitirme/data/raw/HAM10000_images_part_1/ISIC_0027106.jpg,0
/Users/suleymanmini/Desktop/cilt kanseri/cilt-kanseri-teshisi-bitirme/data/raw/HAM10000_images_part_1/ISIC_0029250.jpg,0
/Users/suleymanmini/Desktop/cilt kanseri/cilt-kanseri-teshisi-bitirme/data/raw/HAM10000_images_part_1/ISIC_0027964.jpg,1
/Users/suleymanmini/Desktop/cilt kanseri/cilt-kanseri-teshisi-bitirme/data/raw/HAM10000_images_part_2/ISIC_0029608.jpg,0
/Users/suleymanmini/Desktop/cilt kanseri/cilt-kanseri-teshisi-bitirme/data/raw/HAM10000_images_part_2/ISIC_0032680.jpg,0
/Users/suleymanmini/Desktop/cilt kanseri/cilt-kanseri-teshisi-bitirme/data/raw/HAM10000_images_part_2/ISIC_0030342.jpg,0
/Users/suleymanmini/Desktop/cilt kanseri/cilt-kanseri-teshisi-bitirme/data/raw/HAM10000_images_part_1/ISIC_0029270.jpg,0
/Users/suleymanmini/Desktop/cilt kanseri/cilt-kanseri-teshisi-bitirme/data/raw/HAM10000_images_part_1/ISIC_0025080.jpg,0
/Users/suleymanmini/Desktop/cilt kanseri/cilt-kanseri-teshisi-bitirme/data/raw/HAM10000_images_part_2/ISIC_0034155.jpg,1
/Users/suleymanmini/Desktop/cilt kanseri/cilt-kanseri-teshisi-bitirme/data/raw/HAM10000_images_part_2/ISIC_0030639.jpg,0
/Users/suleymanmini/Desktop/cilt kanseri/cilt-kanseri-teshisi-bitirme/data/raw/HAM10000_images_part_1/ISIC_0024890.jpg,0
/Users/suleymanmini/Desktop/cilt kanseri/cilt-kanseri-teshisi-bitirme/data/raw/HAM10000_images_part_2/ISIC_0029306.jpg,0
/Users/suleymanmini/Desktop/cilt kanseri/cilt-kanseri-teshisi-bitirme/data/synthetic/generated_malign/synth_malign_00869.jpg,1
/Users/suleymanmini/Desktop/cilt kanseri/cilt-kanseri-teshisi-bitirme/data/synthetic/generated_malign/synth_malign_00643.jpg,1
/Users/suleymanmini/Desktop/cilt kanseri/cilt-kanseri-teshisi-bitirme/data/raw/HAM10000_images_part_1/ISIC_0026046.jpg,0
/Users/suleymanmini/Desktop/cilt kanseri/cilt-kanseri-teshisi-bitirme/data/raw/HAM10000_images_part_1/ISIC_0026965.jpg,0
/Users/suleymanmini/Desktop/cilt kanseri/cilt-kanseri-teshisi-bitirme/data/synthetic/generated_malign/synth_malign_00795.jpg,1
/Users/suleymanmini/Desktop/cilt kanseri/cilt-kanseri-teshisi-bitirme/data/raw/HAM10000_images_part_1/ISIC_0024695.jpg,0
/Users/suleymanmini/Desktop/cilt kanseri/cilt-kanseri-teshisi-bitirme/data/raw/HAM10000_images_part_2/ISIC_0030928.jpg,0
/Users/suleymanmini/Desktop/cilt kanseri/cilt-kanseri-teshisi-bitirme/data/raw/HAM10000_images_part_1/ISIC_0027996.jpg,0
/Users/suleymanmini/Desktop/cilt kanseri/cilt-kanseri-teshisi-bitirme/data/raw/HAM10000_images_part_1/ISIC_0025694.jpg,0
/Users/suleymanmini/Desktop/cilt kanseri/cilt-kanseri-teshisi-bitirme/data/raw/HAM10000_images_part_1/ISIC_0028821.jpg,0
/Users/suleymanmini/Desktop/cilt kanseri/cilt-kanseri-teshisi-bitirme/data/raw/HAM10000_images_part_2/ISIC_0033153.jpg,0
/Users/suleymanmini/Desktop/cilt kanseri/cilt-kanseri-teshisi-bitirme/data/raw/HAM10000_images_part_2/ISIC_0031413.jpg,1
/Users/suleymanmini/Desktop/cilt kanseri/cilt-kanseri-teshisi-bitirme/data/raw/HAM10000_images_part_1/ISIC_0024906.jpg,0
/Users/suleymanmini/Desktop/cilt kanseri/cilt-kanseri-teshisi-bitirme/data/raw/HAM10000_images_part_2/ISIC_0033083.jpg,0
/Users/suleymanmini/Desktop/cilt kanseri/cilt-kanseri-teshisi-bitirme/data/raw/HAM10000_images_part_2/ISIC_0031429.jpg,0
/Users/suleymanmini/Desktop/cilt kanseri/cilt-kanseri-teshisi-bitirme/data/raw/HAM10000_images_part_2/ISIC_0034304.jpg,0
/Users/suleymanmini/Desktop/cilt kanseri/cilt-kanseri-teshisi-bitirme/data/raw/HAM10000_images_part_1/ISIC_0024527.jpg,0
/Users/suleymanmini/Desktop/cilt kanseri/cilt-kanseri-teshisi-bitirme/data/synthetic/generated_malign/synth_malign_00094.jpg,1
/Users/suleymanmini/Desktop/cilt kanseri/cilt-kanseri-teshisi-bitirme/data/raw/HAM10000_images_part_1/ISIC_0025764.jpg,0
/Users/suleymanmini/Desktop/cilt kanseri/cilt-kanseri-teshisi-bitirme/data/raw/HAM10000_images_part_2/ISIC_0030087.jpg,0
/Users/suleymanmini/Desktop/cilt kanseri/cilt-kanseri-teshisi-bitirme/data/raw/HAM10000_images_part_2/ISIC_0030384.jpg,0
/Users/suleymanmini/Desktop/cilt kanseri/cilt-kanseri-teshisi-bitirme/data/raw/HAM10000_images_part_1/ISIC_0027821.jpg,0
/Users/suleymanmini/Desktop/cilt kanseri/cilt-kanseri-teshisi-bitirme/data/raw/HAM10000_images_part_1/ISIC_0029178.jpg,0
/Users/suleymanmini/Desktop/cilt kanseri/cilt-kanseri-teshisi-bitirme/data/raw/HAM10000_images_part_1/ISIC_0025550.jpg,1
/Users/suleymanmini/Desktop/cilt kanseri/cilt-kanseri-teshisi-bitirme/data/raw/HAM10000_images_part_1/ISIC_0026337.jpg,1
/Users/suleymanmini/Desktop/cilt kanseri/cilt-kanseri-teshisi-bitirme/data/raw/HAM10000_images_part_1/ISIC_0025838.jpg,0
/Users/suleymanmini/Desktop/cilt kanseri/cilt-kanseri-teshisi-bitirme/data/raw/HAM10000_images_part_1/ISIC_0025564.jpg,1
/Users/suleymanmini/Desktop/cilt kanseri/cilt-kanseri-teshisi-bitirme/data/raw/HAM10000_images_part_2/ISIC_0030404.jpg,0
/Users/suleymanmini/Desktop/cilt kanseri/cilt-kanseri-teshisi-bitirme/data/raw/HAM10000_images_part_1/ISIC_0025656.jpg,0
/Users/suleymanmini/Desktop/cilt kanseri/cilt-kanseri-teshisi-bitirme/data/raw/HAM10000_images_part_1/ISIC_0024819.jpg,0
/Users/suleymanmini/Desktop/cilt kanseri/cilt-kanseri-teshisi-bitirme/data/raw/HAM10000_images_part_2/ISIC_0032951.jpg,0
/Users/suleymanmini/Desktop/cilt kanseri/cilt-kanseri-teshisi-bitirme/data/raw/HAM10000_images_part_1/ISIC_0028460.jpg,1
/Users/suleymanmini/Desktop/cilt kanseri/cilt-kanseri-teshisi-bitirme/data/raw/HAM10000_images_part_1/ISIC_0029042.jpg,0
/Users/suleymanmini/Desktop/cilt kanseri/cilt-kanseri-teshisi-bitirme/data/raw/HAM10000_images_part_2/ISIC_0032489.jpg,0
/Users/suleymanmini/Desktop/cilt kanseri/cilt-kanseri-teshisi-bitirme/data/raw/HAM10000_images_part_1/ISIC_0029119.jpg,0
/Users/suleymanmini/Desktop/cilt kanseri/cilt-kanseri-teshisi-bitirme/data/raw/HAM10000_images_part_1/ISIC_0028070.jpg,0
/Users/suleymanmini/Desktop/cilt kanseri/cilt-kanseri-teshisi-bitirme/data/raw/HAM10000_images_part_2/ISIC_0030334.jpg,0
/Users/suleymanmini/Desktop/cilt kanseri/cilt-kanseri-teshisi-bitirme/data/raw/HAM10000_images_part_1/ISIC_0028545.jpg,0
/Users/suleymanmini/Desktop/cilt kanseri/cilt-kanseri-teshisi-bitirme/data/raw/HAM10000_images_part_2/ISIC_0030838.jpg,0
/Users/suleymanmini/Desktop/cilt kanseri/cilt-kanseri-teshisi-bitirme/data/raw/HAM10000_images_part_2/ISIC_0033352.jpg,0
/Users/suleymanmini/Desktop/cilt kanseri/cilt-kanseri-teshisi-bitirme/data/raw/HAM10000_images_part_2/ISIC_0033161.jpg,0
/Users/suleymanmini/Desktop/cilt kanseri/cilt-kanseri-teshisi-bitirme/data/raw/HAM10000_images_part_1/ISIC_0025822.jpg,0
/Users/suleymanmini/Desktop/cilt kanseri/cilt-kanseri-teshisi-bitirme/data/raw/HAM10000_images_part_1/ISIC_0024823.jpg,1
/Users/suleymanmini/Desktop/cilt kanseri/cilt-kanseri-teshisi-bitirme/data/synthetic/generated_malign/synth_malign_00158.jpg,1
/Users/suleymanmini/Desktop/cilt kanseri/cilt-kanseri-teshisi-bitirme/data/raw/HAM10000_images_part_1/ISIC_0026331.jpg,0
/Users/suleymanmini/Desktop/cilt kanseri/cilt-kanseri-teshisi-bitirme/data/raw/HAM10000_images_part_1/ISIC_0024635.jpg,0
/Users/suleymanmini/Desktop/cilt kanseri/cilt-kanseri-teshisi-bitirme/data/raw/HAM10000_images_part_2/ISIC_0031313.jpg,0
/Users/suleymanmini/Desktop/cilt kanseri/cilt-kanseri-teshisi-bitirme/data/raw/HAM10000_images_part_1/ISIC_0025261.jpg,0
/Users/suleymanmini/Desktop/cilt kanseri/cilt-kanseri-teshisi-bitirme/data/raw/HAM10000_images_part_1/ISIC_0027587.jpg,0
/Users/suleymanmini/Desktop/cilt kanseri/cilt-kanseri-teshisi-bitirme/data/raw/HAM10000_images_part_1/ISIC_0026999.jpg,0
/Users/suleymanmini/Desktop/cilt kanseri/cilt-kanseri-teshisi-bitirme/data/raw/HAM10000_images_part_1/ISIC_0026806.jpg,0
/Users/suleymanmini/Desktop/cilt kanseri/cilt-kanseri-teshisi-bitirme/data/raw/HAM10000_images_part_1/ISIC_0028520.jpg,1
/Users/suleymanmini/Desktop/cilt kanseri/cilt-kanseri-teshisi-bitirme/data/raw/HAM10000_images_part_2/ISIC_0031890.jpg,1
/Users/suleymanmini/Desktop/cilt kanseri/cilt-kanseri-teshisi-bitirme/data/raw/HAM10000_images_part_2/ISIC_0032302.jpg,1
/Users/suleymanmini/Desktop/cilt kanseri/cilt-kanseri-teshisi-bitirme/data/synthetic/generated_malign/synth_malign_00136.jpg,1
/Users/suleymanmini/Desktop/cilt kanseri/cilt-kanseri-teshisi-bitirme/data/raw/HAM10000_images_part_2/ISIC_0033848.jpg,1
/Users/suleymanmini/Desktop/cilt kanseri/cilt-kanseri-teshisi-bitirme/data/raw/HAM10000_images_part_1/ISIC_0024334.jpg,0
/Users/suleymanmini/Desktop/cilt kanseri/cilt-kanseri-teshisi-bitirme/data/synthetic/generated_malign/synth_malign_00393.jpg,1
/Users/suleymanmini/Desktop/cilt kanseri/cilt-kanseri-teshisi-bitirme/data/raw/HAM10000_images_part_2/ISIC_0031046.jpg,0
/Users/suleymanmini/Desktop/cilt kanseri/cilt-kanseri-teshisi-bitirme/data/raw/HAM10000_images_part_2/ISIC_0029444.jpg,0
/Users/suleymanmini/Desktop/cilt kanseri/cilt-kanseri-teshisi-bitirme/data/raw/HAM10000_images_part_2/ISIC_0029804.jpg,0
/Users/suleymanmini/Desktop/cilt kanseri/cilt-kanseri-teshisi-bitirme/data/raw/HAM10000_images_part_1/ISIC_0027607.jpg,0
/Users/suleymanmini/Desktop/cilt kanseri/cilt-kanseri-teshisi-bitirme/data/raw/HAM10000_images_part_1/ISIC_0025887.jpg,0
/Users/suleymanmini/Desktop/cilt kanseri/cilt-kanseri-teshisi-bitirme/data/raw/HAM10000_images_part_1/ISIC_0029168.jpg,0
/Users/suleymanmini/Desktop/cilt kanseri/cilt-kanseri-teshisi-bitirme/data/synthetic/generated_malign/synth_malign_00587.jpg,1
/Users/suleymanmini/Desktop/cilt kanseri/cilt-kanseri-teshisi-bitirme/data/synthetic/generated_malign/synth_malign_00853.jpg,1
/Users/suleymanmini/Desktop/cilt kanseri/cilt-kanseri-teshisi-bitirme/data/synthetic/generated_malign/synth_malign_00413.jpg,1
/Users/suleymanmini/Desktop/cilt kanseri/cilt-kanseri-teshisi-bitirme/data/raw/HAM10000_images_part_1/ISIC_0024759.jpg,0
/Users/suleymanmini/Desktop/cilt kanseri/cilt-kanseri-teshisi-bitirme/data/raw/HAM10000_images_part_2/ISIC_0030979.jpg,0
/Users/suleymanmini/Desktop/cilt kanseri/cilt-kanseri-teshisi-bitirme/data/raw/HAM10000_images_part_1/ISIC_0026355.jpg,0
/Users/suleymanmini/Desktop/cilt kanseri/cilt-kanseri-teshisi-bitirme/data/raw/HAM10000_images_part_1/ISIC_0027015.jpg,0
/Users/suleymanmini/Desktop/cilt kanseri/cilt-kanseri-teshisi-bitirme/data/raw/HAM10000_images_part_2/ISIC_0030300.jpg,0
/Users/suleymanmini/Desktop/cilt kanseri/cilt-kanseri-teshisi-bitirme/data/raw/HAM10000_images_part_1/ISIC_0028400.jpg,0
/Users/suleymanmini/Desktop/cilt kanseri/cilt-kanseri-teshisi-bitirme/data/raw/HAM10000_images_part_2/ISIC_0033392.jpg,1
/Users/suleymanmini/Desktop/cilt kanseri/cilt-kanseri-teshisi-bitirme/data/synthetic/generated_malign/synth_malign_00756.jpg,1
/Users/suleymanmini/Desktop/cilt kanseri/cilt-kanseri-teshisi-bitirme/data/raw/HAM10000_images_part_2/ISIC_0031579.jpg,0
/Users/suleymanmini/Desktop/cilt kanseri/cilt-kanseri-teshisi-bitirme/data/raw/HAM10000_images_part_2/ISIC_0031201.jpg,0
/Users/suleymanmini/Desktop/cilt kanseri/cilt-kanseri-teshisi-bitirme/data/raw/HAM10000_images_part_1/ISIC_0027188.jpg,0
/Users/suleymanmini/Desktop/cilt kanseri/cilt-kanseri-teshisi-bitirme/data/raw/HAM10000_images_part_1/ISIC_0025636.jpg,0
/Users/suleymanmini/Desktop/cilt kanseri/cilt-kanseri-teshisi-bitirme/data/raw/HAM10000_images_part_2/ISIC_0032371.jpg,1
/Users/suleymanmini/Desktop/cilt kanseri/cilt-kanseri-teshisi-bitirme/data/raw/HAM10000_images_part_2/ISIC_0031889.jpg,0
/Users/suleymanmini/Desktop/cilt kanseri/cilt-kanseri-teshisi-bitirme/data/synthetic/generated_malign/synth_malign_00088.jpg,1
/Users/suleymanmini/Desktop/cilt kanseri/cilt-kanseri-teshisi-bitirme/data/raw/HAM10000_images_part_1/ISIC_0024328.jpg,0
/Users/suleymanmini/Desktop/cilt kanseri/cilt-kanseri-teshisi-bitirme/data/raw/HAM10000_images_part_2/ISIC_0031204.jpg,0
/Users/suleymanmini/Desktop/cilt kanseri/cilt-kanseri-teshisi-bitirme/data/raw/HAM10000_images_part_1/ISIC_0027873.jpg,0
/Users/suleymanmini/Desktop/cilt kanseri/cilt-kanseri-teshisi-bitirme/data/raw/HAM10000_images_part_2/ISIC_0030190.jpg,0
/Users/suleymanmini/Desktop/cilt kanseri/cilt-kanseri-teshisi-bitirme/data/synthetic/generated_malign/synth_malign_00226.jpg,1
/Users/suleymanmini/Desktop/cilt kanseri/cilt-kanseri-teshisi-bitirme/data/raw/HAM10000_images_part_2/ISIC_0032157.jpg,0
/Users/suleymanmini/Desktop/cilt kanseri/cilt-kanseri-teshisi-bitirme/data/raw/HAM10000_images_part_1/ISIC_0026659.jpg,0
/Users/suleymanmini/Desktop/cilt kanseri/cilt-kanseri-teshisi-bitirme/data/raw/HAM10000_images_part_1/ISIC_0028926.jpg,0
/Users/suleymanmini/Desktop/cilt kanseri/cilt-kanseri-teshisi-bitirme/data/raw/HAM10000_images_part_1/ISIC_0024344.jpg,0
/Users/suleymanmini/Desktop/cilt kanseri/cilt-kanseri-teshisi-bitirme/data/raw/HAM10000_images_part_2/ISIC_0030262.jpg,0
/Users/suleymanmini/Desktop/cilt kanseri/cilt-kanseri-teshisi-bitirme/data/raw/HAM10000_images_part_1/ISIC_0027241.jpg,0
/Users/suleymanmini/Desktop/cilt kanseri/cilt-kanseri-teshisi-bitirme/data/raw/HAM10000_images_part_2/ISIC_0031044.jpg,1
/Users/suleymanmini/Desktop/cilt kanseri/cilt-kanseri-teshisi-bitirme/data/raw/HAM10000_images_part_2/ISIC_0034083.jpg,0
/Users/suleymanmini/Desktop/cilt kanseri/cilt-kanseri-teshisi-bitirme/data/raw/HAM10000_images_part_1/ISIC_0024945.jpg,0
/Users/suleymanmini/Desktop/cilt kanseri/cilt-kanseri-teshisi-bitirme/data/raw/HAM10000_images_part_1/ISIC_0026180.jpg,0
/Users/suleymanmini/Desktop/cilt kanseri/cilt-kanseri-teshisi-bitirme/data/raw/HAM10000_images_part_2/ISIC_0032109.jpg,0
/Users/suleymanmini/Desktop/cilt kanseri/cilt-kanseri-teshisi-bitirme/data/raw/HAM10000_images_part_1/ISIC_0024699.jpg,0
/Users/suleymanmini/Desktop/cilt kanseri/cilt-kanseri-teshisi-bitirme/data/raw/HAM10000_images_part_1/ISIC_0027427.jpg,0
/Users/suleymanmini/Desktop/cilt kanseri/cilt-kanseri-teshisi-bitirme/data/raw/HAM10000_images_part_2/ISIC_0034066.jpg,1
/Users/suleymanmini/Desktop/cilt kanseri/cilt-kanseri-teshisi-bitirme/data/raw/HAM10000_images_part_1/ISIC_0027876.jpg,0
/Users/suleymanmini/Desktop/cilt kanseri/cilt-kanseri-teshisi-bitirme/data/raw/HAM10000_images_part_1/ISIC_0028249.jpg,0
/Users/suleymanmini/Desktop/cilt kanseri/cilt-kanseri-teshisi-bitirme/data/raw/HAM10000_images_part_1/ISIC_0027144.jpg,1
/Users/suleymanmini/Desktop/cilt kanseri/cilt-kanseri-teshisi-bitirme/data/raw/HAM10000_images_part_1/ISIC_0024433.jpg,0
/Users/suleymanmini/Desktop/cilt kanseri/cilt-kanseri-teshisi-bitirme/data/raw/HAM10000_images_part_2/ISIC_0031381.jpg,1
/Users/suleymanmini/Desktop/cilt kanseri/cilt-kanseri-teshisi-bitirme/data/raw/HAM10000_images_part_2/ISIC_0032918.jpg,1
/Users/suleymanmini/Desktop/cilt kanseri/cilt-kanseri-teshisi-bitirme/data/raw/HAM10000_images_part_1/ISIC_0027086.jpg,0
/Users/suleymanmini/Desktop/cilt kanseri/cilt-kanseri-teshisi-bitirme/data/raw/HAM10000_images_part_2/ISIC_0029801.jpg,0
/Users/suleymanmini/Desktop/cilt kanseri/cilt-kanseri-teshisi-bitirme/data/raw/HAM10000_images_part_2/ISIC_0032448.jpg,0
/Users/suleymanmini/Desktop/cilt kanseri/cilt-kanseri-teshisi-bitirme/data/raw/HAM10000_images_part_1/ISIC_0027916.jpg,0
/Users/suleymanmini/Desktop/cilt kanseri/cilt-kanseri-teshisi-bitirme/data/raw/HAM10000_images_part_2/ISIC_0032461.jpg,1
/Users/suleymanmini/Desktop/cilt kanseri/cilt-kanseri-teshisi-bitirme/data/raw/HAM10000_images_part_2/ISIC_0030382.jpg,1
/Users/suleymanmini/Desktop/cilt kanseri/cilt-kanseri-teshisi-bitirme/data/raw/HAM10000_images_part_2/ISIC_0029353.jpg,1
/Users/suleymanmini/Desktop/cilt kanseri/cilt-kanseri-teshisi-bitirme/data/raw/HAM10000_images_part_1/ISIC_0025642.jpg,0
/Users/suleymanmini/Desktop/cilt kanseri/cilt-kanseri-teshisi-bitirme/data/synthetic/generated_malign/synth_malign_00551.jpg,1
/Users/suleymanmini/Desktop/cilt kanseri/cilt-kanseri-teshisi-bitirme/data/raw/HAM10000_images_part_1/ISIC_0026062.jpg,0
/Users/suleymanmini/Desktop/cilt kanseri/cilt-kanseri-teshisi-bitirme/data/raw/HAM10000_images_part_1/ISIC_0026869.jpg,0
/Users/suleymanmini/Desktop/cilt kanseri/cilt-kanseri-teshisi-bitirme/data/raw/HAM10000_images_part_1/ISIC_0024414.jpg,0
/Users/suleymanmini/Desktop/cilt kanseri/cilt-kanseri-teshisi-bitirme/data/raw/HAM10000_images_part_1/ISIC_0026650.jpg,1
/Users/suleymanmini/Desktop/cilt kanseri/cilt-kanseri-teshisi-bitirme/data/raw/HAM10000_images_part_2/ISIC_0030889.jpg,0
/Users/suleymanmini/Desktop/cilt kanseri/cilt-kanseri-teshisi-bitirme/data/raw/HAM10000_images_part_1/ISIC_0025867.jpg,0
/Users/suleymanmini/Desktop/cilt kanseri/cilt-kanseri-teshisi-bitirme/data/raw/HAM10000_images_part_2/ISIC_0029536.jpg,0
/Users/suleymanmini/Desktop/cilt kanseri/cilt-kanseri-teshisi-bitirme/data/raw/HAM10000_images_part_1/ISIC_0027474.jpg,0
/Users/suleymanmini/Desktop/cilt kanseri/cilt-kanseri-teshisi-bitirme/data/raw/HAM10000_images_part_2/ISIC_0032572.jpg,0
/Users/suleymanmini/Desktop/cilt kanseri/cilt-kanseri-teshisi-bitirme/data/raw/HAM10000_images_part_2/ISIC_0030388.jpg,0
/Users/suleymanmini/Desktop/cilt kanseri/cilt-kanseri-teshisi-bitirme/data/raw/HAM10000_images_part_2/ISIC_0034009.jpg,0
/Users/suleymanmini/Desktop/cilt kanseri/cilt-kanseri-teshisi-bitirme/data/raw/HAM10000_images_part_2/ISIC_0034028.jpg,1
/Users/suleymanmini/Desktop/cilt kanseri/cilt-kanseri-teshisi-bitirme/data/raw/HAM10000_images_part_1/ISIC_0028129.jpg,0
/Users/suleymanmini/Desktop/cilt kanseri/cilt-kanseri-teshisi-bitirme/data/raw/HAM10000_images_part_2/ISIC_0031475.jpg,0
/Users/suleymanmini/Desktop/cilt kanseri/cilt-kanseri-teshisi-bitirme/data/synthetic/generated_malign/synth_malign_00209.jpg,1
/Users/suleymanmini/Desktop/cilt kanseri/cilt-kanseri-teshisi-bitirme/data/raw/HAM10000_images_part_2/ISIC_0031723.jpg,0
/Users/suleymanmini/Desktop/cilt kanseri/cilt-kanseri-teshisi-bitirme/data/synthetic/generated_malign/synth_malign_00892.jpg,1
/Users/suleymanmini/Desktop/cilt kanseri/cilt-kanseri-teshisi-bitirme/data/raw/HAM10000_images_part_2/ISIC_0030433.jpg,0
/Users/suleymanmini/Desktop/cilt kanseri/cilt-kanseri-teshisi-bitirme/data/raw/HAM10000_images_part_1/ISIC_0025041.jpg,0
/Users/suleymanmini/Desktop/cilt kanseri/cilt-kanseri-teshisi-bitirme/data/raw/HAM10000_images_part_2/ISIC_0033485.jpg,1
/Users/suleymanmini/Desktop/cilt kanseri/cilt-kanseri-teshisi-bitirme/data/synthetic/generated_malign/synth_malign_00128.jpg,1
/Users/suleymanmini/Desktop/cilt kanseri/cilt-kanseri-teshisi-bitirme/data/raw/HAM10000_images_part_1/ISIC_0027345.jpg,0
/Users/suleymanmini/Desktop/cilt kanseri/cilt-kanseri-teshisi-bitirme/data/raw/HAM10000_images_part_1/ISIC_0026504.jpg,0
/Users/suleymanmini/Desktop/cilt kanseri/cilt-kanseri-teshisi-bitirme/data/raw/HAM10000_images_part_1/ISIC_0024457.jpg,1
/Users/suleymanmini/Desktop/cilt kanseri/cilt-kanseri-teshisi-bitirme/data/raw/HAM10000_images_part_2/ISIC_0033578.jpg,1
/Users/suleymanmini/Desktop/cilt kanseri/cilt-kanseri-teshisi-bitirme/data/raw/HAM10000_images_part_2/ISIC_0031281.jpg,0
/Users/suleymanmini/Desktop/cilt kanseri/cilt-kanseri-teshisi-bitirme/data/raw/HAM10000_images_part_2/ISIC_0030406.jpg,0
/Users/suleymanmini/Desktop/cilt kanseri/cilt-kanseri-teshisi-bitirme/data/raw/HAM10000_images_part_1/ISIC_0025034.jpg,0
/Users/suleymanmini/Desktop/cilt kanseri/cilt-kanseri-teshisi-bitirme/data/raw/HAM10000_images_part_1/ISIC_0028335.jpg,1
/Users/suleymanmini/Desktop/cilt kanseri/cilt-kanseri-teshisi-bitirme/data/raw/HAM10000_images_part_2/ISIC_0032826.jpg,0
/Users/suleymanmini/Desktop/cilt kanseri/cilt-kanseri-teshisi-bitirme/data/raw/HAM10000_images_part_1/ISIC_0024973.jpg,0
/Users/suleymanmini/Desktop/cilt kanseri/cilt-kanseri-teshisi-bitirme/data/raw/HAM10000_images_part_1/ISIC_0028473.jpg,0
/Users/suleymanmini/Desktop/cilt kanseri/cilt-kanseri-teshisi-bitirme/data/raw/HAM10000_images_part_1/ISIC_0025723.jpg,0
/Users/suleymanmini/Desktop/cilt kanseri/cilt-kanseri-teshisi-bitirme/data/synthetic/generated_malign/synth_malign_00140.jpg,1
/Users/suleymanmini/Desktop/cilt kanseri/cilt-kanseri-teshisi-bitirme/data/synthetic/generated_malign/synth_malign_00368.jpg,1
/Users/suleymanmini/Desktop/cilt kanseri/cilt-kanseri-teshisi-bitirme/data/raw/HAM10000_images_part_2/ISIC_0032196.jpg,0
/Users/suleymanmini/Desktop/cilt kanseri/cilt-kanseri-teshisi-bitirme/data/raw/HAM10000_images_part_1/ISIC_0027471.jpg,0
/Users/suleymanmini/Desktop/cilt kanseri/cilt-kanseri-teshisi-bitirme/data/raw/HAM10000_images_part_2/ISIC_0033660.jpg,0
/Users/suleymanmini/Desktop/cilt kanseri/cilt-kanseri-teshisi-bitirme/data/raw/HAM10000_images_part_2/ISIC_0031878.jpg,0
/Users/suleymanmini/Desktop/cilt kanseri/cilt-kanseri-teshisi-bitirme/data/raw/HAM10000_images_part_2/ISIC_0029792.jpg,0
/Users/suleymanmini/Desktop/cilt kanseri/cilt-kanseri-teshisi-bitirme/data/raw/HAM10000_images_part_1/ISIC_0028678.jpg,0
/Users/suleymanmini/Desktop/cilt kanseri/cilt-kanseri-teshisi-bitirme/data/raw/HAM10000_images_part_2/ISIC_0033823.jpg,0
/Users/suleymanmini/Desktop/cilt kanseri/cilt-kanseri-teshisi-bitirme/data/raw/HAM10000_images_part_1/ISIC_0025268.jpg,1
/Users/suleymanmini/Desktop/cilt kanseri/cilt-kanseri-teshisi-bitirme/data/synthetic/generated_malign/synth_malign_00124.jpg,1
/Users/suleymanmini/Desktop/cilt kanseri/cilt-kanseri-teshisi-bitirme/data/raw/HAM10000_images_part_1/ISIC_0028572.jpg,0
/Users/suleymanmini/Desktop/cilt kanseri/cilt-kanseri-teshisi-bitirme/data/raw/HAM10000_images_part_1/ISIC_0024365.jpg,0
/Users/suleymanmini/Desktop/cilt kanseri/cilt-kanseri-teshisi-bitirme/data/raw/HAM10000_images_part_1/ISIC_0028705.jpg,0
/Users/suleymanmini/Desktop/cilt kanseri/cilt-kanseri-teshisi-bitirme/data/synthetic/generated_malign/synth_malign_00819.jpg,1
/Users/suleymanmini/Desktop/cilt kanseri/cilt-kanseri-teshisi-bitirme/data/raw/HAM10000_images_part_2/ISIC_0031344.jpg,0
/Users/suleymanmini/Desktop/cilt kanseri/cilt-kanseri-teshisi-bitirme/data/raw/HAM10000_images_part_1/ISIC_0024782.jpg,0
/Users/suleymanmini/Desktop/cilt kanseri/cilt-kanseri-teshisi-bitirme/data/synthetic/generated_malign/synth_malign_00398.jpg,1
/Users/suleymanmini/Desktop/cilt kanseri/cilt-kanseri-teshisi-bitirme/data/raw/HAM10000_images_part_1/ISIC_0026211.jpg,0
/Users/suleymanmini/Desktop/cilt kanseri/cilt-kanseri-teshisi-bitirme/data/raw/HAM10000_images_part_2/ISIC_0031436.jpg,0
/Users/suleymanmini/Desktop/cilt kanseri/cilt-kanseri-teshisi-bitirme/data/synthetic/generated_malign/synth_malign_00372.jpg,1
/Users/suleymanmini/Desktop/cilt kanseri/cilt-kanseri-teshisi-bitirme/data/raw/HAM10000_images_part_2/ISIC_0033587.jpg,0
/Users/suleymanmini/Desktop/cilt kanseri/cilt-kanseri-teshisi-bitirme/data/raw/HAM10000_images_part_1/ISIC_0025298.jpg,0
/Users/suleymanmini/Desktop/cilt kanseri/cilt-kanseri-teshisi-bitirme/data/raw/HAM10000_images_part_2/ISIC_0033278.jpg,1
/Users/suleymanmini/Desktop/cilt kanseri/cilt-kanseri-teshisi-bitirme/data/raw/HAM10000_images_part_2/ISIC_0029428.jpg,0
/Users/suleymanmini/Desktop/cilt kanseri/cilt-kanseri-teshisi-bitirme/data/raw/HAM10000_images_part_1/ISIC_0027267.jpg,0
/Users/suleymanmini/Desktop/cilt kanseri/cilt-kanseri-teshisi-bitirme/data/raw/HAM10000_images_part_1/ISIC_0027768.jpg,0
/Users/suleymanmini/Desktop/cilt kanseri/cilt-kanseri-teshisi-bitirme/data/raw/HAM10000_images_part_2/ISIC_0034030.jpg,0
/Users/suleymanmini/Desktop/cilt kanseri/cilt-kanseri-teshisi-bitirme/data/raw/HAM10000_images_part_1/ISIC_0024474.jpg,0
/Users/suleymanmini/Desktop/cilt kanseri/cilt-kanseri-teshisi-bitirme/data/raw/HAM10000_images_part_1/ISIC_0026740.jpg,0
/Users/suleymanmini/Desktop/cilt kanseri/cilt-kanseri-teshisi-bitirme/data/raw/HAM10000_images_part_1/ISIC_0026695.jpg,0
/Users/suleymanmini/Desktop/cilt kanseri/cilt-kanseri-teshisi-bitirme/data/raw/HAM10000_images_part_2/ISIC_0033163.jpg,0
/Users/suleymanmini/Desktop/cilt kanseri/cilt-kanseri-teshisi-bitirme/data/raw/HAM10000_images_part_1/ISIC_0028240.jpg,0
/Users/suleymanmini/Desktop/cilt kanseri/cilt-kanseri-teshisi-bitirme/data/raw/HAM10000_images_part_1/ISIC_0026375.jpg,0
/Users/suleymanmini/Desktop/cilt kanseri/cilt-kanseri-teshisi-bitirme/data/raw/HAM10000_images_part_2/ISIC_0030023.jpg,0
/Users/suleymanmini/Desktop/cilt kanseri/cilt-kanseri-teshisi-bitirme/data/raw/HAM10000_images_part_2/ISIC_0031299.jpg,0
/Users/suleymanmini/Desktop/cilt kanseri/cilt-kanseri-teshisi-bitirme/data/raw/HAM10000_images_part_2/ISIC_0029853.jpg,0
/Users/suleymanmini/Desktop/cilt kanseri/cilt-kanseri-teshisi-bitirme/data/raw/HAM10000_images_part_1/ISIC_0026023.jpg,0
/Users/suleymanmini/Desktop/cilt kanseri/cilt-kanseri-teshisi-bitirme/data/raw/HAM10000_images_part_2/ISIC_0032906.jpg,1
/Users/suleymanmini/Desktop/cilt kanseri/cilt-kanseri-teshisi-bitirme/data/synthetic/generated_malign/synth_malign_00943.jpg,1
/Users/suleymanmini/Desktop/cilt kanseri/cilt-kanseri-teshisi-bitirme/data/raw/HAM10000_images_part_1/ISIC_0026153.jpg,0
/Users/suleymanmini/Desktop/cilt kanseri/cilt-kanseri-teshisi-bitirme/data/raw/HAM10000_images_part_1/ISIC_0028042.jpg,0
/Users/suleymanmini/Desktop/cilt kanseri/cilt-kanseri-teshisi-bitirme/data/raw/HAM10000_images_part_1/ISIC_0029246.jpg,0
/Users/suleymanmini/Desktop/cilt kanseri/cilt-kanseri-teshisi-bitirme/data/raw/HAM10000_images_part_1/ISIC_0028025.jpg,0
/Users/suleymanmini/Desktop/cilt kanseri/cilt-kanseri-teshisi-bitirme/data/raw/HAM10000_images_part_2/ISIC_0030441.jpg,0
/Users/suleymanmini/Desktop/cilt kanseri/cilt-kanseri-teshisi-bitirme/data/raw/HAM10000_images_part_1/ISIC_0028234.jpg,0
/Users/suleymanmini/Desktop/cilt kanseri/cilt-kanseri-teshisi-bitirme/data/raw/HAM10000_images_part_1/ISIC_0025367.jpg,0
/Users/suleymanmini/Desktop/cilt kanseri/cilt-kanseri-teshisi-bitirme/data/raw/HAM10000_images_part_1/ISIC_0026840.jpg,0
/Users/suleymanmini/Desktop/cilt kanseri/cilt-kanseri-teshisi-bitirme/data/raw/HAM10000_images_part_2/ISIC_0030749.jpg,0
/Users/suleymanmini/Desktop/cilt kanseri/cilt-kanseri-teshisi-bitirme/data/raw/HAM10000_images_part_2/ISIC_0031927.jpg,1
/Users/suleymanmini/Desktop/cilt kanseri/cilt-kanseri-teshisi-bitirme/data/raw/HAM10000_images_part_1/ISIC_0028726.jpg,0
/Users/suleymanmini/Desktop/cilt kanseri/cilt-kanseri-teshisi-bitirme/data/raw/HAM10000_images_part_2/ISIC_0031689.jpg,0
/Users/suleymanmini/Desktop/cilt kanseri/cilt-kanseri-teshisi-bitirme/data/synthetic/generated_malign/synth_malign_00022.jpg,1
/Users/suleymanmini/Desktop/cilt kanseri/cilt-kanseri-teshisi-bitirme/data/raw/HAM10000_images_part_1/ISIC_0024556.jpg,0
/Users/suleymanmini/Desktop/cilt kanseri/cilt-kanseri-teshisi-bitirme/data/raw/HAM10000_images_part_2/ISIC_0029719.jpg,0
/Users/suleymanmini/Desktop/cilt kanseri/cilt-kanseri-teshisi-bitirme/data/raw/HAM10000_images_part_1/ISIC_0028423.jpg,0
/Users/suleymanmini/Desktop/cilt kanseri/cilt-kanseri-teshisi-bitirme/data/raw/HAM10000_images_part_2/ISIC_0030135.jpg,0
/Users/suleymanmini/Desktop/cilt kanseri/cilt-kanseri-teshisi-bitirme/data/raw/HAM10000_images_part_1/ISIC_0028925.jpg,0
/Users/suleymanmini/Desktop/cilt kanseri/cilt-kanseri-teshisi-bitirme/data/raw/HAM10000_images_part_1/ISIC_0025710.jpg,0
/Users/suleymanmini/Desktop/cilt kanseri/cilt-kanseri-teshisi-bitirme/data/raw/HAM10000_images_part_1/ISIC_0026673.jpg,0
/Users/suleymanmini/Desktop/cilt kanseri/cilt-kanseri-teshisi-bitirme/data/raw/HAM10000_images_part_2/ISIC_0033734.jpg,0
/Users/suleymanmini/Desktop/cilt kanseri/cilt-kanseri-teshisi-bitirme/data/raw/HAM10000_images_part_2/ISIC_0029807.jpg,0
/Users/suleymanmini/Desktop/cilt kanseri/cilt-kanseri-teshisi-bitirme/data/raw/HAM10000_images_part_2/ISIC_0033966.jpg,0
/Users/suleymanmini/Desktop/cilt kanseri/cilt-kanseri-teshisi-bitirme/data/raw/HAM10000_images_part_2/ISIC_0030227.jpg,0
/Users/suleymanmini/Desktop/cilt kanseri/cilt-kanseri-teshisi-bitirme/data/raw/HAM10000_images_part_1/ISIC_0026307.jpg,0
/Users/suleymanmini/Desktop/cilt kanseri/cilt-kanseri-teshisi-bitirme/data/raw/HAM10000_images_part_1/ISIC_0028383.jpg,0
/Users/suleymanmini/Desktop/cilt kanseri/cilt-kanseri-teshisi-bitirme/data/raw/HAM10000_images_part_1/ISIC_0026509.jpg,0
/Users/suleymanmini/Desktop/cilt kanseri/cilt-kanseri-teshisi-bitirme/data/raw/HAM10000_images_part_1/ISIC_0026938.jpg,0
/Users/suleymanmini/Desktop/cilt kanseri/cilt-kanseri-teshisi-bitirme/data/raw/HAM10000_images_part_1/ISIC_0028758.jpg,0
/Users/suleymanmini/Desktop/cilt kanseri/cilt-kanseri-teshisi-bitirme/data/raw/HAM10000_images_part_1/ISIC_0025403.jpg,0
/Users/suleymanmini/Desktop/cilt kanseri/cilt-kanseri-teshisi-bitirme/data/raw/HAM10000_images_part_1/ISIC_0028895.jpg,0
/Users/suleymanmini/Desktop/cilt kanseri/cilt-kanseri-teshisi-bitirme/data/raw/HAM10000_images_part_2/ISIC_0034078.jpg,0
/Users/suleymanmini/Desktop/cilt kanseri/cilt-kanseri-teshisi-bitirme/data/raw/HAM10000_images_part_1/ISIC_0029057.jpg,0
/Users/suleymanmini/Desktop/cilt kanseri/cilt-kanseri-teshisi-bitirme/data/raw/HAM10000_images_part_2/ISIC_0029830.jpg,1
/Users/suleymanmini/Desktop/cilt kanseri/cilt-kanseri-teshisi-bitirme/data/raw/HAM10000_images_part_2/ISIC_0030239.jpg,0
/Users/suleymanmini/Desktop/cilt kanseri/cilt-kanseri-teshisi-bitirme/data/raw/HAM10000_images_part_1/ISIC_0027257.jpg,0
/Users/suleymanmini/Desktop/cilt kanseri/cilt-kanseri-teshisi-bitirme/data/raw/HAM10000_images_part_2/ISIC_0034087.jpg,1
/Users/suleymanmini/Desktop/cilt kanseri/cilt-kanseri-teshisi-bitirme/data/raw/HAM10000_images_part_2/ISIC_0031091.jpg,0
/Users/suleymanmini/Desktop/cilt kanseri/cilt-kanseri-teshisi-bitirme/data/raw/HAM10000_images_part_1/ISIC_0026766.jpg,1
/Users/suleymanmini/Desktop/cilt kanseri/cilt-kanseri-teshisi-bitirme/data/synthetic/generated_malign/synth_malign_00834.jpg,1
/Users/suleymanmini/Desktop/cilt kanseri/cilt-kanseri-teshisi-bitirme/data/raw/HAM10000_images_part_2/ISIC_0029482.jpg,0
/Users/suleymanmini/Desktop/cilt kanseri/cilt-kanseri-teshisi-bitirme/data/raw/HAM10000_images_part_1/ISIC_0027547.jpg,0
/Users/suleymanmini/Desktop/cilt kanseri/cilt-kanseri-teshisi-bitirme/data/raw/HAM10000_images_part_1/ISIC_0029017.jpg,1
/Users/suleymanmini/Desktop/cilt kanseri/cilt-kanseri-teshisi-bitirme/data/raw/HAM10000_images_part_2/ISIC_0034102.jpg,0
/Users/suleymanmini/Desktop/cilt kanseri/cilt-kanseri-teshisi-bitirme/data/raw/HAM10000_images_part_2/ISIC_0030741.jpg,0
/Users/suleymanmini/Desktop/cilt kanseri/cilt-kanseri-teshisi-bitirme/data/raw/HAM10000_images_part_1/ISIC_0025720.jpg,0
/Users/suleymanmini/Desktop/cilt kanseri/cilt-kanseri-teshisi-bitirme/data/raw/HAM10000_images_part_2/ISIC_0029588.jpg,0
/Users/suleymanmini/Desktop/cilt kanseri/cilt-kanseri-teshisi-bitirme/data/raw/HAM10000_images_part_1/ISIC_0028578.jpg,0
/Users/suleymanmini/Desktop/cilt kanseri/cilt-kanseri-teshisi-bitirme/data/raw/HAM10000_images_part_2/ISIC_0032054.jpg,0
/Users/suleymanmini/Desktop/cilt kanseri/cilt-kanseri-teshisi-bitirme/data/raw/HAM10000_images_part_1/ISIC_0028777.jpg,1
/Users/suleymanmini/Desktop/cilt kanseri/cilt-kanseri-teshisi-bitirme/data/raw/HAM10000_images_part_1/ISIC_0025107.jpg,0
/Users/suleymanmini/Desktop/cilt kanseri/cilt-kanseri-teshisi-bitirme/data/raw/HAM10000_images_part_2/ISIC_0034125.jpg,0
/Users/suleymanmini/Desktop/cilt kanseri/cilt-kanseri-teshisi-bitirme/data/synthetic/generated_malign/synth_malign_00998.jpg,1
/Users/suleymanmini/Desktop/cilt kanseri/cilt-kanseri-teshisi-bitirme/data/raw/HAM10000_images_part_2/ISIC_0032150.jpg,0
/Users/suleymanmini/Desktop/cilt kanseri/cilt-kanseri-teshisi-bitirme/data/raw/HAM10000_images_part_2/ISIC_0032723.jpg,1
/Users/suleymanmini/Desktop/cilt kanseri/cilt-kanseri-teshisi-bitirme/data/synthetic/generated_malign/synth_malign_00502.jpg,1
/Users/suleymanmini/Desktop/cilt kanseri/cilt-kanseri-teshisi-bitirme/data/raw/HAM10000_images_part_2/ISIC_0029761.jpg,0
/Users/suleymanmini/Desktop/cilt kanseri/cilt-kanseri-teshisi-bitirme/data/raw/HAM10000_images_part_1/ISIC_0027552.jpg,1
/Users/suleymanmini/Desktop/cilt kanseri/cilt-kanseri-teshisi-bitirme/data/raw/HAM10000_images_part_1/ISIC_0025871.jpg,0
/Users/suleymanmini/Desktop/cilt kanseri/cilt-kanseri-teshisi-bitirme/data/raw/HAM10000_images_part_1/ISIC_0027012.jpg,0
/Users/suleymanmini/Desktop/cilt kanseri/cilt-kanseri-teshisi-bitirme/data/raw/HAM10000_images_part_2/ISIC_0031114.jpg,0
/Users/suleymanmini/Desktop/cilt kanseri/cilt-kanseri-teshisi-bitirme/data/raw/HAM10000_images_part_1/ISIC_0025493.jpg,0
/Users/suleymanmini/Desktop/cilt kanseri/cilt-kanseri-teshisi-bitirme/data/raw/HAM10000_images_part_1/ISIC_0026084.jpg,0
/Users/suleymanmini/Desktop/cilt kanseri/cilt-kanseri-teshisi-bitirme/data/raw/HAM10000_images_part_2/ISIC_0029490.jpg,0
/Users/suleymanmini/Desktop/cilt kanseri/cilt-kanseri-teshisi-bitirme/data/raw/HAM10000_images_part_2/ISIC_0031330.jpg,0
/Users/suleymanmini/Desktop/cilt kanseri/cilt-kanseri-teshisi-bitirme/data/raw/HAM10000_images_part_1/ISIC_0027937.jpg,0
/Users/suleymanmini/Desktop/cilt kanseri/cilt-kanseri-teshisi-bitirme/data/raw/HAM10000_images_part_1/ISIC_0027286.jpg,0
/Users/suleymanmini/Desktop/cilt kanseri/cilt-kanseri-teshisi-bitirme/data/synthetic/generated_malign/synth_malign_00394.jpg,1
/Users/suleymanmini/Desktop/cilt kanseri/cilt-kanseri-teshisi-bitirme/data/raw/HAM10000_images_part_1/ISIC_0028716.jpg,0
/Users/suleymanmini/Desktop/cilt kanseri/cilt-kanseri-teshisi-bitirme/data/raw/HAM10000_images_part_2/ISIC_0031041.jpg,1
/Users/suleymanmini/Desktop/cilt kanseri/cilt-kanseri-teshisi-bitirme/data/raw/HAM10000_images_part_2/ISIC_0030588.jpg,0
/Users/suleymanmini/Desktop/cilt kanseri/cilt-kanseri-teshisi-bitirme/data/raw/HAM10000_images_part_1/ISIC_0027072.jpg,0
/Users/suleymanmini/Desktop/cilt kanseri/cilt-kanseri-teshisi-bitirme/data/raw/HAM10000_images_part_2/ISIC_0030238.jpg,1
/Users/suleymanmini/Desktop/cilt kanseri/cilt-kanseri-teshisi-bitirme/data/synthetic/generated_malign/synth_malign_00285.jpg,1
/Users/suleymanmini/Desktop/cilt kanseri/cilt-kanseri-teshisi-bitirme/data/raw/HAM10000_images_part_1/ISIC_0027883.jpg,0
/Users/suleymanmini/Desktop/cilt kanseri/cilt-kanseri-teshisi-bitirme/data/raw/HAM10000_images_part_1/ISIC_0026989.jpg,1
/Users/suleymanmini/Desktop/cilt kanseri/cilt-kanseri-teshisi-bitirme/data/synthetic/generated_malign/synth_malign_00419.jpg,1
/Users/suleymanmini/Desktop/cilt kanseri/cilt-kanseri-teshisi-bitirme/data/raw/HAM10000_images_part_2/ISIC_0034073.jpg,0
/Users/suleymanmini/Desktop/cilt kanseri/cilt-kanseri-teshisi-bitirme/data/raw/HAM10000_images_part_2/ISIC_0034149.jpg,0
/Users/suleymanmini/Desktop/cilt kanseri/cilt-kanseri-teshisi-bitirme/data/raw/HAM10000_images_part_1/ISIC_0028519.jpg,1
/Users/suleymanmini/Desktop/cilt kanseri/cilt-kanseri-teshisi-bitirme/data/raw/HAM10000_images_part_2/ISIC_0032101.jpg,0
/Users/suleymanmini/Desktop/cilt kanseri/cilt-kanseri-teshisi-bitirme/data/raw/HAM10000_images_part_1/ISIC_0026031.jpg,0
/Users/suleymanmini/Desktop/cilt kanseri/cilt-kanseri-teshisi-bitirme/data/synthetic/generated_malign/synth_malign_00048.jpg,1
/Users/suleymanmini/Desktop/cilt kanseri/cilt-kanseri-teshisi-bitirme/data/raw/HAM10000_images_part_2/ISIC_0031837.jpg,0
/Users/suleymanmini/Desktop/cilt kanseri/cilt-kanseri-teshisi-bitirme/data/synthetic/generated_malign/synth_malign_00082.jpg,1
/Users/suleymanmini/Desktop/cilt kanseri/cilt-kanseri-teshisi-bitirme/data/raw/HAM10000_images_part_1/ISIC_0025255.jpg,0
/Users/suleymanmini/Desktop/cilt kanseri/cilt-kanseri-teshisi-bitirme/data/raw/HAM10000_images_part_1/ISIC_0025239.jpg,0
/Users/suleymanmini/Desktop/cilt kanseri/cilt-kanseri-teshisi-bitirme/data/raw/HAM10000_images_part_2/ISIC_0029996.jpg,0
/Users/suleymanmini/Desktop/cilt kanseri/cilt-kanseri-teshisi-bitirme/data/raw/HAM10000_images_part_2/ISIC_0031776.jpg,0
/Users/suleymanmini/Desktop/cilt kanseri/cilt-kanseri-teshisi-bitirme/data/synthetic/generated_malign/synth_malign_00690.jpg,1
/Users/suleymanmini/Desktop/cilt kanseri/cilt-kanseri-teshisi-bitirme/data/raw/HAM10000_images_part_2/ISIC_0033939.jpg,0
/Users/suleymanmini/Desktop/cilt kanseri/cilt-kanseri-teshisi-bitirme/data/raw/HAM10000_images_part_1/ISIC_0025528.jpg,0
/Users/suleymanmini/Desktop/cilt kanseri/cilt-kanseri-teshisi-bitirme/data/raw/HAM10000_images_part_2/ISIC_0032625.jpg,0
/Users/suleymanmini/Desktop/cilt kanseri/cilt-kanseri-teshisi-bitirme/data/raw/HAM10000_images_part_2/ISIC_0034308.jpg,0
/Users/suleymanmini/Desktop/cilt kanseri/cilt-kanseri-teshisi-bitirme/data/synthetic/generated_malign/synth_malign_00239.jpg,1
/Users/suleymanmini/Desktop/cilt kanseri/cilt-kanseri-teshisi-bitirme/data/raw/HAM10000_images_part_1/ISIC_0024930.jpg,1
/Users/suleymanmini/Desktop/cilt kanseri/cilt-kanseri-teshisi-bitirme/data/raw/HAM10000_images_part_2/ISIC_0031576.jpg,0
/Users/suleymanmini/Desktop/cilt kanseri/cilt-kanseri-teshisi-bitirme/data/raw/HAM10000_images_part_1/ISIC_0028191.jpg,0
/Users/suleymanmini/Desktop/cilt kanseri/cilt-kanseri-teshisi-bitirme/data/synthetic/generated_malign/synth_malign_00833.jpg,1
/Users/suleymanmini/Desktop/cilt kanseri/cilt-kanseri-teshisi-bitirme/data/raw/HAM10000_images_part_1/ISIC_0025386.jpg,0
/Users/suleymanmini/Desktop/cilt kanseri/cilt-kanseri-teshisi-bitirme/data/raw/HAM10000_images_part_2/ISIC_0031166.jpg,1
/Users/suleymanmini/Desktop/cilt kanseri/cilt-kanseri-teshisi-bitirme/data/raw/HAM10000_images_part_1/ISIC_0027365.jpg,1
/Users/suleymanmini/Desktop/cilt kanseri/cilt-kanseri-teshisi-bitirme/data/raw/HAM10000_images_part_1/ISIC_0025024.jpg,0
/Users/suleymanmini/Desktop/cilt kanseri/cilt-kanseri-teshisi-bitirme/data/raw/HAM10000_images_part_2/ISIC_0032082.jpg,0
/Users/suleymanmini/Desktop/cilt kanseri/cilt-kanseri-teshisi-bitirme/data/raw/HAM10000_images_part_2/ISIC_0031163.jpg,0
/Users/suleymanmini/Desktop/cilt kanseri/cilt-kanseri-teshisi-bitirme/data/raw/HAM10000_images_part_2/ISIC_0030717.jpg,0
/Users/suleymanmini/Desktop/cilt kanseri/cilt-kanseri-teshisi-bitirme/data/raw/HAM10000_images_part_2/ISIC_0032413.jpg,0
/Users/suleymanmini/Desktop/cilt kanseri/cilt-kanseri-teshisi-bitirme/data/raw/HAM10000_images_part_1/ISIC_0028158.jpg,1
/Users/suleymanmini/Desktop/cilt kanseri/cilt-kanseri-teshisi-bitirme/data/raw/HAM10000_images_part_2/ISIC_0030837.jpg,0
/Users/suleymanmini/Desktop/cilt kanseri/cilt-kanseri-teshisi-bitirme/data/raw/HAM10000_images_part_2/ISIC_0032915.jpg,1
/Users/suleymanmini/Desktop/cilt kanseri/cilt-kanseri-teshisi-bitirme/data/raw/HAM10000_images_part_1/ISIC_0026365.jpg,0
/Users/suleymanmini/Desktop/cilt kanseri/cilt-kanseri-teshisi-bitirme/data/raw/HAM10000_images_part_2/ISIC_0032749.jpg,0
/Users/suleymanmini/Desktop/cilt kanseri/cilt-kanseri-teshisi-bitirme/data/raw/HAM10000_images_part_1/ISIC_0027804.jpg,0
/Users/suleymanmini/Desktop/cilt kanseri/cilt-kanseri-teshisi-bitirme/data/raw/HAM10000_images_part_2/ISIC_0031643.jpg,1
/Users/suleymanmini/Desktop/cilt kanseri/cilt-kanseri-teshisi-bitirme/data/raw/HAM10000_images_part_1/ISIC_0028090.jpg,0
/Users/suleymanmini/Desktop/cilt kanseri/cilt-kanseri-teshisi-bitirme/data/raw/HAM10000_images_part_1/ISIC_0026442.jpg,1
/Users/suleymanmini/Desktop/cilt kanseri/cilt-kanseri-teshisi-bitirme/data/raw/HAM10000_images_part_2/ISIC_0030819.jpg,0
/Users/suleymanmini/Desktop/cilt kanseri/cilt-kanseri-teshisi-bitirme/data/raw/HAM10000_images_part_2/ISIC_0033644.jpg,1
/Users/suleymanmini/Desktop/cilt kanseri/cilt-kanseri-teshisi-bitirme/data/raw/HAM10000_images_part_2/ISIC_0034111.jpg,0
/Users/suleymanmini/Desktop/cilt kanseri/cilt-kanseri-teshisi-bitirme/data/raw/HAM10000_images_part_2/ISIC_0030960.jpg,0
/Users/suleymanmini/Desktop/cilt kanseri/cilt-kanseri-teshisi-bitirme/data/synthetic/generated_malign/synth_malign_00568.jpg,1
/Users/suleymanmini/Desktop/cilt kanseri/cilt-kanseri-teshisi-bitirme/data/raw/HAM10000_images_part_1/ISIC_0025304.jpg,0
/Users/suleymanmini/Desktop/cilt kanseri/cilt-kanseri-teshisi-bitirme/data/raw/HAM10000_images_part_1/ISIC_0025780.jpg,1
/Users/suleymanmini/Desktop/cilt kanseri/cilt-kanseri-teshisi-bitirme/data/synthetic/generated_malign/synth_malign_00536.jpg,1
/Users/suleymanmini/Desktop/cilt kanseri/cilt-kanseri-teshisi-bitirme/data/raw/HAM10000_images_part_1/ISIC_0027329.jpg,0
/Users/suleymanmini/Desktop/cilt kanseri/cilt-kanseri-teshisi-bitirme/data/raw/HAM10000_images_part_1/ISIC_0028876.jpg,0
/Users/suleymanmini/Desktop/cilt kanseri/cilt-kanseri-teshisi-bitirme/data/raw/HAM10000_images_part_1/ISIC_0025551.jpg,0
/Users/suleymanmini/Desktop/cilt kanseri/cilt-kanseri-teshisi-bitirme/data/raw/HAM10000_images_part_2/ISIC_0032900.jpg,0
/Users/suleymanmini/Desktop/cilt kanseri/cilt-kanseri-teshisi-bitirme/data/raw/HAM10000_images_part_1/ISIC_0024931.jpg,1
/Users/suleymanmini/Desktop/cilt kanseri/cilt-kanseri-teshisi-bitirme/data/raw/HAM10000_images_part_1/ISIC_0025906.jpg,0
/Users/suleymanmini/Desktop/cilt kanseri/cilt-kanseri-teshisi-bitirme/data/synthetic/generated_malign/synth_malign_00346.jpg,1
/Users/suleymanmini/Desktop/cilt kanseri/cilt-kanseri-teshisi-bitirme/data/raw/HAM10000_images_part_2/ISIC_0034265.jpg,0
/Users/suleymanmini/Desktop/cilt kanseri/cilt-kanseri-teshisi-bitirme/data/raw/HAM10000_images_part_1/ISIC_0026990.jpg,0
/Users/suleymanmini/Desktop/cilt kanseri/cilt-kanseri-teshisi-bitirme/data/raw/HAM10000_images_part_2/ISIC_0030850.jpg,0
/Users/suleymanmini/Desktop/cilt kanseri/cilt-kanseri-teshisi-bitirme/data/raw/HAM10000_images_part_2/ISIC_0034197.jpg,0
/Users/suleymanmini/Desktop/cilt kanseri/cilt-kanseri-teshisi-bitirme/data/raw/HAM10000_images_part_1/ISIC_0028118.jpg,0
/Users/suleymanmini/Desktop/cilt kanseri/cilt-kanseri-teshisi-bitirme/data/raw/HAM10000_images_part_2/ISIC_0031021.jpg,0
/Users/suleymanmini/Desktop/cilt kanseri/cilt-kanseri-teshisi-bitirme/data/raw/HAM10000_images_part_1/ISIC_0024602.jpg,0
/Users/suleymanmini/Desktop/cilt kanseri/cilt-kanseri-teshisi-bitirme/data/raw/HAM10000_images_part_1/ISIC_0026147.jpg,0
/Users/suleymanmini/Desktop/cilt kanseri/cilt-kanseri-teshisi-bitirme/data/raw/HAM10000_images_part_1/ISIC_0026441.jpg,0
/Users/suleymanmini/Desktop/cilt kanseri/cilt-kanseri-teshisi-bitirme/data/raw/HAM10000_images_part_1/ISIC_0027638.jpg,0
/Users/suleymanmini/Desktop/cilt kanseri/cilt-kanseri-teshisi-bitirme/data/raw/HAM10000_images_part_2/ISIC_0029592.jpg,0
/Users/suleymanmini/Desktop/cilt kanseri/cilt-kanseri-teshisi-bitirme/data/raw/HAM10000_images_part_1/ISIC_0025460.jpg,0
/Users/suleymanmini/Desktop/cilt kanseri/cilt-kanseri-teshisi-bitirme/data/synthetic/generated_malign/synth_malign_00816.jpg,1
/Users/suleymanmini/Desktop/cilt kanseri/cilt-kanseri-teshisi-bitirme/data/raw/HAM10000_images_part_1/ISIC_0026299.jpg,0
/Users/suleymanmini/Desktop/cilt kanseri/cilt-kanseri-teshisi-bitirme/data/raw/HAM10000_images_part_2/ISIC_0030894.jpg,0
/Users/suleymanmini/Desktop/cilt kanseri/cilt-kanseri-teshisi-bitirme/data/synthetic/generated_malign/synth_malign_00988.jpg,1
/Users/suleymanmini/Desktop/cilt kanseri/cilt-kanseri-teshisi-bitirme/data/raw/HAM10000_images_part_2/ISIC_0029427.jpg,0
/Users/suleymanmini/Desktop/cilt kanseri/cilt-kanseri-teshisi-bitirme/data/raw/HAM10000_images_part_2/ISIC_0032098.jpg,1
/Users/suleymanmini/Desktop/cilt kanseri/cilt-kanseri-teshisi-bitirme/data/raw/HAM10000_images_part_1/ISIC_0029251.jpg,0
/Users/suleymanmini/Desktop/cilt kanseri/cilt-kanseri-teshisi-bitirme/data/raw/HAM10000_images_part_1/ISIC_0027531.jpg,1
/Users/suleymanmini/Desktop/cilt kanseri/cilt-kanseri-teshisi-bitirme/data/raw/HAM10000_images_part_1/ISIC_0027482.jpg,0
/Users/suleymanmini/Desktop/cilt kanseri/cilt-kanseri-teshisi-bitirme/data/raw/HAM10000_images_part_1/ISIC_0029084.jpg,0
/Users/suleymanmini/Desktop/cilt kanseri/cilt-kanseri-teshisi-bitirme/data/raw/HAM10000_images_part_1/ISIC_0026246.jpg,0
/Users/suleymanmini/Desktop/cilt kanseri/cilt-kanseri-teshisi-bitirme/data/raw/HAM10000_images_part_2/ISIC_0033191.jpg,0
/Users/suleymanmini/Desktop/cilt kanseri/cilt-kanseri-teshisi-bitirme/data/raw/HAM10000_images_part_2/ISIC_0032170.jpg,0
/Users/suleymanmini/Desktop/cilt kanseri/cilt-kanseri-teshisi-bitirme/data/raw/HAM10000_images_part_2/ISIC_0031024.jpg,0
/Users/suleymanmini/Desktop/cilt kanseri/cilt-kanseri-teshisi-bitirme/data/raw/HAM10000_images_part_1/ISIC_0028478.jpg,0
/Users/suleymanmini/Desktop/cilt kanseri/cilt-kanseri-teshisi-bitirme/data/synthetic/generated_malign/synth_malign_00050.jpg,1
/Users/suleymanmini/Desktop/cilt kanseri/cilt-kanseri-teshisi-bitirme/data/raw/HAM10000_images_part_1/ISIC_0028906.jpg,0
/Users/suleymanmini/Desktop/cilt kanseri/cilt-kanseri-teshisi-bitirme/data/raw/HAM10000_images_part_2/ISIC_0034234.jpg,0
/Users/suleymanmini/Desktop/cilt kanseri/cilt-kanseri-teshisi-bitirme/data/raw/HAM10000_images_part_1/ISIC_0026684.jpg,0
/Users/suleymanmini/Desktop/cilt kanseri/cilt-kanseri-teshisi-bitirme/data/raw/HAM10000_images_part_2/ISIC_0030974.jpg,0
/Users/suleymanmini/Desktop/cilt kanseri/cilt-kanseri-teshisi-bitirme/data/raw/HAM10000_images_part_2/ISIC_0034053.jpg,0
/Users/suleymanmini/Desktop/cilt kanseri/cilt-kanseri-teshisi-bitirme/data/raw/HAM10000_images_part_2/ISIC_0032497.jpg,1
/Users/suleymanmini/Desktop/cilt kanseri/cilt-kanseri-teshisi-bitirme/data/synthetic/generated_malign/synth_malign_00417.jpg,1
/Users/suleymanmini/Desktop/cilt kanseri/cilt-kanseri-teshisi-bitirme/data/raw/HAM10000_images_part_2/ISIC_0030058.jpg,0
/Users/suleymanmini/Desktop/cilt kanseri/cilt-kanseri-teshisi-bitirme/data/raw/HAM10000_images_part_2/ISIC_0030446.jpg,1
/Users/suleymanmini/Desktop/cilt kanseri/cilt-kanseri-teshisi-bitirme/data/raw/HAM10000_images_part_1/ISIC_0026780.jpg,0
/Users/suleymanmini/Desktop/cilt kanseri/cilt-kanseri-teshisi-bitirme/data/synthetic/generated_malign/synth_malign_00593.jpg,1
/Users/suleymanmini/Desktop/cilt kanseri/cilt-kanseri-teshisi-bitirme/data/raw/HAM10000_images_part_2/ISIC_0029931.jpg,0
/Users/suleymanmini/Desktop/cilt kanseri/cilt-kanseri-teshisi-bitirme/data/synthetic/generated_malign/synth_malign_00052.jpg,1
/Users/suleymanmini/Desktop/cilt kanseri/cilt-kanseri-teshisi-bitirme/data/raw/HAM10000_images_part_1/ISIC_0026140.jpg,0
/Users/suleymanmini/Desktop/cilt kanseri/cilt-kanseri-teshisi-bitirme/data/raw/HAM10000_images_part_2/ISIC_0031478.jpg,0
/Users/suleymanmini/Desktop/cilt kanseri/cilt-kanseri-teshisi-bitirme/data/raw/HAM10000_images_part_2/ISIC_0030194.jpg,0
/Users/suleymanmini/Desktop/cilt kanseri/cilt-kanseri-teshisi-bitirme/data/raw/HAM10000_images_part_2/ISIC_0033061.jpg,1
/Users/suleymanmini/Desktop/cilt kanseri/cilt-kanseri-teshisi-bitirme/data/raw/HAM10000_images_part_2/ISIC_0033542.jpg,0
/Users/suleymanmini/Desktop/cilt kanseri/cilt-kanseri-teshisi-bitirme/data/raw/HAM10000_images_part_1/ISIC_0027215.jpg,0
/Users/suleymanmini/Desktop/cilt kanseri/cilt-kanseri-teshisi-bitirme/data/synthetic/generated_malign/synth_malign_00339.jpg,1
/Users/suleymanmini/Desktop/cilt kanseri/cilt-kanseri-teshisi-bitirme/data/raw/HAM10000_images_part_1/ISIC_0028836.jpg,0
/Users/suleymanmini/Desktop/cilt kanseri/cilt-kanseri-teshisi-bitirme/data/raw/HAM10000_images_part_1/ISIC_0026420.jpg,1
/Users/suleymanmini/Desktop/cilt kanseri/cilt-kanseri-teshisi-bitirme/data/raw/HAM10000_images_part_2/ISIC_0031493.jpg,0
/Users/suleymanmini/Desktop/cilt kanseri/cilt-kanseri-teshisi-bitirme/data/raw/HAM10000_images_part_2/ISIC_0031611.jpg,0
/Users/suleymanmini/Desktop/cilt kanseri/cilt-kanseri-teshisi-bitirme/data/synthetic/generated_malign/synth_malign_00175.jpg,1
/Users/suleymanmini/Desktop/cilt kanseri/cilt-kanseri-teshisi-bitirme/data/raw/HAM10000_images_part_1/ISIC_0028061.jpg,0
/Users/suleymanmini/Desktop/cilt kanseri/cilt-kanseri-teshisi-bitirme/data/raw/HAM10000_images_part_1/ISIC_0026060.jpg,0
/Users/suleymanmini/Desktop/cilt kanseri/cilt-kanseri-teshisi-bitirme/data/raw/HAM10000_images_part_2/ISIC_0031151.jpg,0
/Users/suleymanmini/Desktop/cilt kanseri/cilt-kanseri-teshisi-bitirme/data/raw/HAM10000_images_part_2/ISIC_0032895.jpg,0
/Users/suleymanmini/Desktop/cilt kanseri/cilt-kanseri-teshisi-bitirme/data/raw/HAM10000_images_part_1/ISIC_0024754.jpg,0
/Users/suleymanmini/Desktop/cilt kanseri/cilt-kanseri-teshisi-bitirme/data/raw/HAM10000_images_part_1/ISIC_0029159.jpg,0
/Users/suleymanmini/Desktop/cilt kanseri/cilt-kanseri-teshisi-bitirme/data/raw/HAM10000_images_part_1/ISIC_0029199.jpg,0
/Users/suleymanmini/Desktop/cilt kanseri/cilt-kanseri-teshisi-bitirme/data/raw/HAM10000_images_part_2/ISIC_0030120.jpg,0
/Users/suleymanmini/Desktop/cilt kanseri/cilt-kanseri-teshisi-bitirme/data/raw/HAM10000_images_part_1/ISIC_0027239.jpg,0
/Users/suleymanmini/Desktop/cilt kanseri/cilt-kanseri-teshisi-bitirme/data/raw/HAM10000_images_part_2/ISIC_0030770.jpg,0
/Users/suleymanmini/Desktop/cilt kanseri/cilt-kanseri-teshisi-bitirme/data/raw/HAM10000_images_part_2/ISIC_0029806.jpg,0
/Users/suleymanmini/Desktop/cilt kanseri/cilt-kanseri-teshisi-bitirme/data/raw/HAM10000_images_part_2/ISIC_0034221.jpg,0
/Users/suleymanmini/Desktop/cilt kanseri/cilt-kanseri-teshisi-bitirme/data/raw/HAM10000_images_part_1/ISIC_0027451.jpg,0
/Users/suleymanmini/Desktop/cilt kanseri/cilt-kanseri-teshisi-bitirme/data/raw/HAM10000_images_part_2/ISIC_0030400.jpg,0
/Users/suleymanmini/Desktop/cilt kanseri/cilt-kanseri-teshisi-bitirme/data/synthetic/generated_malign/synth_malign_00242.jpg,1
/Users/suleymanmini/Desktop/cilt kanseri/cilt-kanseri-teshisi-bitirme/data/raw/HAM10000_images_part_2/ISIC_0029627.jpg,0
/Users/suleymanmini/Desktop/cilt kanseri/cilt-kanseri-teshisi-bitirme/data/raw/HAM10000_images_part_1/ISIC_0027697.jpg,0
/Users/suleymanmini/Desktop/cilt kanseri/cilt-kanseri-teshisi-bitirme/data/raw/HAM10000_images_part_2/ISIC_0032599.jpg,0
/Users/suleymanmini/Desktop/cilt kanseri/cilt-kanseri-teshisi-bitirme/data/raw/HAM10000_images_part_2/ISIC_0030407.jpg,0
/Users/suleymanmini/Desktop/cilt kanseri/cilt-kanseri-teshisi-bitirme/data/raw/HAM10000_images_part_1/ISIC_0027572.jpg,0
/Users/suleymanmini/Desktop/cilt kanseri/cilt-kanseri-teshisi-bitirme/data/raw/HAM10000_images_part_2/ISIC_0029863.jpg,0
/Users/suleymanmini/Desktop/cilt kanseri/cilt-kanseri-teshisi-bitirme/data/raw/HAM10000_images_part_1/ISIC_0026541.jpg,0
/Users/suleymanmini/Desktop/cilt kanseri/cilt-kanseri-teshisi-bitirme/data/raw/HAM10000_images_part_2/ISIC_0031097.jpg,0
/Users/suleymanmini/Desktop/cilt kanseri/cilt-kanseri-teshisi-bitirme/data/raw/HAM10000_images_part_1/ISIC_0025004.jpg,0
/Users/suleymanmini/Desktop/cilt kanseri/cilt-kanseri-teshisi-bitirme/data/raw/HAM10000_images_part_2/ISIC_0031215.jpg,0
/Users/suleymanmini/Desktop/cilt kanseri/cilt-kanseri-teshisi-bitirme/data/raw/HAM10000_images_part_2/ISIC_0032649.jpg,0
/Users/suleymanmini/Desktop/cilt kanseri/cilt-kanseri-teshisi-bitirme/data/synthetic/generated_malign/synth_malign_00286.jpg,1
/Users/suleymanmini/Desktop/cilt kanseri/cilt-kanseri-teshisi-bitirme/data/raw/HAM10000_images_part_1/ISIC_0024936.jpg,0
/Users/suleymanmini/Desktop/cilt kanseri/cilt-kanseri-teshisi-bitirme/data/raw/HAM10000_images_part_1/ISIC_0024709.jpg,0
/Users/suleymanmini/Desktop/cilt kanseri/cilt-kanseri-teshisi-bitirme/data/raw/HAM10000_images_part_2/ISIC_0030297.jpg,1
/Users/suleymanmini/Desktop/cilt kanseri/cilt-kanseri-teshisi-bitirme/data/raw/HAM10000_images_part_1/ISIC_0025782.jpg,0
/Users/suleymanmini/Desktop/cilt kanseri/cilt-kanseri-teshisi-bitirme/data/synthetic/generated_malign/synth_malign_00139.jpg,1
/Users/suleymanmini/Desktop/cilt kanseri/cilt-kanseri-teshisi-bitirme/data/raw/HAM10000_images_part_2/ISIC_0029417.jpg,1
/Users/suleymanmini/Desktop/cilt kanseri/cilt-kanseri-teshisi-bitirme/data/raw/HAM10000_images_part_2/ISIC_0033071.jpg,0
/Users/suleymanmini/Desktop/cilt kanseri/cilt-kanseri-teshisi-bitirme/data/raw/HAM10000_images_part_2/ISIC_0030016.jpg,0
/Users/suleymanmini/Desktop/cilt kanseri/cilt-kanseri-teshisi-bitirme/data/raw/HAM10000_images_part_2/ISIC_0033300.jpg,1
/Users/suleymanmini/Desktop/cilt kanseri/cilt-kanseri-teshisi-bitirme/data/raw/HAM10000_images_part_1/ISIC_0024592.jpg,0
/Users/suleymanmini/Desktop/cilt kanseri/cilt-kanseri-teshisi-bitirme/data/raw/HAM10000_images_part_1/ISIC_0027444.jpg,0
/Users/suleymanmini/Desktop/cilt kanseri/cilt-kanseri-teshisi-bitirme/data/synthetic/generated_malign/synth_malign_00695.jpg,1
/Users/suleymanmini/Desktop/cilt kanseri/cilt-kanseri-teshisi-bitirme/data/raw/HAM10000_images_part_1/ISIC_0024959.jpg,0
/Users/suleymanmini/Desktop/cilt kanseri/cilt-kanseri-teshisi-bitirme/data/synthetic/generated_malign/synth_malign_00789.jpg,1
/Users/suleymanmini/Desktop/cilt kanseri/cilt-kanseri-teshisi-bitirme/data/synthetic/generated_malign/synth_malign_00037.jpg,1
/Users/suleymanmini/Desktop/cilt kanseri/cilt-kanseri-teshisi-bitirme/data/raw/HAM10000_images_part_1/ISIC_0026871.jpg,0
/Users/suleymanmini/Desktop/cilt kanseri/cilt-kanseri-teshisi-bitirme/data/raw/HAM10000_images_part_2/ISIC_0030026.jpg,0
/Users/suleymanmini/Desktop/cilt kanseri/cilt-kanseri-teshisi-bitirme/data/raw/HAM10000_images_part_1/ISIC_0025046.jpg,1
/Users/suleymanmini/Desktop/cilt kanseri/cilt-kanseri-teshisi-bitirme/data/raw/HAM10000_images_part_2/ISIC_0031235.jpg,0
/Users/suleymanmini/Desktop/cilt kanseri/cilt-kanseri-teshisi-bitirme/data/raw/HAM10000_images_part_1/ISIC_0028522.jpg,0
/Users/suleymanmini/Desktop/cilt kanseri/cilt-kanseri-teshisi-bitirme/data/raw/HAM10000_images_part_1/ISIC_0027024.jpg,0
/Users/suleymanmini/Desktop/cilt kanseri/cilt-kanseri-teshisi-bitirme/data/raw/HAM10000_images_part_1/ISIC_0025413.jpg,1
/Users/suleymanmini/Desktop/cilt kanseri/cilt-kanseri-teshisi-bitirme/data/raw/HAM10000_images_part_1/ISIC_0025611.jpg,1
/Users/suleymanmini/Desktop/cilt kanseri/cilt-kanseri-teshisi-bitirme/data/raw/HAM10000_images_part_2/ISIC_0030208.jpg,0
/Users/suleymanmini/Desktop/cilt kanseri/cilt-kanseri-teshisi-bitirme/data/raw/HAM10000_images_part_2/ISIC_0033661.jpg,0
/Users/suleymanmini/Desktop/cilt kanseri/cilt-kanseri-teshisi-bitirme/data/raw/HAM10000_images_part_1/ISIC_0026981.jpg,1
/Users/suleymanmini/Desktop/cilt kanseri/cilt-kanseri-teshisi-bitirme/data/raw/HAM10000_images_part_2/ISIC_0030029.jpg,0
/Users/suleymanmini/Desktop/cilt kanseri/cilt-kanseri-teshisi-bitirme/data/raw/HAM10000_images_part_1/ISIC_0024674.jpg,0
/Users/suleymanmini/Desktop/cilt kanseri/cilt-kanseri-teshisi-bitirme/data/raw/HAM10000_images_part_1/ISIC_0026061.jpg,0
/Users/suleymanmini/Desktop/cilt kanseri/cilt-kanseri-teshisi-bitirme/data/raw/HAM10000_images_part_1/ISIC_0025951.jpg,0
/Users/suleymanmini/Desktop/cilt kanseri/cilt-kanseri-teshisi-bitirme/data/raw/HAM10000_images_part_1/ISIC_0025169.jpg,0
/Users/suleymanmini/Desktop/cilt kanseri/cilt-kanseri-teshisi-bitirme/data/raw/HAM10000_images_part_1/ISIC_0025312.jpg,0
/Users/suleymanmini/Desktop/cilt kanseri/cilt-kanseri-teshisi-bitirme/data/synthetic/generated_malign/synth_malign_00854.jpg,1
/Users/suleymanmini/Desktop/cilt kanseri/cilt-kanseri-teshisi-bitirme/data/synthetic/generated_malign/synth_malign_00317.jpg,1
/Users/suleymanmini/Desktop/cilt kanseri/cilt-kanseri-teshisi-bitirme/data/raw/HAM10000_images_part_2/ISIC_0029308.jpg,0
/Users/suleymanmini/Desktop/cilt kanseri/cilt-kanseri-teshisi-bitirme/data/raw/HAM10000_images_part_2/ISIC_0032392.jpg,0
/Users/suleymanmini/Desktop/cilt kanseri/cilt-kanseri-teshisi-bitirme/data/synthetic/generated_malign/synth_malign_00014.jpg,1
/Users/suleymanmini/Desktop/cilt kanseri/cilt-kanseri-teshisi-bitirme/data/synthetic/generated_malign/synth_malign_00910.jpg,1
/Users/suleymanmini/Desktop/cilt kanseri/cilt-kanseri-teshisi-bitirme/data/raw/HAM10000_images_part_1/ISIC_0029134.jpg,0
/Users/suleymanmini/Desktop/cilt kanseri/cilt-kanseri-teshisi-bitirme/data/raw/HAM10000_images_part_2/ISIC_0033729.jpg,0
/Users/suleymanmini/Desktop/cilt kanseri/cilt-kanseri-teshisi-bitirme/data/raw/HAM10000_images_part_2/ISIC_0031367.jpg,0
/Users/suleymanmini/Desktop/cilt kanseri/cilt-kanseri-teshisi-bitirme/data/raw/HAM10000_images_part_2/ISIC_0031998.jpg,0
/Users/suleymanmini/Desktop/cilt kanseri/cilt-kanseri-teshisi-bitirme/data/raw/HAM10000_images_part_2/ISIC_0029493.jpg,0
/Users/suleymanmini/Desktop/cilt kanseri/cilt-kanseri-teshisi-bitirme/data/raw/HAM10000_images_part_2/ISIC_0032801.jpg,0
/Users/suleymanmini/Desktop/cilt kanseri/cilt-kanseri-teshisi-bitirme/data/synthetic/generated_malign/synth_malign_00060.jpg,1
/Users/suleymanmini/Desktop/cilt kanseri/cilt-kanseri-teshisi-bitirme/data/synthetic/generated_malign/synth_malign_00459.jpg,1
/Users/suleymanmini/Desktop/cilt kanseri/cilt-kanseri-teshisi-bitirme/data/raw/HAM10000_images_part_1/ISIC_0026263.jpg,0
/Users/suleymanmini/Desktop/cilt kanseri/cilt-kanseri-teshisi-bitirme/data/raw/HAM10000_images_part_2/ISIC_0032309.jpg,0
/Users/suleymanmini/Desktop/cilt kanseri/cilt-kanseri-teshisi-bitirme/data/raw/HAM10000_images_part_2/ISIC_0030399.jpg,0
/Users/suleymanmini/Desktop/cilt kanseri/cilt-kanseri-teshisi-bitirme/data/raw/HAM10000_images_part_2/ISIC_0031377.jpg,1
/Users/suleymanmini/Desktop/cilt kanseri/cilt-kanseri-teshisi-bitirme/data/raw/HAM10000_images_part_2/ISIC_0030462.jpg,0
/Users/suleymanmini/Desktop/cilt kanseri/cilt-kanseri-teshisi-bitirme/data/raw/HAM10000_images_part_1/ISIC_0026068.jpg,0
/Users/suleymanmini/Desktop/cilt kanseri/cilt-kanseri-teshisi-bitirme/data/raw/HAM10000_images_part_1/ISIC_0024992.jpg,0
/Users/suleymanmini/Desktop/cilt kanseri/cilt-kanseri-teshisi-bitirme/data/raw/HAM10000_images_part_1/ISIC_0024719.jpg,0
/Users/suleymanmini/Desktop/cilt kanseri/cilt-kanseri-teshisi-bitirme/data/synthetic/generated_malign/synth_malign_00809.jpg,1
/Users/suleymanmini/Desktop/cilt kanseri/cilt-kanseri-teshisi-bitirme/data/raw/HAM10000_images_part_2/ISIC_0030448.jpg,0
/Users/suleymanmini/Desktop/cilt kanseri/cilt-kanseri-teshisi-bitirme/data/raw/HAM10000_images_part_2/ISIC_0033904.jpg,0
/Users/suleymanmini/Desktop/cilt kanseri/cilt-kanseri-teshisi-bitirme/data/raw/HAM10000_images_part_1/ISIC_0028027.jpg,0
/Users/suleymanmini/Desktop/cilt kanseri/cilt-kanseri-teshisi-bitirme/data/raw/HAM10000_images_part_2/ISIC_0031245.jpg,1
/Users/suleymanmini/Desktop/cilt kanseri/cilt-kanseri-teshisi-bitirme/data/raw/HAM10000_images_part_2/ISIC_0032073.jpg,0
/Users/suleymanmini/Desktop/cilt kanseri/cilt-kanseri-teshisi-bitirme/data/raw/HAM10000_images_part_1/ISIC_0028079.jpg,1
/Users/suleymanmini/Desktop/cilt kanseri/cilt-kanseri-teshisi-bitirme/data/raw/HAM10000_images_part_2/ISIC_0030061.jpg,0
/Users/suleymanmini/Desktop/cilt kanseri/cilt-kanseri-teshisi-bitirme/data/raw/HAM10000_images_part_2/ISIC_0032506.jpg,0
/Users/suleymanmini/Desktop/cilt kanseri/cilt-kanseri-teshisi-bitirme/data/raw/HAM10000_images_part_2/ISIC_0031473.jpg,0
/Users/suleymanmini/Desktop/cilt kanseri/cilt-kanseri-teshisi-bitirme/data/raw/HAM10000_images_part_2/ISIC_0034174.jpg,0
/Users/suleymanmini/Desktop/cilt kanseri/cilt-kanseri-teshisi-bitirme/data/raw/HAM10000_images_part_2/ISIC_0033654.jpg,1
/Users/suleymanmini/Desktop/cilt kanseri/cilt-kanseri-teshisi-bitirme/data/raw/HAM10000_images_part_2/ISIC_0033724.jpg,0
/Users/suleymanmini/Desktop/cilt kanseri/cilt-kanseri-teshisi-bitirme/data/raw/HAM10000_images_part_2/ISIC_0033701.jpg,0
/Users/suleymanmini/Desktop/cilt kanseri/cilt-kanseri-teshisi-bitirme/data/raw/HAM10000_images_part_1/ISIC_0029233.jpg,0
/Users/suleymanmini/Desktop/cilt kanseri/cilt-kanseri-teshisi-bitirme/data/raw/HAM10000_images_part_2/ISIC_0034049.jpg,1
/Users/suleymanmini/Desktop/cilt kanseri/cilt-kanseri-teshisi-bitirme/data/raw/HAM10000_images_part_1/ISIC_0026293.jpg,0
/Users/suleymanmini/Desktop/cilt kanseri/cilt-kanseri-teshisi-bitirme/data/raw/HAM10000_images_part_2/ISIC_0029970.jpg,0
/Users/suleymanmini/Desktop/cilt kanseri/cilt-kanseri-teshisi-bitirme/data/raw/HAM10000_images_part_2/ISIC_0033058.jpg,0
/Users/suleymanmini/Desktop/cilt kanseri/cilt-kanseri-teshisi-bitirme/data/synthetic/generated_malign/synth_malign_00090.jpg,1
/Users/suleymanmini/Desktop/cilt kanseri/cilt-kanseri-teshisi-bitirme/data/raw/HAM10000_images_part_2/ISIC_0033761.jpg,0
/Users/suleymanmini/Desktop/cilt kanseri/cilt-kanseri-teshisi-bitirme/data/raw/HAM10000_images_part_2/ISIC_0030352.jpg,1
/Users/suleymanmini/Desktop/cilt kanseri/cilt-kanseri-teshisi-bitirme/data/raw/HAM10000_images_part_2/ISIC_0032431.jpg,0
/Users/suleymanmini/Desktop/cilt kanseri/cilt-kanseri-teshisi-bitirme/data/raw/HAM10000_images_part_1/ISIC_0026580.jpg,0
/Users/suleymanmini/Desktop/cilt kanseri/cilt-kanseri-teshisi-bitirme/data/raw/HAM10000_images_part_1/ISIC_0027383.jpg,0
/Users/suleymanmini/Desktop/cilt kanseri/cilt-kanseri-teshisi-bitirme/data/raw/HAM10000_images_part_2/ISIC_0029929.jpg,0
/Users/suleymanmini/Desktop/cilt kanseri/cilt-kanseri-teshisi-bitirme/data/raw/HAM10000_images_part_1/ISIC_0024623.jpg,0
/Users/suleymanmini/Desktop/cilt kanseri/cilt-kanseri-teshisi-bitirme/data/raw/HAM10000_images_part_1/ISIC_0025293.jpg,0
/Users/suleymanmini/Desktop/cilt kanseri/cilt-kanseri-teshisi-bitirme/data/synthetic/generated_malign/synth_malign_00205.jpg,1
/Users/suleymanmini/Desktop/cilt kanseri/cilt-kanseri-teshisi-bitirme/data/raw/HAM10000_images_part_1/ISIC_0027443.jpg,0
/Users/suleymanmini/Desktop/cilt kanseri/cilt-kanseri-teshisi-bitirme/data/raw/HAM10000_images_part_2/ISIC_0031495.jpg,0
/Users/suleymanmini/Desktop/cilt kanseri/cilt-kanseri-teshisi-bitirme/data/raw/HAM10000_images_part_2/ISIC_0034121.jpg,0
/Users/suleymanmini/Desktop/cilt kanseri/cilt-kanseri-teshisi-bitirme/data/raw/HAM10000_images_part_1/ISIC_0028541.jpg,0
/Users/suleymanmini/Desktop/cilt kanseri/cilt-kanseri-teshisi-bitirme/data/raw/HAM10000_images_part_1/ISIC_0025803.jpg,1
/Users/suleymanmini/Desktop/cilt kanseri/cilt-kanseri-teshisi-bitirme/data/raw/HAM10000_images_part_1/ISIC_0026984.jpg,1
/Users/suleymanmini/Desktop/cilt kanseri/cilt-kanseri-teshisi-bitirme/data/raw/HAM10000_images_part_2/ISIC_0030401.jpg,0
/Users/suleymanmini/Desktop/cilt kanseri/cilt-kanseri-teshisi-bitirme/data/raw/HAM10000_images_part_1/ISIC_0027950.jpg,1
/Users/suleymanmini/Desktop/cilt kanseri/cilt-kanseri-teshisi-bitirme/data/raw/HAM10000_images_part_1/ISIC_0025505.jpg,0
/Users/suleymanmini/Desktop/cilt kanseri/cilt-kanseri-teshisi-bitirme/data/synthetic/generated_malign/synth_malign_00724.jpg,1
/Users/suleymanmini/Desktop/cilt kanseri/cilt-kanseri-teshisi-bitirme/data/raw/HAM10000_images_part_1/ISIC_0025699.jpg,0
/Users/suleymanmini/Desktop/cilt kanseri/cilt-kanseri-teshisi-bitirme/data/synthetic/generated_malign/synth_malign_00216.jpg,1
/Users/suleymanmini/Desktop/cilt kanseri/cilt-kanseri-teshisi-bitirme/data/raw/HAM10000_images_part_1/ISIC_0024755.jpg,0
/Users/suleymanmini/Desktop/cilt kanseri/cilt-kanseri-teshisi-bitirme/data/raw/HAM10000_images_part_1/ISIC_0025185.jpg,0
/Users/suleymanmini/Desktop/cilt kanseri/cilt-kanseri-teshisi-bitirme/data/raw/HAM10000_images_part_1/ISIC_0026105.jpg,1
/Users/suleymanmini/Desktop/cilt kanseri/cilt-kanseri-teshisi-bitirme/data/raw/HAM10000_images_part_1/ISIC_0025510.jpg,0
/Users/suleymanmini/Desktop/cilt kanseri/cilt-kanseri-teshisi-bitirme/data/raw/HAM10000_images_part_2/ISIC_0033643.jpg,1
/Users/suleymanmini/Desktop/cilt kanseri/cilt-kanseri-teshisi-bitirme/data/raw/HAM10000_images_part_2/ISIC_0032664.jpg,0
/Users/suleymanmini/Desktop/cilt kanseri/cilt-kanseri-teshisi-bitirme/data/raw/HAM10000_images_part_1/ISIC_0028995.jpg,0
/Users/suleymanmini/Desktop/cilt kanseri/cilt-kanseri-teshisi-bitirme/data/raw/HAM10000_images_part_1/ISIC_0025578.jpg,0
/Users/suleymanmini/Desktop/cilt kanseri/cilt-kanseri-teshisi-bitirme/data/raw/HAM10000_images_part_1/ISIC_0028292.jpg,0
/Users/suleymanmini/Desktop/cilt kanseri/cilt-kanseri-teshisi-bitirme/data/raw/HAM10000_images_part_2/ISIC_0033508.jpg,0
/Users/suleymanmini/Desktop/cilt kanseri/cilt-kanseri-teshisi-bitirme/data/raw/HAM10000_images_part_1/ISIC_0026322.jpg,0
/Users/suleymanmini/Desktop/cilt kanseri/cilt-kanseri-teshisi-bitirme/data/raw/HAM10000_images_part_2/ISIC_0030926.jpg,0
/Users/suleymanmini/Desktop/cilt kanseri/cilt-kanseri-teshisi-bitirme/data/raw/HAM10000_images_part_1/ISIC_0024426.jpg,0
/Users/suleymanmini/Desktop/cilt kanseri/cilt-kanseri-teshisi-bitirme/data/raw/HAM10000_images_part_1/ISIC_0025214.jpg,0
/Users/suleymanmini/Desktop/cilt kanseri/cilt-kanseri-teshisi-bitirme/data/raw/HAM10000_images_part_2/ISIC_0030240.jpg,0
/Users/suleymanmini/Desktop/cilt kanseri/cilt-kanseri-teshisi-bitirme/data/raw/HAM10000_images_part_1/ISIC_0024708.jpg,0
/Users/suleymanmini/Desktop/cilt kanseri/cilt-kanseri-teshisi-bitirme/data/raw/HAM10000_images_part_1/ISIC_0024577.jpg,0
/Users/suleymanmini/Desktop/cilt kanseri/cilt-kanseri-teshisi-bitirme/data/raw/HAM10000_images_part_2/ISIC_0030683.jpg,0
/Users/suleymanmini/Desktop/cilt kanseri/cilt-kanseri-teshisi-bitirme/data/raw/HAM10000_images_part_1/ISIC_0027169.jpg,0
/Users/suleymanmini/Desktop/cilt kanseri/cilt-kanseri-teshisi-bitirme/data/raw/HAM10000_images_part_1/ISIC_0027091.jpg,0
/Users/suleymanmini/Desktop/cilt kanseri/cilt-kanseri-teshisi-bitirme/data/raw/HAM10000_images_part_2/ISIC_0033055.jpg,1
/Users/suleymanmini/Desktop/cilt kanseri/cilt-kanseri-teshisi-bitirme/data/raw/HAM10000_images_part_1/ISIC_0028470.jpg,0
/Users/suleymanmini/Desktop/cilt kanseri/cilt-kanseri-teshisi-bitirme/data/raw/HAM10000_images_part_1/ISIC_0028517.jpg,1
/Users/suleymanmini/Desktop/cilt kanseri/cilt-kanseri-teshisi-bitirme/data/raw/HAM10000_images_part_2/ISIC_0032785.jpg,0
/Users/suleymanmini/Desktop/cilt kanseri/cilt-kanseri-teshisi-bitirme/data/synthetic/generated_malign/synth_malign_00599.jpg,1
/Users/suleymanmini/Desktop/cilt kanseri/cilt-kanseri-teshisi-bitirme/data/raw/HAM10000_images_part_2/ISIC_0034104.jpg,1
/Users/suleymanmini/Desktop/cilt kanseri/cilt-kanseri-teshisi-bitirme/data/synthetic/generated_malign/synth_malign_00401.jpg,1
/Users/suleymanmini/Desktop/cilt kanseri/cilt-kanseri-teshisi-bitirme/data/raw/HAM10000_images_part_2/ISIC_0033477.jpg,1
/Users/suleymanmini/Desktop/cilt kanseri/cilt-kanseri-teshisi-bitirme/data/raw/HAM10000_images_part_2/ISIC_0031747.jpg,0
/Users/suleymanmini/Desktop/cilt kanseri/cilt-kanseri-teshisi-bitirme/data/raw/HAM10000_images_part_1/ISIC_0024551.jpg,0
/Users/suleymanmini/Desktop/cilt kanseri/cilt-kanseri-teshisi-bitirme/data/raw/HAM10000_images_part_1/ISIC_0026872.jpg,1
/Users/suleymanmini/Desktop/cilt kanseri/cilt-kanseri-teshisi-bitirme/data/synthetic/generated_malign/synth_malign_00202.jpg,1
/Users/suleymanmini/Desktop/cilt kanseri/cilt-kanseri-teshisi-bitirme/data/synthetic/generated_malign/synth_malign_00711.jpg,1
/Users/suleymanmini/Desktop/cilt kanseri/cilt-kanseri-teshisi-bitirme/data/raw/HAM10000_images_part_1/ISIC_0024885.jpg,1
/Users/suleymanmini/Desktop/cilt kanseri/cilt-kanseri-teshisi-bitirme/data/raw/HAM10000_images_part_1/ISIC_0028390.jpg,0
/Users/suleymanmini/Desktop/cilt kanseri/cilt-kanseri-teshisi-bitirme/data/raw/HAM10000_images_part_1/ISIC_0027458.jpg,0
/Users/suleymanmini/Desktop/cilt kanseri/cilt-kanseri-teshisi-bitirme/data/raw/HAM10000_images_part_1/ISIC_0029049.jpg,0
/Users/suleymanmini/Desktop/cilt kanseri/cilt-kanseri-teshisi-bitirme/data/raw/HAM10000_images_part_2/ISIC_0030500.jpg,0
/Users/suleymanmini/Desktop/cilt kanseri/cilt-kanseri-teshisi-bitirme/data/raw/HAM10000_images_part_1/ISIC_0028717.jpg,0
/Users/suleymanmini/Desktop/cilt kanseri/cilt-kanseri-teshisi-bitirme/data/raw/HAM10000_images_part_2/ISIC_0030574.jpg,1
/Users/suleymanmini/Desktop/cilt kanseri/cilt-kanseri-teshisi-bitirme/data/raw/HAM10000_images_part_2/ISIC_0031962.jpg,0
/Users/suleymanmini/Desktop/cilt kanseri/cilt-kanseri-teshisi-bitirme/data/synthetic/generated_malign/synth_malign_00759.jpg,1
/Users/suleymanmini/Desktop/cilt kanseri/cilt-kanseri-teshisi-bitirme/data/raw/HAM10000_images_part_2/ISIC_0031270.jpg,0
/Users/suleymanmini/Desktop/cilt kanseri/cilt-kanseri-teshisi-bitirme/data/raw/HAM10000_images_part_1/ISIC_0025052.jpg,0
/Users/suleymanmini/Desktop/cilt kanseri/cilt-kanseri-teshisi-bitirme/data/raw/HAM10000_images_part_1/ISIC_0024688.jpg,1
/Users/suleymanmini/Desktop/cilt kanseri/cilt-kanseri-teshisi-bitirme/data/raw/HAM10000_images_part_2/ISIC_0033369.jpg,1
/Users/suleymanmini/Desktop/cilt kanseri/cilt-kanseri-teshisi-bitirme/data/raw/HAM10000_images_part_1/ISIC_0029133.jpg,1
/Users/suleymanmini/Desktop/cilt kanseri/cilt-kanseri-teshisi-bitirme/data/raw/HAM10000_images_part_1/ISIC_0028695.jpg,0
/Users/suleymanmini/Desktop/cilt kanseri/cilt-kanseri-teshisi-bitirme/data/raw/HAM10000_images_part_2/ISIC_0034038.jpg,0
/Users/suleymanmini/Desktop/cilt kanseri/cilt-kanseri-teshisi-bitirme/data/raw/HAM10000_images_part_1/ISIC_0028421.jpg,0
/Users/suleymanmini/Desktop/cilt kanseri/cilt-kanseri-teshisi-bitirme/data/raw/HAM10000_images_part_2/ISIC_0030662.jpg,0
/Users/suleymanmini/Desktop/cilt kanseri/cilt-kanseri-teshisi-bitirme/data/raw/HAM10000_images_part_1/ISIC_0027715.jpg,0
/Users/suleymanmini/Desktop/cilt kanseri/cilt-kanseri-teshisi-bitirme/data/raw/HAM10000_images_part_2/ISIC_0032758.jpg,0
/Users/suleymanmini/Desktop/cilt kanseri/cilt-kanseri-teshisi-bitirme/data/raw/HAM10000_images_part_2/ISIC_0034011.jpg,0
/Users/suleymanmini/Desktop/cilt kanseri/cilt-kanseri-teshisi-bitirme/data/raw/HAM10000_images_part_1/ISIC_0027604.jpg,1
/Users/suleymanmini/Desktop/cilt kanseri/cilt-kanseri-teshisi-bitirme/data/raw/HAM10000_images_part_2/ISIC_0030002.jpg,1
/Users/suleymanmini/Desktop/cilt kanseri/cilt-kanseri-teshisi-bitirme/data/raw/HAM10000_images_part_2/ISIC_0031533.jpg,0
/Users/suleymanmini/Desktop/cilt kanseri/cilt-kanseri-teshisi-bitirme/data/raw/HAM10000_images_part_2/ISIC_0031770.jpg,0
/Users/suleymanmini/Desktop/cilt kanseri/cilt-kanseri-teshisi-bitirme/data/raw/HAM10000_images_part_2/ISIC_0031004.jpg,0
/Users/suleymanmini/Desktop/cilt kanseri/cilt-kanseri-teshisi-bitirme/data/raw/HAM10000_images_part_1/ISIC_0028424.jpg,0
/Users/suleymanmini/Desktop/cilt kanseri/cilt-kanseri-teshisi-bitirme/data/raw/HAM10000_images_part_2/ISIC_0031734.jpg,0
/Users/suleymanmini/Desktop/cilt kanseri/cilt-kanseri-teshisi-bitirme/data/raw/HAM10000_images_part_1/ISIC_0027065.jpg,1
/Users/suleymanmini/Desktop/cilt kanseri/cilt-kanseri-teshisi-bitirme/data/raw/HAM10000_images_part_1/ISIC_0027912.jpg,0
/Users/suleymanmini/Desktop/cilt kanseri/cilt-kanseri-teshisi-bitirme/data/synthetic/generated_malign/synth_malign_00068.jpg,1
/Users/suleymanmini/Desktop/cilt kanseri/cilt-kanseri-teshisi-bitirme/data/synthetic/generated_malign/synth_malign_00076.jpg,1
/Users/suleymanmini/Desktop/cilt kanseri/cilt-kanseri-teshisi-bitirme/data/raw/HAM10000_images_part_2/ISIC_0033631.jpg,0
/Users/suleymanmini/Desktop/cilt kanseri/cilt-kanseri-teshisi-bitirme/data/raw/HAM10000_images_part_1/ISIC_0025307.jpg,0
/Users/suleymanmini/Desktop/cilt kanseri/cilt-kanseri-teshisi-bitirme/data/synthetic/generated_malign/synth_malign_00794.jpg,1
/Users/suleymanmini/Desktop/cilt kanseri/cilt-kanseri-teshisi-bitirme/data/raw/HAM10000_images_part_1/ISIC_0024921.jpg,0
/Users/suleymanmini/Desktop/cilt kanseri/cilt-kanseri-teshisi-bitirme/data/raw/HAM10000_images_part_2/ISIC_0031661.jpg,0
/Users/suleymanmini/Desktop/cilt kanseri/cilt-kanseri-teshisi-bitirme/data/raw/HAM10000_images_part_2/ISIC_0029360.jpg,1
/Users/suleymanmini/Desktop/cilt kanseri/cilt-kanseri-teshisi-bitirme/data/raw/HAM10000_images_part_2/ISIC_0031896.jpg,0
/Users/suleymanmini/Desktop/cilt kanseri/cilt-kanseri-teshisi-bitirme/data/raw/HAM10000_images_part_2/ISIC_0030569.jpg,0
/Users/suleymanmini/Desktop/cilt kanseri/cilt-kanseri-teshisi-bitirme/data/raw/HAM10000_images_part_2/ISIC_0030109.jpg,0
/Users/suleymanmini/Desktop/cilt kanseri/cilt-kanseri-teshisi-bitirme/data/synthetic/generated_malign/synth_malign_00053.jpg,1
/Users/suleymanmini/Desktop/cilt kanseri/cilt-kanseri-teshisi-bitirme/data/raw/HAM10000_images_part_1/ISIC_0025369.jpg,0
/Users/suleymanmini/Desktop/cilt kanseri/cilt-kanseri-teshisi-bitirme/data/raw/HAM10000_images_part_2/ISIC_0030668.jpg,0
/Users/suleymanmini/Desktop/cilt kanseri/cilt-kanseri-teshisi-bitirme/data/raw/HAM10000_images_part_1/ISIC_0027629.jpg,1
/Users/suleymanmini/Desktop/cilt kanseri/cilt-kanseri-teshisi-bitirme/data/synthetic/generated_malign/synth_malign_00221.jpg,1
/Users/suleymanmini/Desktop/cilt kanseri/cilt-kanseri-teshisi-bitirme/data/raw/HAM10000_images_part_1/ISIC_0027424.jpg,0
/Users/suleymanmini/Desktop/cilt kanseri/cilt-kanseri-teshisi-bitirme/data/raw/HAM10000_images_part_2/ISIC_0033861.jpg,0
/Users/suleymanmini/Desktop/cilt kanseri/cilt-kanseri-teshisi-bitirme/data/synthetic/generated_malign/synth_malign_00423.jpg,1
/Users/suleymanmini/Desktop/cilt kanseri/cilt-kanseri-teshisi-bitirme/data/raw/HAM10000_images_part_1/ISIC_0025748.jpg,1
/Users/suleymanmini/Desktop/cilt kanseri/cilt-kanseri-teshisi-bitirme/data/synthetic/generated_malign/synth_malign_00046.jpg,1
/Users/suleymanmini/Desktop/cilt kanseri/cilt-kanseri-teshisi-bitirme/data/raw/HAM10000_images_part_2/ISIC_0031786.jpg,0
/Users/suleymanmini/Desktop/cilt kanseri/cilt-kanseri-teshisi-bitirme/data/raw/HAM10000_images_part_1/ISIC_0028287.jpg,0
/Users/suleymanmini/Desktop/cilt kanseri/cilt-kanseri-teshisi-bitirme/data/raw/HAM10000_images_part_1/ISIC_0024706.jpg,0
/Users/suleymanmini/Desktop/cilt kanseri/cilt-kanseri-teshisi-bitirme/data/raw/HAM10000_images_part_2/ISIC_0032738.jpg,0
/Users/suleymanmini/Desktop/cilt kanseri/cilt-kanseri-teshisi-bitirme/data/raw/HAM10000_images_part_2/ISIC_0029865.jpg,0
/Users/suleymanmini/Desktop/cilt kanseri/cilt-kanseri-teshisi-bitirme/data/raw/HAM10000_images_part_2/ISIC_0032559.jpg,1
/Users/suleymanmini/Desktop/cilt kanseri/cilt-kanseri-teshisi-bitirme/data/raw/HAM10000_images_part_1/ISIC_0024313.jpg,1
/Users/suleymanmini/Desktop/cilt kanseri/cilt-kanseri-teshisi-bitirme/data/synthetic/generated_malign/synth_malign_00248.jpg,1
/Users/suleymanmini/Desktop/cilt kanseri/cilt-kanseri-teshisi-bitirme/data/raw/HAM10000_images_part_1/ISIC_0025143.jpg,0
/Users/suleymanmini/Desktop/cilt kanseri/cilt-kanseri-teshisi-bitirme/data/raw/HAM10000_images_part_2/ISIC_0029918.jpg,0
/Users/suleymanmini/Desktop/cilt kanseri/cilt-kanseri-teshisi-bitirme/data/raw/HAM10000_images_part_2/ISIC_0032070.jpg,1
/Users/suleymanmini/Desktop/cilt kanseri/cilt-kanseri-teshisi-bitirme/data/raw/HAM10000_images_part_2/ISIC_0032416.jpg,0
/Users/suleymanmini/Desktop/cilt kanseri/cilt-kanseri-teshisi-bitirme/data/raw/HAM10000_images_part_1/ISIC_0028567.jpg,1
/Users/suleymanmini/Desktop/cilt kanseri/cilt-kanseri-teshisi-bitirme/data/raw/HAM10000_images_part_1/ISIC_0027578.jpg,0
/Users/suleymanmini/Desktop/cilt kanseri/cilt-kanseri-teshisi-bitirme/data/raw/HAM10000_images_part_1/ISIC_0028385.jpg,0
/Users/suleymanmini/Desktop/cilt kanseri/cilt-kanseri-teshisi-bitirme/data/raw/HAM10000_images_part_2/ISIC_0032568.jpg,0
/Users/suleymanmini/Desktop/cilt kanseri/cilt-kanseri-teshisi-bitirme/data/raw/HAM10000_images_part_1/ISIC_0027254.jpg,1
/Users/suleymanmini/Desktop/cilt kanseri/cilt-kanseri-teshisi-bitirme/data/raw/HAM10000_images_part_2/ISIC_0033454.jpg,1
/Users/suleymanmini/Desktop/cilt kanseri/cilt-kanseri-teshisi-bitirme/data/raw/HAM10000_images_part_1/ISIC_0024825.jpg,0
/Users/suleymanmini/Desktop/cilt kanseri/cilt-kanseri-teshisi-bitirme/data/raw/HAM10000_images_part_1/ISIC_0024748.jpg,0
/Users/suleymanmini/Desktop/cilt kanseri/cilt-kanseri-teshisi-bitirme/data/raw/HAM10000_images_part_2/ISIC_0029988.jpg,0
/Users/suleymanmini/Desktop/cilt kanseri/cilt-kanseri-teshisi-bitirme/data/raw/HAM10000_images_part_1/ISIC_0028351.jpg,0
/Users/suleymanmini/Desktop/cilt kanseri/cilt-kanseri-teshisi-bitirme/data/raw/HAM10000_images_part_2/ISIC_0031660.jpg,0
/Users/suleymanmini/Desktop/cilt kanseri/cilt-kanseri-teshisi-bitirme/data/raw/HAM10000_images_part_1/ISIC_0028058.jpg,0
/Users/suleymanmini/Desktop/cilt kanseri/cilt-kanseri-teshisi-bitirme/data/raw/HAM10000_images_part_1/ISIC_0025417.jpg,1
/Users/suleymanmini/Desktop/cilt kanseri/cilt-kanseri-teshisi-bitirme/data/raw/HAM10000_images_part_2/ISIC_0030822.jpg,0
/Users/suleymanmini/Desktop/cilt kanseri/cilt-kanseri-teshisi-bitirme/data/raw/HAM10000_images_part_2/ISIC_0033122.jpg,1
/Users/suleymanmini/Desktop/cilt kanseri/cilt-kanseri-teshisi-bitirme/data/raw/HAM10000_images_part_2/ISIC_0034099.jpg,0
/Users/suleymanmini/Desktop/cilt kanseri/cilt-kanseri-teshisi-bitirme/data/raw/HAM10000_images_part_1/ISIC_0024912.jpg,0
/Users/suleymanmini/Desktop/cilt kanseri/cilt-kanseri-teshisi-bitirme/data/synthetic/generated_malign/synth_malign_00557.jpg,1
/Users/suleymanmini/Desktop/cilt kanseri/cilt-kanseri-teshisi-bitirme/data/raw/HAM10000_images_part_1/ISIC_0027506.jpg,1
/Users/suleymanmini/Desktop/cilt kanseri/cilt-kanseri-teshisi-bitirme/data/raw/HAM10000_images_part_2/ISIC_0030810.jpg,0
/Users/suleymanmini/Desktop/cilt kanseri/cilt-kanseri-teshisi-bitirme/data/synthetic/generated_malign/synth_malign_00067.jpg,1
/Users/suleymanmini/Desktop/cilt kanseri/cilt-kanseri-teshisi-bitirme/data/raw/HAM10000_images_part_1/ISIC_0028910.jpg,0
/Users/suleymanmini/Desktop/cilt kanseri/cilt-kanseri-teshisi-bitirme/data/raw/HAM10000_images_part_2/ISIC_0032881.jpg,0
/Users/suleymanmini/Desktop/cilt kanseri/cilt-kanseri-teshisi-bitirme/data/raw/HAM10000_images_part_2/ISIC_0030107.jpg,1
/Users/suleymanmini/Desktop/cilt kanseri/cilt-kanseri-teshisi-bitirme/data/raw/HAM10000_images_part_2/ISIC_0034229.jpg,0
/Users/suleymanmini/Desktop/cilt kanseri/cilt-kanseri-teshisi-bitirme/data/synthetic/generated_malign/synth_malign_00192.jpg,1
/Users/suleymanmini/Desktop/cilt kanseri/cilt-kanseri-teshisi-bitirme/data/raw/HAM10000_images_part_2/ISIC_0032234.jpg,0
/Users/suleymanmini/Desktop/cilt kanseri/cilt-kanseri-teshisi-bitirme/data/raw/HAM10000_images_part_2/ISIC_0029547.jpg,1
/Users/suleymanmini/Desktop/cilt kanseri/cilt-kanseri-teshisi-bitirme/data/raw/HAM10000_images_part_2/ISIC_0031788.jpg,0
/Users/suleymanmini/Desktop/cilt kanseri/cilt-kanseri-teshisi-bitirme/data/raw/HAM10000_images_part_1/ISIC_0026014.jpg,1
/Users/suleymanmini/Desktop/cilt kanseri/cilt-kanseri-teshisi-bitirme/data/raw/HAM10000_images_part_1/ISIC_0028581.jpg,0
/Users/suleymanmini/Desktop/cilt kanseri/cilt-kanseri-teshisi-bitirme/data/raw/HAM10000_images_part_1/ISIC_0029226.jpg,0
/Users/suleymanmini/Desktop/cilt kanseri/cilt-kanseri-teshisi-bitirme/data/raw/HAM10000_images_part_1/ISIC_0027180.jpg,0
/Users/suleymanmini/Desktop/cilt kanseri/cilt-kanseri-teshisi-bitirme/data/raw/HAM10000_images_part_2/ISIC_0030158.jpg,1
/Users/suleymanmini/Desktop/cilt kanseri/cilt-kanseri-teshisi-bitirme/data/raw/HAM10000_images_part_1/ISIC_0024775.jpg,0
/Users/suleymanmini/Desktop/cilt kanseri/cilt-kanseri-teshisi-bitirme/data/raw/HAM10000_images_part_2/ISIC_0030440.jpg,1
/Users/suleymanmini/Desktop/cilt kanseri/cilt-kanseri-teshisi-bitirme/data/raw/HAM10000_images_part_2/ISIC_0033173.jpg,0
/Users/suleymanmini/Desktop/cilt kanseri/cilt-kanseri-teshisi-bitirme/data/raw/HAM10000_images_part_2/ISIC_0031845.jpg,0
/Users/suleymanmini/Desktop/cilt kanseri/cilt-kanseri-teshisi-bitirme/data/raw/HAM10000_images_part_2/ISIC_0031389.jpg,1
/Users/suleymanmini/Desktop/cilt kanseri/cilt-kanseri-teshisi-bitirme/data/raw/HAM10000_images_part_1/ISIC_0027888.jpg,0
/Users/suleymanmini/Desktop/cilt kanseri/cilt-kanseri-teshisi-bitirme/data/raw/HAM10000_images_part_2/ISIC_0029398.jpg,0
/Users/suleymanmini/Desktop/cilt kanseri/cilt-kanseri-teshisi-bitirme/data/raw/HAM10000_images_part_1/ISIC_0025572.jpg,0
/Users/suleymanmini/Desktop/cilt kanseri/cilt-kanseri-teshisi-bitirme/data/raw/HAM10000_images_part_2/ISIC_0032687.jpg,1
/Users/suleymanmini/Desktop/cilt kanseri/cilt-kanseri-teshisi-bitirme/data/raw/HAM10000_images_part_2/ISIC_0029346.jpg,0
/Users/suleymanmini/Desktop/cilt kanseri/cilt-kanseri-teshisi-bitirme/data/raw/HAM10000_images_part_2/ISIC_0029526.jpg,0
/Users/suleymanmini/Desktop/cilt kanseri/cilt-kanseri-teshisi-bitirme/data/raw/HAM10000_images_part_2/ISIC_0033968.jpg,1
/Users/suleymanmini/Desktop/cilt kanseri/cilt-kanseri-teshisi-bitirme/data/raw/HAM10000_images_part_2/ISIC_0029715.jpg,1
/Users/suleymanmini/Desktop/cilt kanseri/cilt-kanseri-teshisi-bitirme/data/raw/HAM10000_images_part_2/ISIC_0032250.jpg,0
/Users/suleymanmini/Desktop/cilt kanseri/cilt-kanseri-teshisi-bitirme/data/raw/HAM10000_images_part_2/ISIC_0032633.jpg,0
/Users/suleymanmini/Desktop/cilt kanseri/cilt-kanseri-teshisi-bitirme/data/raw/HAM10000_images_part_2/ISIC_0031453.jpg,0
/Users/suleymanmini/Desktop/cilt kanseri/cilt-kanseri-teshisi-bitirme/data/raw/HAM10000_images_part_1/ISIC_0026483.jpg,0
/Users/suleymanmini/Desktop/cilt kanseri/cilt-kanseri-teshisi-bitirme/data/raw/HAM10000_images_part_2/ISIC_0031714.jpg,0
/Users/suleymanmini/Desktop/cilt kanseri/cilt-kanseri-teshisi-bitirme/data/raw/HAM10000_images_part_1/ISIC_0025958.jpg,0
/Users/suleymanmini/Desktop/cilt kanseri/cilt-kanseri-teshisi-bitirme/data/raw/HAM10000_images_part_2/ISIC_0034080.jpg,0
/Users/suleymanmini/Desktop/cilt kanseri/cilt-kanseri-teshisi-bitirme/data/raw/HAM10000_images_part_2/ISIC_0032321.jpg,0
/Users/suleymanmini/Desktop/cilt kanseri/cilt-kanseri-teshisi-bitirme/data/raw/HAM10000_images_part_2/ISIC_0031819.jpg,0
/Users/suleymanmini/Desktop/cilt kanseri/cilt-kanseri-teshisi-bitirme/data/raw/HAM10000_images_part_2/ISIC_0032452.jpg,0
/Users/suleymanmini/Desktop/cilt kanseri/cilt-kanseri-teshisi-bitirme/data/raw/HAM10000_images_part_2/ISIC_0030062.jpg,0
/Users/suleymanmini/Desktop/cilt kanseri/cilt-kanseri-teshisi-bitirme/data/raw/HAM10000_images_part_1/ISIC_0027217.jpg,0
/Users/suleymanmini/Desktop/cilt kanseri/cilt-kanseri-teshisi-bitirme/data/raw/HAM10000_images_part_2/ISIC_0032443.jpg,0
/Users/suleymanmini/Desktop/cilt kanseri/cilt-kanseri-teshisi-bitirme/data/raw/HAM10000_images_part_1/ISIC_0024502.jpg,0
/Users/suleymanmini/Desktop/cilt kanseri/cilt-kanseri-teshisi-bitirme/data/raw/HAM10000_images_part_1/ISIC_0025447.jpg,0
/Users/suleymanmini/Desktop/cilt kanseri/cilt-kanseri-teshisi-bitirme/data/synthetic/generated_malign/synth_malign_00056.jpg,1
/Users/suleymanmini/Desktop/cilt kanseri/cilt-kanseri-teshisi-bitirme/data/raw/HAM10000_images_part_1/ISIC_0027803.jpg,0
/Users/suleymanmini/Desktop/cilt kanseri/cilt-kanseri-teshisi-bitirme/data/raw/HAM10000_images_part_2/ISIC_0033223.jpg,0
/Users/suleymanmini/Desktop/cilt kanseri/cilt-kanseri-teshisi-bitirme/data/raw/HAM10000_images_part_1/ISIC_0024839.jpg,0
/Users/suleymanmini/Desktop/cilt kanseri/cilt-kanseri-teshisi-bitirme/data/raw/HAM10000_images_part_1/ISIC_0026117.jpg,1
/Users/suleymanmini/Desktop/cilt kanseri/cilt-kanseri-teshisi-bitirme/data/raw/HAM10000_images_part_2/ISIC_0031935.jpg,0
/Users/suleymanmini/Desktop/cilt kanseri/cilt-kanseri-teshisi-bitirme/data/raw/HAM10000_images_part_1/ISIC_0026727.jpg,0
/Users/suleymanmini/Desktop/cilt kanseri/cilt-kanseri-teshisi-bitirme/data/raw/HAM10000_images_part_1/ISIC_0027590.jpg,1
/Users/suleymanmini/Desktop/cilt kanseri/cilt-kanseri-teshisi-bitirme/data/raw/HAM10000_images_part_1/ISIC_0027594.jpg,0
/Users/suleymanmini/Desktop/cilt kanseri/cilt-kanseri-teshisi-bitirme/data/synthetic/generated_malign/synth_malign_00033.jpg,1
/Users/suleymanmini/Desktop/cilt kanseri/cilt-kanseri-teshisi-bitirme/data/raw/HAM10000_images_part_1/ISIC_0025897.jpg,0
/Users/suleymanmini/Desktop/cilt kanseri/cilt-kanseri-teshisi-bitirme/data/raw/HAM10000_images_part_2/ISIC_0031371.jpg,0
/Users/suleymanmini/Desktop/cilt kanseri/cilt-kanseri-teshisi-bitirme/data/synthetic/generated_malign/synth_malign_00300.jpg,1
/Users/suleymanmini/Desktop/cilt kanseri/cilt-kanseri-teshisi-bitirme/data/raw/HAM10000_images_part_1/ISIC_0026682.jpg,0
/Users/suleymanmini/Desktop/cilt kanseri/cilt-kanseri-teshisi-bitirme/data/raw/HAM10000_images_part_2/ISIC_0029504.jpg,0
/Users/suleymanmini/Desktop/cilt kanseri/cilt-kanseri-teshisi-bitirme/data/raw/HAM10000_images_part_1/ISIC_0027445.jpg,0
/Users/suleymanmini/Desktop/cilt kanseri/cilt-kanseri-teshisi-bitirme/data/raw/HAM10000_images_part_1/ISIC_0025217.jpg,0
/Users/suleymanmini/Desktop/cilt kanseri/cilt-kanseri-teshisi-bitirme/data/raw/HAM10000_images_part_1/ISIC_0026242.jpg,0
/Users/suleymanmini/Desktop/cilt kanseri/cilt-kanseri-teshisi-bitirme/data/synthetic/generated_malign/synth_malign_00195.jpg,1
/Users/suleymanmini/Desktop/cilt kanseri/cilt-kanseri-teshisi-bitirme/data/raw/HAM10000_images_part_2/ISIC_0033527.jpg,0
/Users/suleymanmini/Desktop/cilt kanseri/cilt-kanseri-teshisi-bitirme/data/raw/HAM10000_images_part_2/ISIC_0033608.jpg,0
/Users/suleymanmini/Desktop/cilt kanseri/cilt-kanseri-teshisi-bitirme/data/raw/HAM10000_images_part_1/ISIC_0027595.jpg,1
/Users/suleymanmini/Desktop/cilt kanseri/cilt-kanseri-teshisi-bitirme/data/raw/HAM10000_images_part_2/ISIC_0032814.jpg,0
/Users/suleymanmini/Desktop/cilt kanseri/cilt-kanseri-teshisi-bitirme/data/raw/HAM10000_images_part_1/ISIC_0027352.jpg,1
/Users/suleymanmini/Desktop/cilt kanseri/cilt-kanseri-teshisi-bitirme/data/raw/HAM10000_images_part_2/ISIC_0030365.jpg,0
/Users/suleymanmini/Desktop/cilt kanseri/cilt-kanseri-teshisi-bitirme/data/raw/HAM10000_images_part_1/ISIC_0026927.jpg,1
/Users/suleymanmini/Desktop/cilt kanseri/cilt-kanseri-teshisi-bitirme/data/raw/HAM10000_images_part_1/ISIC_0025027.jpg,0
/Users/suleymanmini/Desktop/cilt kanseri/cilt-kanseri-teshisi-bitirme/data/raw/HAM10000_images_part_2/ISIC_0033969.jpg,0
/Users/suleymanmini/Desktop/cilt kanseri/cilt-kanseri-teshisi-bitirme/data/synthetic/generated_malign/synth_malign_00484.jpg,1
/Users/suleymanmini/Desktop/cilt kanseri/cilt-kanseri-teshisi-bitirme/data/synthetic/generated_malign/synth_malign_00841.jpg,1
/Users/suleymanmini/Desktop/cilt kanseri/cilt-kanseri-teshisi-bitirme/data/raw/HAM10000_images_part_1/ISIC_0025986.jpg,0
/Users/suleymanmini/Desktop/cilt kanseri/cilt-kanseri-teshisi-bitirme/data/raw/HAM10000_images_part_1/ISIC_0025587.jpg,0
/Users/suleymanmini/Desktop/cilt kanseri/cilt-kanseri-teshisi-bitirme/data/raw/HAM10000_images_part_1/ISIC_0025718.jpg,1
/Users/suleymanmini/Desktop/cilt kanseri/cilt-kanseri-teshisi-bitirme/data/synthetic/generated_malign/synth_malign_00880.jpg,1
/Users/suleymanmini/Desktop/cilt kanseri/cilt-kanseri-teshisi-bitirme/data/raw/HAM10000_images_part_2/ISIC_0034267.jpg,0
/Users/suleymanmini/Desktop/cilt kanseri/cilt-kanseri-teshisi-bitirme/data/raw/HAM10000_images_part_2/ISIC_0030355.jpg,0
/Users/suleymanmini/Desktop/cilt kanseri/cilt-kanseri-teshisi-bitirme/data/synthetic/generated_malign/synth_malign_00782.jpg,1
/Users/suleymanmini/Desktop/cilt kanseri/cilt-kanseri-teshisi-bitirme/data/synthetic/generated_malign/synth_malign_00996.jpg,1
/Users/suleymanmini/Desktop/cilt kanseri/cilt-kanseri-teshisi-bitirme/data/raw/HAM10000_images_part_1/ISIC_0027068.jpg,0
/Users/suleymanmini/Desktop/cilt kanseri/cilt-kanseri-teshisi-bitirme/data/raw/HAM10000_images_part_2/ISIC_0029424.jpg,0
/Users/suleymanmini/Desktop/cilt kanseri/cilt-kanseri-teshisi-bitirme/data/raw/HAM10000_images_part_2/ISIC_0031196.jpg,0
/Users/suleymanmini/Desktop/cilt kanseri/cilt-kanseri-teshisi-bitirme/data/raw/HAM10000_images_part_2/ISIC_0030988.jpg,0
/Users/suleymanmini/Desktop/cilt kanseri/cilt-kanseri-teshisi-bitirme/data/raw/HAM10000_images_part_1/ISIC_0028288.jpg,1
/Users/suleymanmini/Desktop/cilt kanseri/cilt-kanseri-teshisi-bitirme/data/raw/HAM10000_images_part_1/ISIC_0028431.jpg,0
/Users/suleymanmini/Desktop/cilt kanseri/cilt-kanseri-teshisi-bitirme/data/synthetic/generated_malign/synth_malign_00704.jpg,1
/Users/suleymanmini/Desktop/cilt kanseri/cilt-kanseri-teshisi-bitirme/data/raw/HAM10000_images_part_2/ISIC_0030430.jpg,0
/Users/suleymanmini/Desktop/cilt kanseri/cilt-kanseri-teshisi-bitirme/data/raw/HAM10000_images_part_1/ISIC_0026244.jpg,0
/Users/suleymanmini/Desktop/cilt kanseri/cilt-kanseri-teshisi-bitirme/data/raw/HAM10000_images_part_1/ISIC_0027264.jpg,0
/Users/suleymanmini/Desktop/cilt kanseri/cilt-kanseri-teshisi-bitirme/data/raw/HAM10000_images_part_1/ISIC_0027781.jpg,0
/Users/suleymanmini/Desktop/cilt kanseri/cilt-kanseri-teshisi-bitirme/data/raw/HAM10000_images_part_1/ISIC_0029248.jpg,0
/Users/suleymanmini/Desktop/cilt kanseri/cilt-kanseri-teshisi-bitirme/data/raw/HAM10000_images_part_2/ISIC_0033798.jpg,0
/Users/suleymanmini/Desktop/cilt kanseri/cilt-kanseri-teshisi-bitirme/data/raw/HAM10000_images_part_2/ISIC_0033708.jpg,1
/Users/suleymanmini/Desktop/cilt kanseri/cilt-kanseri-teshisi-bitirme/data/raw/HAM10000_images_part_2/ISIC_0030197.jpg,1
/Users/suleymanmini/Desktop/cilt kanseri/cilt-kanseri-teshisi-bitirme/data/raw/HAM10000_images_part_2/ISIC_0034140.jpg,1
/Users/suleymanmini/Desktop/cilt kanseri/cilt-kanseri-teshisi-bitirme/data/raw/HAM10000_images_part_1/ISIC_0028935.jpg,0
/Users/suleymanmini/Desktop/cilt kanseri/cilt-kanseri-teshisi-bitirme/data/raw/HAM10000_images_part_1/ISIC_0028245.jpg,0
/Users/suleymanmini/Desktop/cilt kanseri/cilt-kanseri-teshisi-bitirme/data/raw/HAM10000_images_part_2/ISIC_0033136.jpg,0
/Users/suleymanmini/Desktop/cilt kanseri/cilt-kanseri-teshisi-bitirme/data/raw/HAM10000_images_part_2/ISIC_0031844.jpg,1
/Users/suleymanmini/Desktop/cilt kanseri/cilt-kanseri-teshisi-bitirme/data/raw/HAM10000_images_part_2/ISIC_0030596.jpg,0
/Users/suleymanmini/Desktop/cilt kanseri/cilt-kanseri-teshisi-bitirme/data/raw/HAM10000_images_part_1/ISIC_0025582.jpg,0
/Users/suleymanmini/Desktop/cilt kanseri/cilt-kanseri-teshisi-bitirme/data/raw/HAM10000_images_part_2/ISIC_0032120.jpg,0
/Users/suleymanmini/Desktop/cilt kanseri/cilt-kanseri-teshisi-bitirme/data/raw/HAM10000_images_part_1/ISIC_0027231.jpg,1
/Users/suleymanmini/Desktop/cilt kanseri/cilt-kanseri-teshisi-bitirme/data/raw/HAM10000_images_part_2/ISIC_0032753.jpg,0
/Users/suleymanmini/Desktop/cilt kanseri/cilt-kanseri-teshisi-bitirme/data/raw/HAM10000_images_part_1/ISIC_0025254.jpg,0
/Users/suleymanmini/Desktop/cilt kanseri/cilt-kanseri-teshisi-bitirme/data/synthetic/generated_malign/synth_malign_00274.jpg,1
/Users/suleymanmini/Desktop/cilt kanseri/cilt-kanseri-teshisi-bitirme/data/raw/HAM10000_images_part_2/ISIC_0032627.jpg,0
/Users/suleymanmini/Desktop/cilt kanseri/cilt-kanseri-teshisi-bitirme/data/raw/HAM10000_images_part_2/ISIC_0034115.jpg,0
/Users/suleymanmini/Desktop/cilt kanseri/cilt-kanseri-teshisi-bitirme/data/raw/HAM10000_images_part_2/ISIC_0030661.jpg,0
/Users/suleymanmini/Desktop/cilt kanseri/cilt-kanseri-teshisi-bitirme/data/synthetic/generated_malign/synth_malign_01000.jpg,1
/Users/suleymanmini/Desktop/cilt kanseri/cilt-kanseri-teshisi-bitirme/data/raw/HAM10000_images_part_2/ISIC_0033182.jpg,0
/Users/suleymanmini/Desktop/cilt kanseri/cilt-kanseri-teshisi-bitirme/data/raw/HAM10000_images_part_1/ISIC_0027043.jpg,1
/Users/suleymanmini/Desktop/cilt kanseri/cilt-kanseri-teshisi-bitirme/data/raw/HAM10000_images_part_1/ISIC_0028273.jpg,0
/Users/suleymanmini/Desktop/cilt kanseri/cilt-kanseri-teshisi-bitirme/data/raw/HAM10000_images_part_1/ISIC_0025133.jpg,0
/Users/suleymanmini/Desktop/cilt kanseri/cilt-kanseri-teshisi-bitirme/data/raw/HAM10000_images_part_1/ISIC_0027556.jpg,0
/Users/suleymanmini/Desktop/cilt kanseri/cilt-kanseri-teshisi-bitirme/data/raw/HAM10000_images_part_2/ISIC_0032624.jpg,1
/Users/suleymanmini/Desktop/cilt kanseri/cilt-kanseri-teshisi-bitirme/data/raw/HAM10000_images_part_2/ISIC_0033891.jpg,0
/Users/suleymanmini/Desktop/cilt kanseri/cilt-kanseri-teshisi-bitirme/data/raw/HAM10000_images_part_1/ISIC_0027467.jpg,0
/Users/suleymanmini/Desktop/cilt kanseri/cilt-kanseri-teshisi-bitirme/data/raw/HAM10000_images_part_2/ISIC_0030164.jpg,0
/Users/suleymanmini/Desktop/cilt kanseri/cilt-kanseri-teshisi-bitirme/data/raw/HAM10000_images_part_1/ISIC_0027102.jpg,1
/Users/suleymanmini/Desktop/cilt kanseri/cilt-kanseri-teshisi-bitirme/data/raw/HAM10000_images_part_2/ISIC_0031205.jpg,0
/Users/suleymanmini/Desktop/cilt kanseri/cilt-kanseri-teshisi-bitirme/data/synthetic/generated_malign/synth_malign_00501.jpg,1
/Users/suleymanmini/Desktop/cilt kanseri/cilt-kanseri-teshisi-bitirme/data/raw/HAM10000_images_part_2/ISIC_0030125.jpg,0
/Users/suleymanmini/Desktop/cilt kanseri/cilt-kanseri-teshisi-bitirme/data/synthetic/generated_malign/synth_malign_00059.jpg,1
/Users/suleymanmini/Desktop/cilt kanseri/cilt-kanseri-teshisi-bitirme/data/raw/HAM10000_images_part_2/ISIC_0032467.jpg,0
/Users/suleymanmini/Desktop/cilt kanseri/cilt-kanseri-teshisi-bitirme/data/raw/HAM10000_images_part_2/ISIC_0031774.jpg,0
/Users/suleymanmini/Desktop/cilt kanseri/cilt-kanseri-teshisi-bitirme/data/raw/HAM10000_images_part_1/ISIC_0026406.jpg,0
/Users/suleymanmini/Desktop/cilt kanseri/cilt-kanseri-teshisi-bitirme/data/raw/HAM10000_images_part_2/ISIC_0033084.jpg,1
/Users/suleymanmini/Desktop/cilt kanseri/cilt-kanseri-teshisi-bitirme/data/raw/HAM10000_images_part_2/ISIC_0032336.jpg,0
/Users/suleymanmini/Desktop/cilt kanseri/cilt-kanseri-teshisi-bitirme/data/synthetic/generated_malign/synth_malign_00578.jpg,1
/Users/suleymanmini/Desktop/cilt kanseri/cilt-kanseri-teshisi-bitirme/data/raw/HAM10000_images_part_2/ISIC_0033109.jpg,0
/Users/suleymanmini/Desktop/cilt kanseri/cilt-kanseri-teshisi-bitirme/data/synthetic/generated_malign/synth_malign_00664.jpg,1
/Users/suleymanmini/Desktop/cilt kanseri/cilt-kanseri-teshisi-bitirme/data/raw/HAM10000_images_part_2/ISIC_0030270.jpg,0
/Users/suleymanmini/Desktop/cilt kanseri/cilt-kanseri-teshisi-bitirme/data/raw/HAM10000_images_part_2/ISIC_0031779.jpg,1
/Users/suleymanmini/Desktop/cilt kanseri/cilt-kanseri-teshisi-bitirme/data/raw/HAM10000_images_part_2/ISIC_0032751.jpg,1
/Users/suleymanmini/Desktop/cilt kanseri/cilt-kanseri-teshisi-bitirme/data/raw/HAM10000_images_part_1/ISIC_0027636.jpg,0
/Users/suleymanmini/Desktop/cilt kanseri/cilt-kanseri-teshisi-bitirme/data/raw/HAM10000_images_part_2/ISIC_0031599.jpg,0
/Users/suleymanmini/Desktop/cilt kanseri/cilt-kanseri-teshisi-bitirme/data/raw/HAM10000_images_part_1/ISIC_0028120.jpg,0
/Users/suleymanmini/Desktop/cilt kanseri/cilt-kanseri-teshisi-bitirme/data/raw/HAM10000_images_part_1/ISIC_0027272.jpg,0
/Users/suleymanmini/Desktop/cilt kanseri/cilt-kanseri-teshisi-bitirme/data/raw/HAM10000_images_part_1/ISIC_0029040.jpg,0
/Users/suleymanmini/Desktop/cilt kanseri/cilt-kanseri-teshisi-bitirme/data/raw/HAM10000_images_part_2/ISIC_0029841.jpg,0
/Users/suleymanmini/Desktop/cilt kanseri/cilt-kanseri-teshisi-bitirme/data/raw/HAM10000_images_part_1/ISIC_0028153.jpg,0
/Users/suleymanmini/Desktop/cilt kanseri/cilt-kanseri-teshisi-bitirme/data/raw/HAM10000_images_part_1/ISIC_0028650.jpg,0
/Users/suleymanmini/Desktop/cilt kanseri/cilt-kanseri-teshisi-bitirme/data/raw/HAM10000_images_part_2/ISIC_0029953.jpg,0
/Users/suleymanmini/Desktop/cilt kanseri/cilt-kanseri-teshisi-bitirme/data/synthetic/generated_malign/synth_malign_00648.jpg,1
/Users/suleymanmini/Desktop/cilt kanseri/cilt-kanseri-teshisi-bitirme/data/synthetic/generated_malign/synth_malign_00843.jpg,1
/Users/suleymanmini/Desktop/cilt kanseri/cilt-kanseri-teshisi-bitirme/data/synthetic/generated_malign/synth_malign_00762.jpg,1
/Users/suleymanmini/Desktop/cilt kanseri/cilt-kanseri-teshisi-bitirme/data/raw/HAM10000_images_part_2/ISIC_0031980.jpg,0
/Users/suleymanmini/Desktop/cilt kanseri/cilt-kanseri-teshisi-bitirme/data/raw/HAM10000_images_part_1/ISIC_0028402.jpg,0
/Users/suleymanmini/Desktop/cilt kanseri/cilt-kanseri-teshisi-bitirme/data/raw/HAM10000_images_part_1/ISIC_0027089.jpg,1
/Users/suleymanmini/Desktop/cilt kanseri/cilt-kanseri-teshisi-bitirme/data/raw/HAM10000_images_part_2/ISIC_0029650.jpg,0
/Users/suleymanmini/Desktop/cilt kanseri/cilt-kanseri-teshisi-bitirme/data/raw/HAM10000_images_part_1/ISIC_0024981.jpg,0
/Users/suleymanmini/Desktop/cilt kanseri/cilt-kanseri-teshisi-bitirme/data/raw/HAM10000_images_part_1/ISIC_0025383.jpg,1
/Users/suleymanmini/Desktop/cilt kanseri/cilt-kanseri-teshisi-bitirme/data/raw/HAM10000_images_part_1/ISIC_0026233.jpg,0
/Users/suleymanmini/Desktop/cilt kanseri/cilt-kanseri-teshisi-bitirme/data/raw/HAM10000_images_part_2/ISIC_0034201.jpg,0
/Users/suleymanmini/Desktop/cilt kanseri/cilt-kanseri-teshisi-bitirme/data/synthetic/generated_malign/synth_malign_00955.jpg,1
/Users/suleymanmini/Desktop/cilt kanseri/cilt-kanseri-teshisi-bitirme/data/raw/HAM10000_images_part_1/ISIC_0026948.jpg,0
/Users/suleymanmini/Desktop/cilt kanseri/cilt-kanseri-teshisi-bitirme/data/raw/HAM10000_images_part_1/ISIC_0025182.jpg,1
/Users/suleymanmini/Desktop/cilt kanseri/cilt-kanseri-teshisi-bitirme/data/raw/HAM10000_images_part_2/ISIC_0030999.jpg,0
/Users/suleymanmini/Desktop/cilt kanseri/cilt-kanseri-teshisi-bitirme/data/raw/HAM10000_images_part_1/ISIC_0028720.jpg,0
/Users/suleymanmini/Desktop/cilt kanseri/cilt-kanseri-teshisi-bitirme/data/synthetic/generated_malign/synth_malign_00191.jpg,1
/Users/suleymanmini/Desktop/cilt kanseri/cilt-kanseri-teshisi-bitirme/data/raw/HAM10000_images_part_2/ISIC_0029800.jpg,0
/Users/suleymanmini/Desktop/cilt kanseri/cilt-kanseri-teshisi-bitirme/data/raw/HAM10000_images_part_1/ISIC_0028370.jpg,1
/Users/suleymanmini/Desktop/cilt kanseri/cilt-kanseri-teshisi-bitirme/data/raw/HAM10000_images_part_1/ISIC_0026206.jpg,1
/Users/suleymanmini/Desktop/cilt kanseri/cilt-kanseri-teshisi-bitirme/data/synthetic/generated_malign/synth_malign_00319.jpg,1
/Users/suleymanmini/Desktop/cilt kanseri/cilt-kanseri-teshisi-bitirme/data/raw/HAM10000_images_part_2/ISIC_0031557.jpg,1
/Users/suleymanmini/Desktop/cilt kanseri/cilt-kanseri-teshisi-bitirme/data/raw/HAM10000_images_part_1/ISIC_0028729.jpg,0
/Users/suleymanmini/Desktop/cilt kanseri/cilt-kanseri-teshisi-bitirme/data/raw/HAM10000_images_part_2/ISIC_0030172.jpg,0
/Users/suleymanmini/Desktop/cilt kanseri/cilt-kanseri-teshisi-bitirme/data/raw/HAM10000_images_part_2/ISIC_0029378.jpg,0
/Users/suleymanmini/Desktop/cilt kanseri/cilt-kanseri-teshisi-bitirme/data/raw/HAM10000_images_part_1/ISIC_0024633.jpg,0
/Users/suleymanmini/Desktop/cilt kanseri/cilt-kanseri-teshisi-bitirme/data/raw/HAM10000_images_part_1/ISIC_0025810.jpg,0
/Users/suleymanmini/Desktop/cilt kanseri/cilt-kanseri-teshisi-bitirme/data/raw/HAM10000_images_part_1/ISIC_0026418.jpg,0
/Users/suleymanmini/Desktop/cilt kanseri/cilt-kanseri-teshisi-bitirme/data/raw/HAM10000_images_part_2/ISIC_0029309.jpg,1
/Users/suleymanmini/Desktop/cilt kanseri/cilt-kanseri-teshisi-bitirme/data/raw/HAM10000_images_part_2/ISIC_0032821.jpg,0
/Users/suleymanmini/Desktop/cilt kanseri/cilt-kanseri-teshisi-bitirme/data/raw/HAM10000_images_part_2/ISIC_0030501.jpg,1
/Users/suleymanmini/Desktop/cilt kanseri/cilt-kanseri-teshisi-bitirme/data/raw/HAM10000_images_part_1/ISIC_0029223.jpg,0
/Users/suleymanmini/Desktop/cilt kanseri/cilt-kanseri-teshisi-bitirme/data/raw/HAM10000_images_part_1/ISIC_0025154.jpg,0
/Users/suleymanmini/Desktop/cilt kanseri/cilt-kanseri-teshisi-bitirme/data/raw/HAM10000_images_part_2/ISIC_0031764.jpg,0
/Users/suleymanmini/Desktop/cilt kanseri/cilt-kanseri-teshisi-bitirme/data/synthetic/generated_malign/synth_malign_00464.jpg,1
/Users/suleymanmini/Desktop/cilt kanseri/cilt-kanseri-teshisi-bitirme/data/raw/HAM10000_images_part_1/ISIC_0025825.jpg,1
/Users/suleymanmini/Desktop/cilt kanseri/cilt-kanseri-teshisi-bitirme/data/raw/HAM10000_images_part_2/ISIC_0032397.jpg,1
/Users/suleymanmini/Desktop/cilt kanseri/cilt-kanseri-teshisi-bitirme/data/raw/HAM10000_images_part_2/ISIC_0033678.jpg,1
/Users/suleymanmini/Desktop/cilt kanseri/cilt-kanseri-teshisi-bitirme/data/raw/HAM10000_images_part_1/ISIC_0024366.jpg,0
/Users/suleymanmini/Desktop/cilt kanseri/cilt-kanseri-teshisi-bitirme/data/raw/HAM10000_images_part_1/ISIC_0025556.jpg,0
/Users/suleymanmini/Desktop/cilt kanseri/cilt-kanseri-teshisi-bitirme/data/raw/HAM10000_images_part_1/ISIC_0029056.jpg,1
/Users/suleymanmini/Desktop/cilt kanseri/cilt-kanseri-teshisi-bitirme/data/raw/HAM10000_images_part_2/ISIC_0031667.jpg,0
/Users/suleymanmini/Desktop/cilt kanseri/cilt-kanseri-teshisi-bitirme/data/raw/HAM10000_images_part_1/ISIC_0029282.jpg,0
/Users/suleymanmini/Desktop/cilt kanseri/cilt-kanseri-teshisi-bitirme/data/raw/HAM10000_images_part_2/ISIC_0031352.jpg,0
/Users/suleymanmini/Desktop/cilt kanseri/cilt-kanseri-teshisi-bitirme/data/raw/HAM10000_images_part_2/ISIC_0034169.jpg,0
/Users/suleymanmini/Desktop/cilt kanseri/cilt-kanseri-teshisi-bitirme/data/raw/HAM10000_images_part_1/ISIC_0027381.jpg,0
/Users/suleymanmini/Desktop/cilt kanseri/cilt-kanseri-teshisi-bitirme/data/raw/HAM10000_images_part_1/ISIC_0027392.jpg,0
/Users/suleymanmini/Desktop/cilt kanseri/cilt-kanseri-teshisi-bitirme/data/raw/HAM10000_images_part_2/ISIC_0029426.jpg,0
/Users/suleymanmini/Desktop/cilt kanseri/cilt-kanseri-teshisi-bitirme/data/raw/HAM10000_images_part_2/ISIC_0034110.jpg,0
/Users/suleymanmini/Desktop/cilt kanseri/cilt-kanseri-teshisi-bitirme/data/raw/HAM10000_images_part_1/ISIC_0027441.jpg,0
/Users/suleymanmini/Desktop/cilt kanseri/cilt-kanseri-teshisi-bitirme/data/synthetic/generated_malign/synth_malign_00194.jpg,1
/Users/suleymanmini/Desktop/cilt kanseri/cilt-kanseri-teshisi-bitirme/data/raw/HAM10000_images_part_2/ISIC_0030362.jpg,0
/Users/suleymanmini/Desktop/cilt kanseri/cilt-kanseri-teshisi-bitirme/data/raw/HAM10000_images_part_1/ISIC_0027194.jpg,0
/Users/suleymanmini/Desktop/cilt kanseri/cilt-kanseri-teshisi-bitirme/data/raw/HAM10000_images_part_2/ISIC_0030854.jpg,0
/Users/suleymanmini/Desktop/cilt kanseri/cilt-kanseri-teshisi-bitirme/data/raw/HAM10000_images_part_2/ISIC_0032601.jpg,0
/Users/suleymanmini/Desktop/cilt kanseri/cilt-kanseri-teshisi-bitirme/data/raw/HAM10000_images_part_2/ISIC_0031194.jpg,0
/Users/suleymanmini/Desktop/cilt kanseri/cilt-kanseri-teshisi-bitirme/data/raw/HAM10000_images_part_1/ISIC_0028085.jpg,1
/Users/suleymanmini/Desktop/cilt kanseri/cilt-kanseri-teshisi-bitirme/data/raw/HAM10000_images_part_2/ISIC_0031350.jpg,1
/Users/suleymanmini/Desktop/cilt kanseri/cilt-kanseri-teshisi-bitirme/data/raw/HAM10000_images_part_1/ISIC_0026552.jpg,0
/Users/suleymanmini/Desktop/cilt kanseri/cilt-kanseri-teshisi-bitirme/data/raw/HAM10000_images_part_1/ISIC_0025358.jpg,1
/Users/suleymanmini/Desktop/cilt kanseri/cilt-kanseri-teshisi-bitirme/data/raw/HAM10000_images_part_2/ISIC_0033406.jpg,0
/Users/suleymanmini/Desktop/cilt kanseri/cilt-kanseri-teshisi-bitirme/data/raw/HAM10000_images_part_2/ISIC_0029782.jpg,0
/Users/suleymanmini/Desktop/cilt kanseri/cilt-kanseri-teshisi-bitirme/data/synthetic/generated_malign/synth_malign_00519.jpg,1
/Users/suleymanmini/Desktop/cilt kanseri/cilt-kanseri-teshisi-bitirme/data/raw/HAM10000_images_part_2/ISIC_0033227.jpg,0
/Users/suleymanmini/Desktop/cilt kanseri/cilt-kanseri-teshisi-bitirme/data/raw/HAM10000_images_part_1/ISIC_0028221.jpg,0
/Users/suleymanmini/Desktop/cilt kanseri/cilt-kanseri-teshisi-bitirme/data/raw/HAM10000_images_part_1/ISIC_0024322.jpg,0
/Users/suleymanmini/Desktop/cilt kanseri/cilt-kanseri-teshisi-bitirme/data/raw/HAM10000_images_part_1/ISIC_0026013.jpg,0
/Users/suleymanmini/Desktop/cilt kanseri/cilt-kanseri-teshisi-bitirme/data/raw/HAM10000_images_part_2/ISIC_0034311.jpg,0
/Users/suleymanmini/Desktop/cilt kanseri/cilt-kanseri-teshisi-bitirme/data/synthetic/generated_malign/synth_malign_00334.jpg,1
/Users/suleymanmini/Desktop/cilt kanseri/cilt-kanseri-teshisi-bitirme/data/raw/HAM10000_images_part_2/ISIC_0032187.jpg,1
/Users/suleymanmini/Desktop/cilt kanseri/cilt-kanseri-teshisi-bitirme/data/raw/HAM10000_images_part_1/ISIC_0027296.jpg,0
/Users/suleymanmini/Desktop/cilt kanseri/cilt-kanseri-teshisi-bitirme/data/raw/HAM10000_images_part_1/ISIC_0029163.jpg,1
/Users/suleymanmini/Desktop/cilt kanseri/cilt-kanseri-teshisi-bitirme/data/raw/HAM10000_images_part_1/ISIC_0027350.jpg,1
/Users/suleymanmini/Desktop/cilt kanseri/cilt-kanseri-teshisi-bitirme/data/raw/HAM10000_images_part_1/ISIC_0026558.jpg,1
/Users/suleymanmini/Desktop/cilt kanseri/cilt-kanseri-teshisi-bitirme/data/raw/HAM10000_images_part_1/ISIC_0024423.jpg,0
/Users/suleymanmini/Desktop/cilt kanseri/cilt-kanseri-teshisi-bitirme/data/raw/HAM10000_images_part_1/ISIC_0027440.jpg,0
/Users/suleymanmini/Desktop/cilt kanseri/cilt-kanseri-teshisi-bitirme/data/raw/HAM10000_images_part_2/ISIC_0032581.jpg,0
/Users/suleymanmini/Desktop/cilt kanseri/cilt-kanseri-teshisi-bitirme/data/raw/HAM10000_images_part_2/ISIC_0031290.jpg,0
/Users/suleymanmini/Desktop/cilt kanseri/cilt-kanseri-teshisi-bitirme/data/raw/HAM10000_images_part_2/ISIC_0030015.jpg,0
/Users/suleymanmini/Desktop/cilt kanseri/cilt-kanseri-teshisi-bitirme/data/synthetic/generated_malign/synth_malign_00605.jpg,1
/Users/suleymanmini/Desktop/cilt kanseri/cilt-kanseri-teshisi-bitirme/data/synthetic/generated_malign/synth_malign_00972.jpg,1
/Users/suleymanmini/Desktop/cilt kanseri/cilt-kanseri-teshisi-bitirme/data/synthetic/generated_malign/synth_malign_00490.jpg,1
/Users/suleymanmini/Desktop/cilt kanseri/cilt-kanseri-teshisi-bitirme/data/raw/HAM10000_images_part_2/ISIC_0032351.jpg,0
/Users/suleymanmini/Desktop/cilt kanseri/cilt-kanseri-teshisi-bitirme/data/raw/HAM10000_images_part_2/ISIC_0033841.jpg,0
/Users/suleymanmini/Desktop/cilt kanseri/cilt-kanseri-teshisi-bitirme/data/raw/HAM10000_images_part_2/ISIC_0034067.jpg,0
/Users/suleymanmini/Desktop/cilt kanseri/cilt-kanseri-teshisi-bitirme/data/raw/HAM10000_images_part_1/ISIC_0027688.jpg,0
/Users/suleymanmini/Desktop/cilt kanseri/cilt-kanseri-teshisi-bitirme/data/raw/HAM10000_images_part_1/ISIC_0025692.jpg,0
/Users/suleymanmini/Desktop/cilt kanseri/cilt-kanseri-teshisi-bitirme/data/raw/HAM10000_images_part_1/ISIC_0026486.jpg,0
/Users/suleymanmini/Desktop/cilt kanseri/cilt-kanseri-teshisi-bitirme/data/raw/HAM10000_images_part_2/ISIC_0034135.jpg,0
/Users/suleymanmini/Desktop/cilt kanseri/cilt-kanseri-teshisi-bitirme/data/synthetic/generated_malign/synth_malign_00355.jpg,1
/Users/suleymanmini/Desktop/cilt kanseri/cilt-kanseri-teshisi-bitirme/data/synthetic/generated_malign/synth_malign_00445.jpg,1
/Users/suleymanmini/Desktop/cilt kanseri/cilt-kanseri-teshisi-bitirme/data/raw/HAM10000_images_part_1/ISIC_0028766.jpg,0
/Users/suleymanmini/Desktop/cilt kanseri/cilt-kanseri-teshisi-bitirme/data/raw/HAM10000_images_part_2/ISIC_0031462.jpg,0
/Users/suleymanmini/Desktop/cilt kanseri/cilt-kanseri-teshisi-bitirme/data/raw/HAM10000_images_part_1/ISIC_0024374.jpg,0
/Users/suleymanmini/Desktop/cilt kanseri/cilt-kanseri-teshisi-bitirme/data/raw/HAM10000_images_part_2/ISIC_0032069.jpg,0
/Users/suleymanmini/Desktop/cilt kanseri/cilt-kanseri-teshisi-bitirme/data/raw/HAM10000_images_part_1/ISIC_0028890.jpg,1
/Users/suleymanmini/Desktop/cilt kanseri/cilt-kanseri-teshisi-bitirme/data/raw/HAM10000_images_part_2/ISIC_0032382.jpg,0
/Users/suleymanmini/Desktop/cilt kanseri/cilt-kanseri-teshisi-bitirme/data/raw/HAM10000_images_part_2/ISIC_0031850.jpg,0
/Users/suleymanmini/Desktop/cilt kanseri/cilt-kanseri-teshisi-bitirme/data/raw/HAM10000_images_part_2/ISIC_0032525.jpg,0
/Users/suleymanmini/Desktop/cilt kanseri/cilt-kanseri-teshisi-bitirme/data/synthetic/generated_malign/synth_malign_00412.jpg,1
/Users/suleymanmini/Desktop/cilt kanseri/cilt-kanseri-teshisi-bitirme/data/raw/HAM10000_images_part_2/ISIC_0030523.jpg,0
/Users/suleymanmini/Desktop/cilt kanseri/cilt-kanseri-teshisi-bitirme/data/raw/HAM10000_images_part_2/ISIC_0029362.jpg,1
/Users/suleymanmini/Desktop/cilt kanseri/cilt-kanseri-teshisi-bitirme/data/raw/HAM10000_images_part_1/ISIC_0027601.jpg,1
/Users/suleymanmini/Desktop/cilt kanseri/cilt-kanseri-teshisi-bitirme/data/raw/HAM10000_images_part_2/ISIC_0034182.jpg,0
/Users/suleymanmini/Desktop/cilt kanseri/cilt-kanseri-teshisi-bitirme/data/raw/HAM10000_images_part_1/ISIC_0028501.jpg,0
/Users/suleymanmini/Desktop/cilt kanseri/cilt-kanseri-teshisi-bitirme/data/raw/HAM10000_images_part_2/ISIC_0034214.jpg,0
/Users/suleymanmini/Desktop/cilt kanseri/cilt-kanseri-teshisi-bitirme/data/synthetic/generated_malign/synth_malign_00165.jpg,1
/Users/suleymanmini/Desktop/cilt kanseri/cilt-kanseri-teshisi-bitirme/data/raw/HAM10000_images_part_2/ISIC_0032777.jpg,1
/Users/suleymanmini/Desktop/cilt kanseri/cilt-kanseri-teshisi-bitirme/data/raw/HAM10000_images_part_1/ISIC_0026104.jpg,0
/Users/suleymanmini/Desktop/cilt kanseri/cilt-kanseri-teshisi-bitirme/data/raw/HAM10000_images_part_2/ISIC_0030778.jpg,1
/Users/suleymanmini/Desktop/cilt kanseri/cilt-kanseri-teshisi-bitirme/data/raw/HAM10000_images_part_1/ISIC_0025922.jpg,0
/Users/suleymanmini/Desktop/cilt kanseri/cilt-kanseri-teshisi-bitirme/data/raw/HAM10000_images_part_2/ISIC_0033396.jpg,0
/Users/suleymanmini/Desktop/cilt kanseri/cilt-kanseri-teshisi-bitirme/data/raw/HAM10000_images_part_1/ISIC_0028219.jpg,1
/Users/suleymanmini/Desktop/cilt kanseri/cilt-kanseri-teshisi-bitirme/data/raw/HAM10000_images_part_2/ISIC_0033568.jpg,1
/Users/suleymanmini/Desktop/cilt kanseri/cilt-kanseri-teshisi-bitirme/data/raw/HAM10000_images_part_2/ISIC_0033865.jpg,0
/Users/suleymanmini/Desktop/cilt kanseri/cilt-kanseri-teshisi-bitirme/data/raw/HAM10000_images_part_1/ISIC_0026080.jpg,0
/Users/suleymanmini/Desktop/cilt kanseri/cilt-kanseri-teshisi-bitirme/data/raw/HAM10000_images_part_2/ISIC_0034270.jpg,0
/Users/suleymanmini/Desktop/cilt kanseri/cilt-kanseri-teshisi-bitirme/data/raw/HAM10000_images_part_1/ISIC_0026590.jpg,0
/Users/suleymanmini/Desktop/cilt kanseri/cilt-kanseri-teshisi-bitirme/data/raw/HAM10000_images_part_1/ISIC_0028544.jpg,0
/Users/suleymanmini/Desktop/cilt kanseri/cilt-kanseri-teshisi-bitirme/data/raw/HAM10000_images_part_1/ISIC_0028355.jpg,0
/Users/suleymanmini/Desktop/cilt kanseri/cilt-kanseri-teshisi-bitirme/data/raw/HAM10000_images_part_1/ISIC_0024685.jpg,0
/Users/suleymanmini/Desktop/cilt kanseri/cilt-kanseri-teshisi-bitirme/data/raw/HAM10000_images_part_1/ISIC_0028133.jpg,0
/Users/suleymanmini/Desktop/cilt kanseri/cilt-kanseri-teshisi-bitirme/data/raw/HAM10000_images_part_2/ISIC_0030054.jpg,0
/Users/suleymanmini/Desktop/cilt kanseri/cilt-kanseri-teshisi-bitirme/data/raw/HAM10000_images_part_1/ISIC_0025354.jpg,0
/Users/suleymanmini/Desktop/cilt kanseri/cilt-kanseri-teshisi-bitirme/data/raw/HAM10000_images_part_2/ISIC_0034101.jpg,1
/Users/suleymanmini/Desktop/cilt kanseri/cilt-kanseri-teshisi-bitirme/data/raw/HAM10000_images_part_2/ISIC_0029502.jpg,1
/Users/suleymanmini/Desktop/cilt kanseri/cilt-kanseri-teshisi-bitirme/data/raw/HAM10000_images_part_2/ISIC_0033075.jpg,0
/Users/suleymanmini/Desktop/cilt kanseri/cilt-kanseri-teshisi-bitirme/data/raw/HAM10000_images_part_2/ISIC_0029840.jpg,1
/Users/suleymanmini/Desktop/cilt kanseri/cilt-kanseri-teshisi-bitirme/data/raw/HAM10000_images_part_1/ISIC_0026808.jpg,0
/Users/suleymanmini/Desktop/cilt kanseri/cilt-kanseri-teshisi-bitirme/data/raw/HAM10000_images_part_2/ISIC_0031282.jpg,0
/Users/suleymanmini/Desktop/cilt kanseri/cilt-kanseri-teshisi-bitirme/data/raw/HAM10000_images_part_1/ISIC_0024884.jpg,0
/Users/suleymanmini/Desktop/cilt kanseri/cilt-kanseri-teshisi-bitirme/data/raw/HAM10000_images_part_2/ISIC_0032905.jpg,0
/Users/suleymanmini/Desktop/cilt kanseri/cilt-kanseri-teshisi-bitirme/data/raw/HAM10000_images_part_2/ISIC_0032732.jpg,0
/Users/suleymanmini/Desktop/cilt kanseri/cilt-kanseri-teshisi-bitirme/data/raw/HAM10000_images_part_2/ISIC_0033073.jpg,1
/Users/suleymanmini/Desktop/cilt kanseri/cilt-kanseri-teshisi-bitirme/data/raw/HAM10000_images_part_1/ISIC_0027889.jpg,0
/Users/suleymanmini/Desktop/cilt kanseri/cilt-kanseri-teshisi-bitirme/data/raw/HAM10000_images_part_1/ISIC_0028980.jpg,1
/Users/suleymanmini/Desktop/cilt kanseri/cilt-kanseri-teshisi-bitirme/data/synthetic/generated_malign/synth_malign_00864.jpg,1
/Users/suleymanmini/Desktop/cilt kanseri/cilt-kanseri-teshisi-bitirme/data/raw/HAM10000_images_part_1/ISIC_0025998.jpg,0
/Users/suleymanmini/Desktop/cilt kanseri/cilt-kanseri-teshisi-bitirme/data/raw/HAM10000_images_part_2/ISIC_0032676.jpg,0
/Users/suleymanmini/Desktop/cilt kanseri/cilt-kanseri-teshisi-bitirme/data/raw/HAM10000_images_part_2/ISIC_0030116.jpg,0
/Users/suleymanmini/Desktop/cilt kanseri/cilt-kanseri-teshisi-bitirme/data/raw/HAM10000_images_part_1/ISIC_0027136.jpg,0
/Users/suleymanmini/Desktop/cilt kanseri/cilt-kanseri-teshisi-bitirme/data/raw/HAM10000_images_part_2/ISIC_0033790.jpg,0
/Users/suleymanmini/Desktop/cilt kanseri/cilt-kanseri-teshisi-bitirme/data/raw/HAM10000_images_part_2/ISIC_0033856.jpg,1
/Users/suleymanmini/Desktop/cilt kanseri/cilt-kanseri-teshisi-bitirme/data/raw/HAM10000_images_part_1/ISIC_0024634.jpg,1
/Users/suleymanmini/Desktop/cilt kanseri/cilt-kanseri-teshisi-bitirme/data/raw/HAM10000_images_part_1/ISIC_0026686.jpg,0
/Users/suleymanmini/Desktop/cilt kanseri/cilt-kanseri-teshisi-bitirme/data/raw/HAM10000_images_part_2/ISIC_0029566.jpg,0
/Users/suleymanmini/Desktop/cilt kanseri/cilt-kanseri-teshisi-bitirme/data/raw/HAM10000_images_part_1/ISIC_0026622.jpg,1
/Users/suleymanmini/Desktop/cilt kanseri/cilt-kanseri-teshisi-bitirme/data/raw/HAM10000_images_part_1/ISIC_0028996.jpg,0
/Users/suleymanmini/Desktop/cilt kanseri/cilt-kanseri-teshisi-bitirme/data/raw/HAM10000_images_part_1/ISIC_0024530.jpg,0
/Users/suleymanmini/Desktop/cilt kanseri/cilt-kanseri-teshisi-bitirme/data/raw/HAM10000_images_part_2/ISIC_0031487.jpg,0
/Users/suleymanmini/Desktop/cilt kanseri/cilt-kanseri-teshisi-bitirme/data/raw/HAM10000_images_part_2/ISIC_0030726.jpg,0
/Users/suleymanmini/Desktop/cilt kanseri/cilt-kanseri-teshisi-bitirme/data/raw/HAM10000_images_part_2/ISIC_0031655.jpg,0
/Users/suleymanmini/Desktop/cilt kanseri/cilt-kanseri-teshisi-bitirme/data/raw/HAM10000_images_part_1/ISIC_0028928.jpg,1
/Users/suleymanmini/Desktop/cilt kanseri/cilt-kanseri-teshisi-bitirme/data/raw/HAM10000_images_part_2/ISIC_0030041.jpg,0
/Users/suleymanmini/Desktop/cilt kanseri/cilt-kanseri-teshisi-bitirme/data/raw/HAM10000_images_part_2/ISIC_0031223.jpg,0
/Users/suleymanmini/Desktop/cilt kanseri/cilt-kanseri-teshisi-bitirme/data/raw/HAM10000_images_part_2/ISIC_0030375.jpg,1
/Users/suleymanmini/Desktop/cilt kanseri/cilt-kanseri-teshisi-bitirme/data/raw/HAM10000_images_part_1/ISIC_0025705.jpg,0
/Users/suleymanmini/Desktop/cilt kanseri/cilt-kanseri-teshisi-bitirme/data/synthetic/generated_malign/synth_malign_00872.jpg,1
/Users/suleymanmini/Desktop/cilt kanseri/cilt-kanseri-teshisi-bitirme/data/raw/HAM10000_images_part_2/ISIC_0030607.jpg,0
/Users/suleymanmini/Desktop/cilt kanseri/cilt-kanseri-teshisi-bitirme/data/raw/HAM10000_images_part_2/ISIC_0031060.jpg,0
/Users/suleymanmini/Desktop/cilt kanseri/cilt-kanseri-teshisi-bitirme/data/raw/HAM10000_images_part_1/ISIC_0027558.jpg,0
/Users/suleymanmini/Desktop/cilt kanseri/cilt-kanseri-teshisi-bitirme/data/raw/HAM10000_images_part_1/ISIC_0029059.jpg,1
/Users/suleymanmini/Desktop/cilt kanseri/cilt-kanseri-teshisi-bitirme/data/raw/HAM10000_images_part_2/ISIC_0033696.jpg,1
/Users/suleymanmini/Desktop/cilt kanseri/cilt-kanseri-teshisi-bitirme/data/raw/HAM10000_images_part_1/ISIC_0025845.jpg,0
/Users/suleymanmini/Desktop/cilt kanseri/cilt-kanseri-teshisi-bitirme/data/raw/HAM10000_images_part_1/ISIC_0028562.jpg,0
/Users/suleymanmini/Desktop/cilt kanseri/cilt-kanseri-teshisi-bitirme/data/raw/HAM10000_images_part_2/ISIC_0029522.jpg,0
/Users/suleymanmini/Desktop/cilt kanseri/cilt-kanseri-teshisi-bitirme/data/raw/HAM10000_images_part_2/ISIC_0033310.jpg,1
/Users/suleymanmini/Desktop/cilt kanseri/cilt-kanseri-teshisi-bitirme/data/raw/HAM10000_images_part_2/ISIC_0029795.jpg,0
/Users/suleymanmini/Desktop/cilt kanseri/cilt-kanseri-teshisi-bitirme/data/raw/HAM10000_images_part_1/ISIC_0026581.jpg,0
/Users/suleymanmini/Desktop/cilt kanseri/cilt-kanseri-teshisi-bitirme/data/raw/HAM10000_images_part_2/ISIC_0031394.jpg,0
/Users/suleymanmini/Desktop/cilt kanseri/cilt-kanseri-teshisi-bitirme/data/raw/HAM10000_images_part_2/ISIC_0032770.jpg,0
/Users/suleymanmini/Desktop/cilt kanseri/cilt-kanseri-teshisi-bitirme/data/raw/HAM10000_images_part_2/ISIC_0033018.jpg,0
/Users/suleymanmini/Desktop/cilt kanseri/cilt-kanseri-teshisi-bitirme/data/raw/HAM10000_images_part_1/ISIC_0026598.jpg,0
/Users/suleymanmini/Desktop/cilt kanseri/cilt-kanseri-teshisi-bitirme/data/raw/HAM10000_images_part_2/ISIC_0031922.jpg,1
/Users/suleymanmini/Desktop/cilt kanseri/cilt-kanseri-teshisi-bitirme/data/raw/HAM10000_images_part_2/ISIC_0033139.jpg,0
/Users/suleymanmini/Desktop/cilt kanseri/cilt-kanseri-teshisi-bitirme/data/raw/HAM10000_images_part_1/ISIC_0028417.jpg,0
/Users/suleymanmini/Desktop/cilt kanseri/cilt-kanseri-teshisi-bitirme/data/raw/HAM10000_images_part_2/ISIC_0029555.jpg,0
/Users/suleymanmini/Desktop/cilt kanseri/cilt-kanseri-teshisi-bitirme/data/raw/HAM10000_images_part_2/ISIC_0033360.jpg,0
/Users/suleymanmini/Desktop/cilt kanseri/cilt-kanseri-teshisi-bitirme/data/raw/HAM10000_images_part_1/ISIC_0027990.jpg,0
/Users/suleymanmini/Desktop/cilt kanseri/cilt-kanseri-teshisi-bitirme/data/raw/HAM10000_images_part_1/ISIC_0026426.jpg,0
/Users/suleymanmini/Desktop/cilt kanseri/cilt-kanseri-teshisi-bitirme/data/raw/HAM10000_images_part_2/ISIC_0029372.jpg,1
/Users/suleymanmini/Desktop/cilt kanseri/cilt-kanseri-teshisi-bitirme/data/raw/HAM10000_images_part_2/ISIC_0030115.jpg,0
/Users/suleymanmini/Desktop/cilt kanseri/cilt-kanseri-teshisi-bitirme/data/raw/HAM10000_images_part_1/ISIC_0028814.jpg,1
/Users/suleymanmini/Desktop/cilt kanseri/cilt-kanseri-teshisi-bitirme/data/raw/HAM10000_images_part_2/ISIC_0033439.jpg,0
/Users/suleymanmini/Desktop/cilt kanseri/cilt-kanseri-teshisi-bitirme/data/raw/HAM10000_images_part_2/ISIC_0030754.jpg,1
/Users/suleymanmini/Desktop/cilt kanseri/cilt-kanseri-teshisi-bitirme/data/raw/HAM10000_images_part_1/ISIC_0024484.jpg,0
/Users/suleymanmini/Desktop/cilt kanseri/cilt-kanseri-teshisi-bitirme/data/raw/HAM10000_images_part_1/ISIC_0026602.jpg,0
/Users/suleymanmini/Desktop/cilt kanseri/cilt-kanseri-teshisi-bitirme/data/raw/HAM10000_images_part_2/ISIC_0030978.jpg,0
/Users/suleymanmini/Desktop/cilt kanseri/cilt-kanseri-teshisi-bitirme/data/raw/HAM10000_images_part_2/ISIC_0032205.jpg,0
/Users/suleymanmini/Desktop/cilt kanseri/cilt-kanseri-teshisi-bitirme/data/raw/HAM10000_images_part_1/ISIC_0029087.jpg,0
/Users/suleymanmini/Desktop/cilt kanseri/cilt-kanseri-teshisi-bitirme/data/raw/HAM10000_images_part_2/ISIC_0033570.jpg,1
/Users/suleymanmini/Desktop/cilt kanseri/cilt-kanseri-teshisi-bitirme/data/raw/HAM10000_images_part_1/ISIC_0029124.jpg,0
/Users/suleymanmini/Desktop/cilt kanseri/cilt-kanseri-teshisi-bitirme/data/raw/HAM10000_images_part_1/ISIC_0025016.jpg,0
/Users/suleymanmini/Desktop/cilt kanseri/cilt-kanseri-teshisi-bitirme/data/synthetic/generated_malign/synth_malign_00255.jpg,1
/Users/suleymanmini/Desktop/cilt kanseri/cilt-kanseri-teshisi-bitirme/data/raw/HAM10000_images_part_2/ISIC_0033403.jpg,0
/Users/suleymanmini/Desktop/cilt kanseri/cilt-kanseri-teshisi-bitirme/data/raw/HAM10000_images_part_1/ISIC_0028810.jpg,0
/Users/suleymanmini/Desktop/cilt kanseri/cilt-kanseri-teshisi-bitirme/data/synthetic/generated_malign/synth_malign_00024.jpg,1
/Users/suleymanmini/Desktop/cilt kanseri/cilt-kanseri-teshisi-bitirme/data/raw/HAM10000_images_part_1/ISIC_0026162.jpg,0
/Users/suleymanmini/Desktop/cilt kanseri/cilt-kanseri-teshisi-bitirme/data/raw/HAM10000_images_part_2/ISIC_0034042.jpg,0
/Users/suleymanmini/Desktop/cilt kanseri/cilt-kanseri-teshisi-bitirme/data/synthetic/generated_malign/synth_malign_00847.jpg,1
/Users/suleymanmini/Desktop/cilt kanseri/cilt-kanseri-teshisi-bitirme/data/raw/HAM10000_images_part_1/ISIC_0025968.jpg,0
/Users/suleymanmini/Desktop/cilt kanseri/cilt-kanseri-teshisi-bitirme/data/raw/HAM10000_images_part_1/ISIC_0027747.jpg,0
/Users/suleymanmini/Desktop/cilt kanseri/cilt-kanseri-teshisi-bitirme/data/raw/HAM10000_images_part_1/ISIC_0028834.jpg,0
/Users/suleymanmini/Desktop/cilt kanseri/cilt-kanseri-teshisi-bitirme/data/raw/HAM10000_images_part_2/ISIC_0029514.jpg,0
/Users/suleymanmini/Desktop/cilt kanseri/cilt-kanseri-teshisi-bitirme/data/raw/HAM10000_images_part_1/ISIC_0029120.jpg,0
/Users/suleymanmini/Desktop/cilt kanseri/cilt-kanseri-teshisi-bitirme/data/raw/HAM10000_images_part_2/ISIC_0032154.jpg,1
/Users/suleymanmini/Desktop/cilt kanseri/cilt-kanseri-teshisi-bitirme/data/raw/HAM10000_images_part_1/ISIC_0028333.jpg,0
/Users/suleymanmini/Desktop/cilt kanseri/cilt-kanseri-teshisi-bitirme/data/raw/HAM10000_images_part_2/ISIC_0031515.jpg,0
/Users/suleymanmini/Desktop/cilt kanseri/cilt-kanseri-teshisi-bitirme/data/raw/HAM10000_images_part_2/ISIC_0029791.jpg,0
/Users/suleymanmini/Desktop/cilt kanseri/cilt-kanseri-teshisi-bitirme/data/raw/HAM10000_images_part_1/ISIC_0025425.jpg,0
/Users/suleymanmini/Desktop/cilt kanseri/cilt-kanseri-teshisi-bitirme/data/raw/HAM10000_images_part_1/ISIC_0028680.jpg,0
/Users/suleymanmini/Desktop/cilt kanseri/cilt-kanseri-teshisi-bitirme/data/raw/HAM10000_images_part_2/ISIC_0030424.jpg,0
/Users/suleymanmini/Desktop/cilt kanseri/cilt-kanseri-teshisi-bitirme/data/raw/HAM10000_images_part_2/ISIC_0032701.jpg,0
/Users/suleymanmini/Desktop/cilt kanseri/cilt-kanseri-teshisi-bitirme/data/raw/HAM10000_images_part_2/ISIC_0032455.jpg,1
/Users/suleymanmini/Desktop/cilt kanseri/cilt-kanseri-teshisi-bitirme/data/raw/HAM10000_images_part_2/ISIC_0029741.jpg,0
/Users/suleymanmini/Desktop/cilt kanseri/cilt-kanseri-teshisi-bitirme/data/raw/HAM10000_images_part_2/ISIC_0032026.jpg,0
/Users/suleymanmini/Desktop/cilt kanseri/cilt-kanseri-teshisi-bitirme/data/raw/HAM10000_images_part_1/ISIC_0024454.jpg,1
/Users/suleymanmini/Desktop/cilt kanseri/cilt-kanseri-teshisi-bitirme/data/raw/HAM10000_images_part_2/ISIC_0033315.jpg,0
/Users/suleymanmini/Desktop/cilt kanseri/cilt-kanseri-teshisi-bitirme/data/raw/HAM10000_images_part_2/ISIC_0029646.jpg,0
/Users/suleymanmini/Desktop/cilt kanseri/cilt-kanseri-teshisi-bitirme/data/raw/HAM10000_images_part_1/ISIC_0024665.jpg,1
/Users/suleymanmini/Desktop/cilt kanseri/cilt-kanseri-teshisi-bitirme/data/synthetic/generated_malign/synth_malign_00132.jpg,1
/Users/suleymanmini/Desktop/cilt kanseri/cilt-kanseri-teshisi-bitirme/data/raw/HAM10000_images_part_1/ISIC_0027302.jpg,1
/Users/suleymanmini/Desktop/cilt kanseri/cilt-kanseri-teshisi-bitirme/data/raw/HAM10000_images_part_1/ISIC_0027517.jpg,1
/Users/suleymanmini/Desktop/cilt kanseri/cilt-kanseri-teshisi-bitirme/data/raw/HAM10000_images_part_2/ISIC_0031810.jpg,0
/Users/suleymanmini/Desktop/cilt kanseri/cilt-kanseri-teshisi-bitirme/data/raw/HAM10000_images_part_2/ISIC_0032107.jpg,0
/Users/suleymanmini/Desktop/cilt kanseri/cilt-kanseri-teshisi-bitirme/data/raw/HAM10000_images_part_2/ISIC_0031169.jpg,1
/Users/suleymanmini/Desktop/cilt kanseri/cilt-kanseri-teshisi-bitirme/data/raw/HAM10000_images_part_1/ISIC_0026819.jpg,0
/Users/suleymanmini/Desktop/cilt kanseri/cilt-kanseri-teshisi-bitirme/data/raw/HAM10000_images_part_1/ISIC_0025754.jpg,0
/Users/suleymanmini/Desktop/cilt kanseri/cilt-kanseri-teshisi-bitirme/data/raw/HAM10000_images_part_1/ISIC_0025514.jpg,0
/Users/suleymanmini/Desktop/cilt kanseri/cilt-kanseri-teshisi-bitirme/data/raw/HAM10000_images_part_1/ISIC_0027154.jpg,0
/Users/suleymanmini/Desktop/cilt kanseri/cilt-kanseri-teshisi-bitirme/data/raw/HAM10000_images_part_2/ISIC_0033944.jpg,0
/Users/suleymanmini/Desktop/cilt kanseri/cilt-kanseri-teshisi-bitirme/data/synthetic/generated_malign/synth_malign_00932.jpg,1
/Users/suleymanmini/Desktop/cilt kanseri/cilt-kanseri-teshisi-bitirme/data/synthetic/generated_malign/synth_malign_00829.jpg,1
/Users/suleymanmini/Desktop/cilt kanseri/cilt-kanseri-teshisi-bitirme/data/raw/HAM10000_images_part_1/ISIC_0026090.jpg,1
/Users/suleymanmini/Desktop/cilt kanseri/cilt-kanseri-teshisi-bitirme/data/raw/HAM10000_images_part_1/ISIC_0026660.jpg,0
/Users/suleymanmini/Desktop/cilt kanseri/cilt-kanseri-teshisi-bitirme/data/raw/HAM10000_images_part_2/ISIC_0032884.jpg,0
/Users/suleymanmini/Desktop/cilt kanseri/cilt-kanseri-teshisi-bitirme/data/raw/HAM10000_images_part_1/ISIC_0024734.jpg,0
/Users/suleymanmini/Desktop/cilt kanseri/cilt-kanseri-teshisi-bitirme/data/raw/HAM10000_images_part_2/ISIC_0032277.jpg,1
/Users/suleymanmini/Desktop/cilt kanseri/cilt-kanseri-teshisi-bitirme/data/raw/HAM10000_images_part_1/ISIC_0028177.jpg,0
/Users/suleymanmini/Desktop/cilt kanseri/cilt-kanseri-teshisi-bitirme/data/raw/HAM10000_images_part_1/ISIC_0025565.jpg,0
/Users/suleymanmini/Desktop/cilt kanseri/cilt-kanseri-teshisi-bitirme/data/raw/HAM10000_images_part_2/ISIC_0031817.jpg,0
/Users/suleymanmini/Desktop/cilt kanseri/cilt-kanseri-teshisi-bitirme/data/raw/HAM10000_images_part_1/ISIC_0027867.jpg,0
/Users/suleymanmini/Desktop/cilt kanseri/cilt-kanseri-teshisi-bitirme/data/raw/HAM10000_images_part_1/ISIC_0025579.jpg,0
/Users/suleymanmini/Desktop/cilt kanseri/cilt-kanseri-teshisi-bitirme/data/raw/HAM10000_images_part_1/ISIC_0028577.jpg,1
/Users/suleymanmini/Desktop/cilt kanseri/cilt-kanseri-teshisi-bitirme/data/raw/HAM10000_images_part_2/ISIC_0032174.jpg,1
/Users/suleymanmini/Desktop/cilt kanseri/cilt-kanseri-teshisi-bitirme/data/raw/HAM10000_images_part_2/ISIC_0033040.jpg,0
/Users/suleymanmini/Desktop/cilt kanseri/cilt-kanseri-teshisi-bitirme/data/raw/HAM10000_images_part_1/ISIC_0025091.jpg,0
/Users/suleymanmini/Desktop/cilt kanseri/cilt-kanseri-teshisi-bitirme/data/raw/HAM10000_images_part_1/ISIC_0025910.jpg,0
/Users/suleymanmini/Desktop/cilt kanseri/cilt-kanseri-teshisi-bitirme/data/raw/HAM10000_images_part_1/ISIC_0027879.jpg,0
/Users/suleymanmini/Desktop/cilt kanseri/cilt-kanseri-teshisi-bitirme/data/raw/HAM10000_images_part_2/ISIC_0032436.jpg,0
/Users/suleymanmini/Desktop/cilt kanseri/cilt-kanseri-teshisi-bitirme/data/raw/HAM10000_images_part_2/ISIC_0032062.jpg,0
/Users/suleymanmini/Desktop/cilt kanseri/cilt-kanseri-teshisi-bitirme/data/raw/HAM10000_images_part_2/ISIC_0030546.jpg,0
/Users/suleymanmini/Desktop/cilt kanseri/cilt-kanseri-teshisi-bitirme/data/raw/HAM10000_images_part_2/ISIC_0030191.jpg,1
/Users/suleymanmini/Desktop/cilt kanseri/cilt-kanseri-teshisi-bitirme/data/raw/HAM10000_images_part_2/ISIC_0030444.jpg,0
/Users/suleymanmini/Desktop/cilt kanseri/cilt-kanseri-teshisi-bitirme/data/raw/HAM10000_images_part_2/ISIC_0033689.jpg,0
/Users/suleymanmini/Desktop/cilt kanseri/cilt-kanseri-teshisi-bitirme/data/raw/HAM10000_images_part_2/ISIC_0029352.jpg,1
/Users/suleymanmini/Desktop/cilt kanseri/cilt-kanseri-teshisi-bitirme/data/raw/HAM10000_images_part_2/ISIC_0034035.jpg,0
/Users/suleymanmini/Desktop/cilt kanseri/cilt-kanseri-teshisi-bitirme/data/raw/HAM10000_images_part_1/ISIC_0028298.jpg,0
/Users/suleymanmini/Desktop/cilt kanseri/cilt-kanseri-teshisi-bitirme/data/raw/HAM10000_images_part_1/ISIC_0025414.jpg,1
/Users/suleymanmini/Desktop/cilt kanseri/cilt-kanseri-teshisi-bitirme/data/synthetic/generated_malign/synth_malign_00141.jpg,1
/Users/suleymanmini/Desktop/cilt kanseri/cilt-kanseri-teshisi-bitirme/data/raw/HAM10000_images_part_1/ISIC_0027891.jpg,0
/Users/suleymanmini/Desktop/cilt kanseri/cilt-kanseri-teshisi-bitirme/data/raw/HAM10000_images_part_2/ISIC_0031925.jpg,1
/Users/suleymanmini/Desktop/cilt kanseri/cilt-kanseri-teshisi-bitirme/data/raw/HAM10000_images_part_2/ISIC_0031527.jpg,1
/Users/suleymanmini/Desktop/cilt kanseri/cilt-kanseri-teshisi-bitirme/data/raw/HAM10000_images_part_2/ISIC_0033178.jpg,1
/Users/suleymanmini/Desktop/cilt kanseri/cilt-kanseri-teshisi-bitirme/data/raw/HAM10000_images_part_2/ISIC_0032221.jpg,0
/Users/suleymanmini/Desktop/cilt kanseri/cilt-kanseri-teshisi-bitirme/data/raw/HAM10000_images_part_1/ISIC_0024771.jpg,1
/Users/suleymanmini/Desktop/cilt kanseri/cilt-kanseri-teshisi-bitirme/data/raw/HAM10000_images_part_1/ISIC_0027090.jpg,1
/Users/suleymanmini/Desktop/cilt kanseri/cilt-kanseri-teshisi-bitirme/data/raw/HAM10000_images_part_2/ISIC_0033998.jpg,0
/Users/suleymanmini/Desktop/cilt kanseri/cilt-kanseri-teshisi-bitirme/data/raw/HAM10000_images_part_1/ISIC_0026431.jpg,0
/Users/suleymanmini/Desktop/cilt kanseri/cilt-kanseri-teshisi-bitirme/data/raw/HAM10000_images_part_1/ISIC_0027127.jpg,0
/Users/suleymanmini/Desktop/cilt kanseri/cilt-kanseri-teshisi-bitirme/data/raw/HAM10000_images_part_2/ISIC_0033622.jpg,0
/Users/suleymanmini/Desktop/cilt kanseri/cilt-kanseri-teshisi-bitirme/data/raw/HAM10000_images_part_2/ISIC_0033102.jpg,0
/Users/suleymanmini/Desktop/cilt kanseri/cilt-kanseri-teshisi-bitirme/data/raw/HAM10000_images_part_2/ISIC_0029894.jpg,0
/Users/suleymanmini/Desktop/cilt kanseri/cilt-kanseri-teshisi-bitirme/data/raw/HAM10000_images_part_2/ISIC_0031469.jpg,0
/Users/suleymanmini/Desktop/cilt kanseri/cilt-kanseri-teshisi-bitirme/data/raw/HAM10000_images_part_2/ISIC_0030887.jpg,0
/Users/suleymanmini/Desktop/cilt kanseri/cilt-kanseri-teshisi-bitirme/data/raw/HAM10000_images_part_1/ISIC_0026366.jpg,0
/Users/suleymanmini/Desktop/cilt kanseri/cilt-kanseri-teshisi-bitirme/data/raw/HAM10000_images_part_1/ISIC_0026450.jpg,0
/Users/suleymanmini/Desktop/cilt kanseri/cilt-kanseri-teshisi-bitirme/data/raw/HAM10000_images_part_1/ISIC_0028778.jpg,0
/Users/suleymanmini/Desktop/cilt kanseri/cilt-kanseri-teshisi-bitirme/data/raw/HAM10000_images_part_2/ISIC_0033469.jpg,1
/Users/suleymanmini/Desktop/cilt kanseri/cilt-kanseri-teshisi-bitirme/data/raw/HAM10000_images_part_2/ISIC_0031106.jpg,0
/Users/suleymanmini/Desktop/cilt kanseri/cilt-kanseri-teshisi-bitirme/data/raw/HAM10000_images_part_1/ISIC_0024561.jpg,0
/Users/suleymanmini/Desktop/cilt kanseri/cilt-kanseri-teshisi-bitirme/data/synthetic/generated_malign/synth_malign_00909.jpg,1
/Users/suleymanmini/Desktop/cilt kanseri/cilt-kanseri-teshisi-bitirme/data/raw/HAM10000_images_part_1/ISIC_0025429.jpg,0
/Users/suleymanmini/Desktop/cilt kanseri/cilt-kanseri-teshisi-bitirme/data/raw/HAM10000_images_part_1/ISIC_0028571.jpg,0
/Users/suleymanmini/Desktop/cilt kanseri/cilt-kanseri-teshisi-bitirme/data/synthetic/generated_malign/synth_malign_00654.jpg,1
/Users/suleymanmini/Desktop/cilt kanseri/cilt-kanseri-teshisi-bitirme/data/raw/HAM10000_images_part_2/ISIC_0030055.jpg,0
/Users/suleymanmini/Desktop/cilt kanseri/cilt-kanseri-teshisi-bitirme/data/raw/HAM10000_images_part_1/ISIC_0024351.jpg,1
/Users/suleymanmini/Desktop/cilt kanseri/cilt-kanseri-teshisi-bitirme/data/raw/HAM10000_images_part_1/ISIC_0026680.jpg,0
/Users/suleymanmini/Desktop/cilt kanseri/cilt-kanseri-teshisi-bitirme/data/raw/HAM10000_images_part_1/ISIC_0025363.jpg,1
/Users/suleymanmini/Desktop/cilt kanseri/cilt-kanseri-teshisi-bitirme/data/raw/HAM10000_images_part_2/ISIC_0032992.jpg,0
/Users/suleymanmini/Desktop/cilt kanseri/cilt-kanseri-teshisi-bitirme/data/raw/HAM10000_images_part_2/ISIC_0032024.jpg,0
/Users/suleymanmini/Desktop/cilt kanseri/cilt-kanseri-teshisi-bitirme/data/raw/HAM10000_images_part_1/ISIC_0028384.jpg,0
/Users/suleymanmini/Desktop/cilt kanseri/cilt-kanseri-teshisi-bitirme/data/raw/HAM10000_images_part_2/ISIC_0033367.jpg,0
/Users/suleymanmini/Desktop/cilt kanseri/cilt-kanseri-teshisi-bitirme/data/raw/HAM10000_images_part_1/ISIC_0028483.jpg,0
/Users/suleymanmini/Desktop/cilt kanseri/cilt-kanseri-teshisi-bitirme/data/raw/HAM10000_images_part_1/ISIC_0026962.jpg,0
/Users/suleymanmini/Desktop/cilt kanseri/cilt-kanseri-teshisi-bitirme/data/raw/HAM10000_images_part_2/ISIC_0030121.jpg,0
/Users/suleymanmini/Desktop/cilt kanseri/cilt-kanseri-teshisi-bitirme/data/raw/HAM10000_images_part_2/ISIC_0031431.jpg,1
/Users/suleymanmini/Desktop/cilt kanseri/cilt-kanseri-teshisi-bitirme/data/raw/HAM10000_images_part_1/ISIC_0026474.jpg,0
/Users/suleymanmini/Desktop/cilt kanseri/cilt-kanseri-teshisi-bitirme/data/raw/HAM10000_images_part_1/ISIC_0026207.jpg,1
/Users/suleymanmini/Desktop/cilt kanseri/cilt-kanseri-teshisi-bitirme/data/raw/HAM10000_images_part_2/ISIC_0030184.jpg,0
/Users/suleymanmini/Desktop/cilt kanseri/cilt-kanseri-teshisi-bitirme/data/raw/HAM10000_images_part_1/ISIC_0027799.jpg,0
/Users/suleymanmini/Desktop/cilt kanseri/cilt-kanseri-teshisi-bitirme/data/raw/HAM10000_images_part_2/ISIC_0033636.jpg,1
/Users/suleymanmini/Desktop/cilt kanseri/cilt-kanseri-teshisi-bitirme/data/raw/HAM10000_images_part_2/ISIC_0030614.jpg,0
/Users/suleymanmini/Desktop/cilt kanseri/cilt-kanseri-teshisi-bitirme/data/raw/HAM10000_images_part_1/ISIC_0027732.jpg,0
/Users/suleymanmini/Desktop/cilt kanseri/cilt-kanseri-teshisi-bitirme/data/raw/HAM10000_images_part_2/ISIC_0029595.jpg,0
/Users/suleymanmini/Desktop/cilt kanseri/cilt-kanseri-teshisi-bitirme/data/raw/HAM10000_images_part_1/ISIC_0025655.jpg,0
/Users/suleymanmini/Desktop/cilt kanseri/cilt-kanseri-teshisi-bitirme/data/raw/HAM10000_images_part_1/ISIC_0026081.jpg,1
/Users/suleymanmini/Desktop/cilt kanseri/cilt-kanseri-teshisi-bitirme/data/raw/HAM10000_images_part_2/ISIC_0031488.jpg,0
/Users/suleymanmini/Desktop/cilt kanseri/cilt-kanseri-teshisi-bitirme/data/raw/HAM10000_images_part_2/ISIC_0033276.jpg,0
/Users/suleymanmini/Desktop/cilt kanseri/cilt-kanseri-teshisi-bitirme/data/raw/HAM10000_images_part_2/ISIC_0031356.jpg,0
/Users/suleymanmini/Desktop/cilt kanseri/cilt-kanseri-teshisi-bitirme/data/raw/HAM10000_images_part_1/ISIC_0025982.jpg,0
/Users/suleymanmini/Desktop/cilt kanseri/cilt-kanseri-teshisi-bitirme/data/raw/HAM10000_images_part_1/ISIC_0024867.jpg,0
/Users/suleymanmini/Desktop/cilt kanseri/cilt-kanseri-teshisi-bitirme/data/synthetic/generated_malign/synth_malign_00378.jpg,1
/Users/suleymanmini/Desktop/cilt kanseri/cilt-kanseri-teshisi-bitirme/data/raw/HAM10000_images_part_2/ISIC_0029453.jpg,1
/Users/suleymanmini/Desktop/cilt kanseri/cilt-kanseri-teshisi-bitirme/data/raw/HAM10000_images_part_2/ISIC_0029668.jpg,0
/Users/suleymanmini/Desktop/cilt kanseri/cilt-kanseri-teshisi-bitirme/data/raw/HAM10000_images_part_2/ISIC_0033792.jpg,0
/Users/suleymanmini/Desktop/cilt kanseri/cilt-kanseri-teshisi-bitirme/data/raw/HAM10000_images_part_2/ISIC_0031430.jpg,1
/Users/suleymanmini/Desktop/cilt kanseri/cilt-kanseri-teshisi-bitirme/data/raw/HAM10000_images_part_1/ISIC_0028602.jpg,0
/Users/suleymanmini/Desktop/cilt kanseri/cilt-kanseri-teshisi-bitirme/data/raw/HAM10000_images_part_2/ISIC_0031841.jpg,0
/Users/suleymanmini/Desktop/cilt kanseri/cilt-kanseri-teshisi-bitirme/data/raw/HAM10000_images_part_1/ISIC_0026287.jpg,0
/Users/suleymanmini/Desktop/cilt kanseri/cilt-kanseri-teshisi-bitirme/data/raw/HAM10000_images_part_2/ISIC_0033905.jpg,1
/Users/suleymanmini/Desktop/cilt kanseri/cilt-kanseri-teshisi-bitirme/data/raw/HAM10000_images_part_1/ISIC_0026685.jpg,0
/Users/suleymanmini/Desktop/cilt kanseri/cilt-kanseri-teshisi-bitirme/data/raw/HAM10000_images_part_1/ISIC_0024467.jpg,0
/Users/suleymanmini/Desktop/cilt kanseri/cilt-kanseri-teshisi-bitirme/data/synthetic/generated_malign/synth_malign_00427.jpg,1
/Users/suleymanmini/Desktop/cilt kanseri/cilt-kanseri-teshisi-bitirme/data/raw/HAM10000_images_part_2/ISIC_0032961.jpg,0
/Users/suleymanmini/Desktop/cilt kanseri/cilt-kanseri-teshisi-bitirme/data/raw/HAM10000_images_part_2/ISIC_0029652.jpg,1
/Users/suleymanmini/Desktop/cilt kanseri/cilt-kanseri-teshisi-bitirme/data/raw/HAM10000_images_part_2/ISIC_0029946.jpg,0
/Users/suleymanmini/Desktop/cilt kanseri/cilt-kanseri-teshisi-bitirme/data/raw/HAM10000_images_part_1/ISIC_0028838.jpg,0
/Users/suleymanmini/Desktop/cilt kanseri/cilt-kanseri-teshisi-bitirme/data/raw/HAM10000_images_part_1/ISIC_0025899.jpg,0
/Users/suleymanmini/Desktop/cilt kanseri/cilt-kanseri-teshisi-bitirme/data/raw/HAM10000_images_part_2/ISIC_0033993.jpg,0
/Users/suleymanmini/Desktop/cilt kanseri/cilt-kanseri-teshisi-bitirme/data/raw/HAM10000_images_part_1/ISIC_0028247.jpg,0
/Users/suleymanmini/Desktop/cilt kanseri/cilt-kanseri-teshisi-bitirme/data/raw/HAM10000_images_part_2/ISIC_0032146.jpg,1
/Users/suleymanmini/Desktop/cilt kanseri/cilt-kanseri-teshisi-bitirme/data/raw/HAM10000_images_part_1/ISIC_0025852.jpg,0
/Users/suleymanmini/Desktop/cilt kanseri/cilt-kanseri-teshisi-bitirme/data/synthetic/generated_malign/synth_malign_00873.jpg,1
/Users/suleymanmini/Desktop/cilt kanseri/cilt-kanseri-teshisi-bitirme/data/raw/HAM10000_images_part_2/ISIC_0030625.jpg,0
/Users/suleymanmini/Desktop/cilt kanseri/cilt-kanseri-teshisi-bitirme/data/raw/HAM10000_images_part_1/ISIC_0027844.jpg,0
/Users/suleymanmini/Desktop/cilt kanseri/cilt-kanseri-teshisi-bitirme/data/raw/HAM10000_images_part_1/ISIC_0025547.jpg,0
/Users/suleymanmini/Desktop/cilt kanseri/cilt-kanseri-teshisi-bitirme/data/raw/HAM10000_images_part_2/ISIC_0032516.jpg,0
/Users/suleymanmini/Desktop/cilt kanseri/cilt-kanseri-teshisi-bitirme/data/raw/HAM10000_images_part_1/ISIC_0028359.jpg,0
/Users/suleymanmini/Desktop/cilt kanseri/cilt-kanseri-teshisi-bitirme/data/synthetic/generated_malign/synth_malign_00178.jpg,1
/Users/suleymanmini/Desktop/cilt kanseri/cilt-kanseri-teshisi-bitirme/data/synthetic/generated_malign/synth_malign_00249.jpg,1
/Users/suleymanmini/Desktop/cilt kanseri/cilt-kanseri-teshisi-bitirme/data/raw/HAM10000_images_part_1/ISIC_0026941.jpg,0
/Users/suleymanmini/Desktop/cilt kanseri/cilt-kanseri-teshisi-bitirme/data/raw/HAM10000_images_part_2/ISIC_0031293.jpg,0
/Users/suleymanmini/Desktop/cilt kanseri/cilt-kanseri-teshisi-bitirme/data/raw/HAM10000_images_part_1/ISIC_0026700.jpg,0
/Users/suleymanmini/Desktop/cilt kanseri/cilt-kanseri-teshisi-bitirme/data/raw/HAM10000_images_part_2/ISIC_0031800.jpg,0
/Users/suleymanmini/Desktop/cilt kanseri/cilt-kanseri-teshisi-bitirme/data/raw/HAM10000_images_part_2/ISIC_0033523.jpg,0
/Users/suleymanmini/Desktop/cilt kanseri/cilt-kanseri-teshisi-bitirme/data/raw/HAM10000_images_part_1/ISIC_0026058.jpg,0
/Users/suleymanmini/Desktop/cilt kanseri/cilt-kanseri-teshisi-bitirme/data/raw/HAM10000_images_part_2/ISIC_0030102.jpg,0
/Users/suleymanmini/Desktop/cilt kanseri/cilt-kanseri-teshisi-bitirme/data/raw/HAM10000_images_part_1/ISIC_0025765.jpg,0
/Users/suleymanmini/Desktop/cilt kanseri/cilt-kanseri-teshisi-bitirme/data/raw/HAM10000_images_part_1/ISIC_0025421.jpg,0
/Users/suleymanmini/Desktop/cilt kanseri/cilt-kanseri-teshisi-bitirme/data/synthetic/generated_malign/synth_malign_00997.jpg,1
/Users/suleymanmini/Desktop/cilt kanseri/cilt-kanseri-teshisi-bitirme/data/raw/HAM10000_images_part_1/ISIC_0025176.jpg,0
/Users/suleymanmini/Desktop/cilt kanseri/cilt-kanseri-teshisi-bitirme/data/raw/HAM10000_images_part_1/ISIC_0026985.jpg,0
/Users/suleymanmini/Desktop/cilt kanseri/cilt-kanseri-teshisi-bitirme/data/raw/HAM10000_images_part_1/ISIC_0024591.jpg,0
/Users/suleymanmini/Desktop/cilt kanseri/cilt-kanseri-teshisi-bitirme/data/raw/HAM10000_images_part_1/ISIC_0027276.jpg,0
/Users/suleymanmini/Desktop/cilt kanseri/cilt-kanseri-teshisi-bitirme/data/raw/HAM10000_images_part_2/ISIC_0033064.jpg,0
/Users/suleymanmini/Desktop/cilt kanseri/cilt-kanseri-teshisi-bitirme/data/raw/HAM10000_images_part_2/ISIC_0031455.jpg,0
/Users/suleymanmini/Desktop/cilt kanseri/cilt-kanseri-teshisi-bitirme/data/raw/HAM10000_images_part_2/ISIC_0032548.jpg,0
/Users/suleymanmini/Desktop/cilt kanseri/cilt-kanseri-teshisi-bitirme/data/synthetic/generated_malign/synth_malign_00665.jpg,1
/Users/suleymanmini/Desktop/cilt kanseri/cilt-kanseri-teshisi-bitirme/data/raw/HAM10000_images_part_1/ISIC_0028745.jpg,0
/Users/suleymanmini/Desktop/cilt kanseri/cilt-kanseri-teshisi-bitirme/data/raw/HAM10000_images_part_2/ISIC_0033174.jpg,1
/Users/suleymanmini/Desktop/cilt kanseri/cilt-kanseri-teshisi-bitirme/data/raw/HAM10000_images_part_2/ISIC_0031632.jpg,0
/Users/suleymanmini/Desktop/cilt kanseri/cilt-kanseri-teshisi-bitirme/data/raw/HAM10000_images_part_2/ISIC_0031006.jpg,0
/Users/suleymanmini/Desktop/cilt kanseri/cilt-kanseri-teshisi-bitirme/data/raw/HAM10000_images_part_1/ISIC_0028744.jpg,0
/Users/suleymanmini/Desktop/cilt kanseri/cilt-kanseri-teshisi-bitirme/data/raw/HAM10000_images_part_2/ISIC_0029563.jpg,1
/Users/suleymanmini/Desktop/cilt kanseri/cilt-kanseri-teshisi-bitirme/data/raw/HAM10000_images_part_1/ISIC_0026899.jpg,0
/Users/suleymanmini/Desktop/cilt kanseri/cilt-kanseri-teshisi-bitirme/data/raw/HAM10000_images_part_2/ISIC_0032289.jpg,0
/Users/suleymanmini/Desktop/cilt kanseri/cilt-kanseri-teshisi-bitirme/data/raw/HAM10000_images_part_2/ISIC_0030575.jpg,1
/Users/suleymanmini/Desktop/cilt kanseri/cilt-kanseri-teshisi-bitirme/data/synthetic/generated_malign/synth_malign_00078.jpg,1
/Users/suleymanmini/Desktop/cilt kanseri/cilt-kanseri-teshisi-bitirme/data/raw/HAM10000_images_part_1/ISIC_0027399.jpg,0
/Users/suleymanmini/Desktop/cilt kanseri/cilt-kanseri-teshisi-bitirme/data/raw/HAM10000_images_part_1/ISIC_0027380.jpg,0
/Users/suleymanmini/Desktop/cilt kanseri/cilt-kanseri-teshisi-bitirme/data/synthetic/generated_malign/synth_malign_00391.jpg,1
/Users/suleymanmini/Desktop/cilt kanseri/cilt-kanseri-teshisi-bitirme/data/raw/HAM10000_images_part_2/ISIC_0032558.jpg,0
/Users/suleymanmini/Desktop/cilt kanseri/cilt-kanseri-teshisi-bitirme/data/synthetic/generated_malign/synth_malign_00743.jpg,1
/Users/suleymanmini/Desktop/cilt kanseri/cilt-kanseri-teshisi-bitirme/data/raw/HAM10000_images_part_1/ISIC_0027344.jpg,0
/Users/suleymanmini/Desktop/cilt kanseri/cilt-kanseri-teshisi-bitirme/data/synthetic/generated_malign/synth_malign_00051.jpg,1
/Users/suleymanmini/Desktop/cilt kanseri/cilt-kanseri-teshisi-bitirme/data/raw/HAM10000_images_part_1/ISIC_0024445.jpg,0
/Users/suleymanmini/Desktop/cilt kanseri/cilt-kanseri-teshisi-bitirme/data/raw/HAM10000_images_part_1/ISIC_0025077.jpg,0
/Users/suleymanmini/Desktop/cilt kanseri/cilt-kanseri-teshisi-bitirme/data/raw/HAM10000_images_part_2/ISIC_0032080.jpg,0
/Users/suleymanmini/Desktop/cilt kanseri/cilt-kanseri-teshisi-bitirme/data/raw/HAM10000_images_part_2/ISIC_0031067.jpg,0
/Users/suleymanmini/Desktop/cilt kanseri/cilt-kanseri-teshisi-bitirme/data/raw/HAM10000_images_part_1/ISIC_0026885.jpg,0
/Users/suleymanmini/Desktop/cilt kanseri/cilt-kanseri-teshisi-bitirme/data/raw/HAM10000_images_part_1/ISIC_0027561.jpg,1
/Users/suleymanmini/Desktop/cilt kanseri/cilt-kanseri-teshisi-bitirme/data/raw/HAM10000_images_part_2/ISIC_0032408.jpg,1
/Users/suleymanmini/Desktop/cilt kanseri/cilt-kanseri-teshisi-bitirme/data/synthetic/generated_malign/synth_malign_00370.jpg,1
/Users/suleymanmini/Desktop/cilt kanseri/cilt-kanseri-teshisi-bitirme/data/raw/HAM10000_images_part_2/ISIC_0032484.jpg,0
/Users/suleymanmini/Desktop/cilt kanseri/cilt-kanseri-teshisi-bitirme/data/synthetic/generated_malign/synth_malign_00392.jpg,1
/Users/suleymanmini/Desktop/cilt kanseri/cilt-kanseri-teshisi-bitirme/data/raw/HAM10000_images_part_2/ISIC_0033614.jpg,0
/Users/suleymanmini/Desktop/cilt kanseri/cilt-kanseri-teshisi-bitirme/data/raw/HAM10000_images_part_1/ISIC_0025734.jpg,0
/Users/suleymanmini/Desktop/cilt kanseri/cilt-kanseri-teshisi-bitirme/data/raw/HAM10000_images_part_2/ISIC_0031504.jpg,0
/Users/suleymanmini/Desktop/cilt kanseri/cilt-kanseri-teshisi-bitirme/data/raw/HAM10000_images_part_2/ISIC_0029798.jpg,0
/Users/suleymanmini/Desktop/cilt kanseri/cilt-kanseri-teshisi-bitirme/data/raw/HAM10000_images_part_2/ISIC_0034142.jpg,0
/Users/suleymanmini/Desktop/cilt kanseri/cilt-kanseri-teshisi-bitirme/data/raw/HAM10000_images_part_2/ISIC_0032331.jpg,1
/Users/suleymanmini/Desktop/cilt kanseri/cilt-kanseri-teshisi-bitirme/data/raw/HAM10000_images_part_2/ISIC_0033810.jpg,0
/Users/suleymanmini/Desktop/cilt kanseri/cilt-kanseri-teshisi-bitirme/data/raw/HAM10000_images_part_1/ISIC_0027464.jpg,0
/Users/suleymanmini/Desktop/cilt kanseri/cilt-kanseri-teshisi-bitirme/data/synthetic/generated_malign/synth_malign_00885.jpg,1
/Users/suleymanmini/Desktop/cilt kanseri/cilt-kanseri-teshisi-bitirme/data/synthetic/generated_malign/synth_malign_00063.jpg,1
/Users/suleymanmini/Desktop/cilt kanseri/cilt-kanseri-teshisi-bitirme/data/raw/HAM10000_images_part_1/ISIC_0025331.jpg,1
/Users/suleymanmini/Desktop/cilt kanseri/cilt-kanseri-teshisi-bitirme/data/raw/HAM10000_images_part_1/ISIC_0027762.jpg,0
/Users/suleymanmini/Desktop/cilt kanseri/cilt-kanseri-teshisi-bitirme/data/raw/HAM10000_images_part_2/ISIC_0033951.jpg,0
/Users/suleymanmini/Desktop/cilt kanseri/cilt-kanseri-teshisi-bitirme/data/raw/HAM10000_images_part_2/ISIC_0030855.jpg,0
/Users/suleymanmini/Desktop/cilt kanseri/cilt-kanseri-teshisi-bitirme/data/raw/HAM10000_images_part_2/ISIC_0031129.jpg,0
/Users/suleymanmini/Desktop/cilt kanseri/cilt-kanseri-teshisi-bitirme/data/synthetic/generated_malign/synth_malign_00845.jpg,1
/Users/suleymanmini/Desktop/cilt kanseri/cilt-kanseri-teshisi-bitirme/data/raw/HAM10000_images_part_2/ISIC_0032634.jpg,0
/Users/suleymanmini/Desktop/cilt kanseri/cilt-kanseri-teshisi-bitirme/data/raw/HAM10000_images_part_2/ISIC_0031298.jpg,1
/Users/suleymanmini/Desktop/cilt kanseri/cilt-kanseri-teshisi-bitirme/data/raw/HAM10000_images_part_1/ISIC_0026495.jpg,0
/Users/suleymanmini/Desktop/cilt kanseri/cilt-kanseri-teshisi-bitirme/data/raw/HAM10000_images_part_2/ISIC_0031647.jpg,0
/Users/suleymanmini/Desktop/cilt kanseri/cilt-kanseri-teshisi-bitirme/data/raw/HAM10000_images_part_1/ISIC_0028173.jpg,1
/Users/suleymanmini/Desktop/cilt kanseri/cilt-kanseri-teshisi-bitirme/data/raw/HAM10000_images_part_2/ISIC_0031737.jpg,0
/Users/suleymanmini/Desktop/cilt kanseri/cilt-kanseri-teshisi-bitirme/data/raw/HAM10000_images_part_1/ISIC_0028627.jpg,0
/Users/suleymanmini/Desktop/cilt kanseri/cilt-kanseri-teshisi-bitirme/data/raw/HAM10000_images_part_1/ISIC_0025781.jpg,0
/Users/suleymanmini/Desktop/cilt kanseri/cilt-kanseri-teshisi-bitirme/data/raw/HAM10000_images_part_1/ISIC_0027438.jpg,0
/Users/suleymanmini/Desktop/cilt kanseri/cilt-kanseri-teshisi-bitirme/data/raw/HAM10000_images_part_1/ISIC_0025928.jpg,0
/Users/suleymanmini/Desktop/cilt kanseri/cilt-kanseri-teshisi-bitirme/data/raw/HAM10000_images_part_2/ISIC_0029598.jpg,1
/Users/suleymanmini/Desktop/cilt kanseri/cilt-kanseri-teshisi-bitirme/data/raw/HAM10000_images_part_2/ISIC_0029748.jpg,0
/Users/suleymanmini/Desktop/cilt kanseri/cilt-kanseri-teshisi-bitirme/data/raw/HAM10000_images_part_2/ISIC_0033142.jpg,0
/Users/suleymanmini/Desktop/cilt kanseri/cilt-kanseri-teshisi-bitirme/data/raw/HAM10000_images_part_1/ISIC_0026212.jpg,1
/Users/suleymanmini/Desktop/cilt kanseri/cilt-kanseri-teshisi-bitirme/data/raw/HAM10000_images_part_2/ISIC_0032731.jpg,0
/Users/suleymanmini/Desktop/cilt kanseri/cilt-kanseri-teshisi-bitirme/data/raw/HAM10000_images_part_1/ISIC_0027172.jpg,1
/Users/suleymanmini/Desktop/cilt kanseri/cilt-kanseri-teshisi-bitirme/data/raw/HAM10000_images_part_2/ISIC_0031369.jpg,1
/Users/suleymanmini/Desktop/cilt kanseri/cilt-kanseri-teshisi-bitirme/data/raw/HAM10000_images_part_1/ISIC_0027378.jpg,0
/Users/suleymanmini/Desktop/cilt kanseri/cilt-kanseri-teshisi-bitirme/data/raw/HAM10000_images_part_2/ISIC_0030226.jpg,0
/Users/suleymanmini/Desktop/cilt kanseri/cilt-kanseri-teshisi-bitirme/data/synthetic/generated_malign/synth_malign_00815.jpg,1
/Users/suleymanmini/Desktop/cilt kanseri/cilt-kanseri-teshisi-bitirme/data/raw/HAM10000_images_part_1/ISIC_0029151.jpg,0
/Users/suleymanmini/Desktop/cilt kanseri/cilt-kanseri-teshisi-bitirme/data/synthetic/generated_malign/synth_malign_00914.jpg,1
/Users/suleymanmini/Desktop/cilt kanseri/cilt-kanseri-teshisi-bitirme/data/raw/HAM10000_images_part_2/ISIC_0031110.jpg,0
/Users/suleymanmini/Desktop/cilt kanseri/cilt-kanseri-teshisi-bitirme/data/raw/HAM10000_images_part_1/ISIC_0024813.jpg,0
/Users/suleymanmini/Desktop/cilt kanseri/cilt-kanseri-teshisi-bitirme/data/raw/HAM10000_images_part_2/ISIC_0030646.jpg,0
/Users/suleymanmini/Desktop/cilt kanseri/cilt-kanseri-teshisi-bitirme/data/raw/HAM10000_images_part_2/ISIC_0029737.jpg,0
/Users/suleymanmini/Desktop/cilt kanseri/cilt-kanseri-teshisi-bitirme/data/raw/HAM10000_images_part_2/ISIC_0031491.jpg,0
/Users/suleymanmini/Desktop/cilt kanseri/cilt-kanseri-teshisi-bitirme/data/raw/HAM10000_images_part_2/ISIC_0029644.jpg,1
/Users/suleymanmini/Desktop/cilt kanseri/cilt-kanseri-teshisi-bitirme/data/raw/HAM10000_images_part_1/ISIC_0029196.jpg,0
/Users/suleymanmini/Desktop/cilt kanseri/cilt-kanseri-teshisi-bitirme/data/raw/HAM10000_images_part_2/ISIC_0031016.jpg,0
/Users/suleymanmini/Desktop/cilt kanseri/cilt-kanseri-teshisi-bitirme/data/raw/HAM10000_images_part_2/ISIC_0030167.jpg,0
/Users/suleymanmini/Desktop/cilt kanseri/cilt-kanseri-teshisi-bitirme/data/raw/HAM10000_images_part_2/ISIC_0031562.jpg,0
/Users/suleymanmini/Desktop/cilt kanseri/cilt-kanseri-teshisi-bitirme/data/raw/HAM10000_images_part_2/ISIC_0033765.jpg,0
/Users/suleymanmini/Desktop/cilt kanseri/cilt-kanseri-teshisi-bitirme/data/raw/HAM10000_images_part_1/ISIC_0028619.jpg,1
/Users/suleymanmini/Desktop/cilt kanseri/cilt-kanseri-teshisi-bitirme/data/raw/HAM10000_images_part_2/ISIC_0032469.jpg,0
/Users/suleymanmini/Desktop/cilt kanseri/cilt-kanseri-teshisi-bitirme/data/raw/HAM10000_images_part_1/ISIC_0026627.jpg,0
/Users/suleymanmini/Desktop/cilt kanseri/cilt-kanseri-teshisi-bitirme/data/raw/HAM10000_images_part_2/ISIC_0030556.jpg,0
/Users/suleymanmini/Desktop/cilt kanseri/cilt-kanseri-teshisi-bitirme/data/raw/HAM10000_images_part_1/ISIC_0024770.jpg,0
/Users/suleymanmini/Desktop/cilt kanseri/cilt-kanseri-teshisi-bitirme/data/raw/HAM10000_images_part_1/ISIC_0025180.jpg,0
/Users/suleymanmini/Desktop/cilt kanseri/cilt-kanseri-teshisi-bitirme/data/raw/HAM10000_images_part_2/ISIC_0030567.jpg,0
/Users/suleymanmini/Desktop/cilt kanseri/cilt-kanseri-teshisi-bitirme/data/raw/HAM10000_images_part_2/ISIC_0032501.jpg,0
/Users/suleymanmini/Desktop/cilt kanseri/cilt-kanseri-teshisi-bitirme/data/raw/HAM10000_images_part_1/ISIC_0028416.jpg,0
/Users/suleymanmini/Desktop/cilt kanseri/cilt-kanseri-teshisi-bitirme/data/synthetic/generated_malign/synth_malign_00269.jpg,1
/Users/suleymanmini/Desktop/cilt kanseri/cilt-kanseri-teshisi-bitirme/data/raw/HAM10000_images_part_1/ISIC_0025110.jpg,0
/Users/suleymanmini/Desktop/cilt kanseri/cilt-kanseri-teshisi-bitirme/data/raw/HAM10000_images_part_2/ISIC_0029631.jpg,0
/Users/suleymanmini/Desktop/cilt kanseri/cilt-kanseri-teshisi-bitirme/data/raw/HAM10000_images_part_2/ISIC_0033725.jpg,1
/Users/suleymanmini/Desktop/cilt kanseri/cilt-kanseri-teshisi-bitirme/data/raw/HAM10000_images_part_1/ISIC_0027114.jpg,0
/Users/suleymanmini/Desktop/cilt kanseri/cilt-kanseri-teshisi-bitirme/data/raw/HAM10000_images_part_2/ISIC_0033114.jpg,1
/Users/suleymanmini/Desktop/cilt kanseri/cilt-kanseri-teshisi-bitirme/data/raw/HAM10000_images_part_1/ISIC_0027717.jpg,0
/Users/suleymanmini/Desktop/cilt kanseri/cilt-kanseri-teshisi-bitirme/data/raw/HAM10000_images_part_2/ISIC_0031085.jpg,0
/Users/suleymanmini/Desktop/cilt kanseri/cilt-kanseri-teshisi-bitirme/data/raw/HAM10000_images_part_1/ISIC_0024678.jpg,0
/Users/suleymanmini/Desktop/cilt kanseri/cilt-kanseri-teshisi-bitirme/data/raw/HAM10000_images_part_1/ISIC_0025366.jpg,0
/Users/suleymanmini/Desktop/cilt kanseri/cilt-kanseri-teshisi-bitirme/data/raw/HAM10000_images_part_2/ISIC_0033286.jpg,1
/Users/suleymanmini/Desktop/cilt kanseri/cilt-kanseri-teshisi-bitirme/data/raw/HAM10000_images_part_2/ISIC_0031749.jpg,1
/Users/suleymanmini/Desktop/cilt kanseri/cilt-kanseri-teshisi-bitirme/data/raw/HAM10000_images_part_2/ISIC_0029721.jpg,0
/Users/suleymanmini/Desktop/cilt kanseri/cilt-kanseri-teshisi-bitirme/data/raw/HAM10000_images_part_1/ISIC_0028590.jpg,0
/Users/suleymanmini/Desktop/cilt kanseri/cilt-kanseri-teshisi-bitirme/data/raw/HAM10000_images_part_2/ISIC_0030490.jpg,0
/Users/suleymanmini/Desktop/cilt kanseri/cilt-kanseri-teshisi-bitirme/data/raw/HAM10000_images_part_1/ISIC_0027675.jpg,1
/Users/suleymanmini/Desktop/cilt kanseri/cilt-kanseri-teshisi-bitirme/data/raw/HAM10000_images_part_1/ISIC_0027795.jpg,1
/Users/suleymanmini/Desktop/cilt kanseri/cilt-kanseri-teshisi-bitirme/data/raw/HAM10000_images_part_2/ISIC_0033784.jpg,0
/Users/suleymanmini/Desktop/cilt kanseri/cilt-kanseri-teshisi-bitirme/data/raw/HAM10000_images_part_1/ISIC_0027822.jpg,1
/Users/suleymanmini/Desktop/cilt kanseri/cilt-kanseri-teshisi-bitirme/data/raw/HAM10000_images_part_2/ISIC_0031400.jpg,1
/Users/suleymanmini/Desktop/cilt kanseri/cilt-kanseri-teshisi-bitirme/data/synthetic/generated_malign/synth_malign_00264.jpg,1
/Users/suleymanmini/Desktop/cilt kanseri/cilt-kanseri-teshisi-bitirme/data/raw/HAM10000_images_part_1/ISIC_0028316.jpg,1
/Users/suleymanmini/Desktop/cilt kanseri/cilt-kanseri-teshisi-bitirme/data/raw/HAM10000_images_part_1/ISIC_0026993.jpg,1
/Users/suleymanmini/Desktop/cilt kanseri/cilt-kanseri-teshisi-bitirme/data/raw/HAM10000_images_part_2/ISIC_0030256.jpg,0
/Users/suleymanmini/Desktop/cilt kanseri/cilt-kanseri-teshisi-bitirme/data/raw/HAM10000_images_part_1/ISIC_0025249.jpg,0
/Users/suleymanmini/Desktop/cilt kanseri/cilt-kanseri-teshisi-bitirme/data/raw/HAM10000_images_part_1/ISIC_0028282.jpg,0
/Users/suleymanmini/Desktop/cilt kanseri/cilt-kanseri-teshisi-bitirme/data/raw/HAM10000_images_part_1/ISIC_0025804.jpg,0
/Users/suleymanmini/Desktop/cilt kanseri/cilt-kanseri-teshisi-bitirme/data/raw/HAM10000_images_part_2/ISIC_0030091.jpg,0
/Users/suleymanmini/Desktop/cilt kanseri/cilt-kanseri-teshisi-bitirme/data/raw/HAM10000_images_part_2/ISIC_0029766.jpg,0
/Users/suleymanmini/Desktop/cilt kanseri/cilt-kanseri-teshisi-bitirme/data/raw/HAM10000_images_part_1/ISIC_0025539.jpg,1
/Users/suleymanmini/Desktop/cilt kanseri/cilt-kanseri-teshisi-bitirme/data/raw/HAM10000_images_part_2/ISIC_0033412.jpg,0
/Users/suleymanmini/Desktop/cilt kanseri/cilt-kanseri-teshisi-bitirme/data/raw/HAM10000_images_part_1/ISIC_0026113.jpg,1
/Users/suleymanmini/Desktop/cilt kanseri/cilt-kanseri-teshisi-bitirme/data/raw/HAM10000_images_part_2/ISIC_0034250.jpg,0
/Users/suleymanmini/Desktop/cilt kanseri/cilt-kanseri-teshisi-bitirme/data/raw/HAM10000_images_part_1/ISIC_0024887.jpg,0
/Users/suleymanmini/Desktop/cilt kanseri/cilt-kanseri-teshisi-bitirme/data/raw/HAM10000_images_part_2/ISIC_0034230.jpg,0
/Users/suleymanmini/Desktop/cilt kanseri/cilt-kanseri-teshisi-bitirme/data/synthetic/generated_malign/synth_malign_00976.jpg,1
/Users/suleymanmini/Desktop/cilt kanseri/cilt-kanseri-teshisi-bitirme/data/raw/HAM10000_images_part_2/ISIC_0033497.jpg,0
/Users/suleymanmini/Desktop/cilt kanseri/cilt-kanseri-teshisi-bitirme/data/synthetic/generated_malign/synth_malign_00539.jpg,1
/Users/suleymanmini/Desktop/cilt kanseri/cilt-kanseri-teshisi-bitirme/data/synthetic/generated_malign/synth_malign_00293.jpg,1
/Users/suleymanmini/Desktop/cilt kanseri/cilt-kanseri-teshisi-bitirme/data/raw/HAM10000_images_part_1/ISIC_0025055.jpg,0
/Users/suleymanmini/Desktop/cilt kanseri/cilt-kanseri-teshisi-bitirme/data/raw/HAM10000_images_part_1/ISIC_0025175.jpg,0
/Users/suleymanmini/Desktop/cilt kanseri/cilt-kanseri-teshisi-bitirme/data/raw/HAM10000_images_part_1/ISIC_0027900.jpg,1
/Users/suleymanmini/Desktop/cilt kanseri/cilt-kanseri-teshisi-bitirme/data/raw/HAM10000_images_part_1/ISIC_0026507.jpg,0
/Users/suleymanmini/Desktop/cilt kanseri/cilt-kanseri-teshisi-bitirme/data/raw/HAM10000_images_part_1/ISIC_0026642.jpg,0
/Users/suleymanmini/Desktop/cilt kanseri/cilt-kanseri-teshisi-bitirme/data/synthetic/generated_malign/synth_malign_00289.jpg,1
/Users/suleymanmini/Desktop/cilt kanseri/cilt-kanseri-teshisi-bitirme/data/raw/HAM10000_images_part_2/ISIC_0029485.jpg,0
/Users/suleymanmini/Desktop/cilt kanseri/cilt-kanseri-teshisi-bitirme/data/raw/HAM10000_images_part_1/ISIC_0027884.jpg,1
/Users/suleymanmini/Desktop/cilt kanseri/cilt-kanseri-teshisi-bitirme/data/raw/HAM10000_images_part_1/ISIC_0028702.jpg,0
/Users/suleymanmini/Desktop/cilt kanseri/cilt-kanseri-teshisi-bitirme/data/raw/HAM10000_images_part_2/ISIC_0030053.jpg,0
/Users/suleymanmini/Desktop/cilt kanseri/cilt-kanseri-teshisi-bitirme/data/raw/HAM10000_images_part_2/ISIC_0029406.jpg,0
/Users/suleymanmini/Desktop/cilt kanseri/cilt-kanseri-teshisi-bitirme/data/synthetic/generated_malign/synth_malign_00575.jpg,1
/Users/suleymanmini/Desktop/cilt kanseri/cilt-kanseri-teshisi-bitirme/data/raw/HAM10000_images_part_2/ISIC_0031184.jpg,0
/Users/suleymanmini/Desktop/cilt kanseri/cilt-kanseri-teshisi-bitirme/data/raw/HAM10000_images_part_2/ISIC_0031693.jpg,0
/Users/suleymanmini/Desktop/cilt kanseri/cilt-kanseri-teshisi-bitirme/data/raw/HAM10000_images_part_1/ISIC_0027034.jpg,0
/Users/suleymanmini/Desktop/cilt kanseri/cilt-kanseri-teshisi-bitirme/data/raw/HAM10000_images_part_1/ISIC_0026455.jpg,0
/Users/suleymanmini/Desktop/cilt kanseri/cilt-kanseri-teshisi-bitirme/data/synthetic/generated_malign/synth_malign_00590.jpg,1
/Users/suleymanmini/Desktop/cilt kanseri/cilt-kanseri-teshisi-bitirme/data/raw/HAM10000_images_part_1/ISIC_0027976.jpg,1
/Users/suleymanmini/Desktop/cilt kanseri/cilt-kanseri-teshisi-bitirme/data/raw/HAM10000_images_part_1/ISIC_0027955.jpg,0
/Users/suleymanmini/Desktop/cilt kanseri/cilt-kanseri-teshisi-bitirme/data/raw/HAM10000_images_part_1/ISIC_0026857.jpg,1
/Users/suleymanmini/Desktop/cilt kanseri/cilt-kanseri-teshisi-bitirme/data/raw/HAM10000_images_part_1/ISIC_0029155.jpg,0
/Users/suleymanmini/Desktop/cilt kanseri/cilt-kanseri-teshisi-bitirme/data/raw/HAM10000_images_part_1/ISIC_0028687.jpg,1
/Users/suleymanmini/Desktop/cilt kanseri/cilt-kanseri-teshisi-bitirme/data/raw/HAM10000_images_part_1/ISIC_0024978.jpg,0
/Users/suleymanmini/Desktop/cilt kanseri/cilt-kanseri-teshisi-bitirme/data/raw/HAM10000_images_part_1/ISIC_0028053.jpg,0
/Users/suleymanmini/Desktop/cilt kanseri/cilt-kanseri-teshisi-bitirme/data/raw/HAM10000_images_part_1/ISIC_0025962.jpg,0
/Users/suleymanmini/Desktop/cilt kanseri/cilt-kanseri-teshisi-bitirme/data/raw/HAM10000_images_part_1/ISIC_0026844.jpg,0
/Users/suleymanmini/Desktop/cilt kanseri/cilt-kanseri-teshisi-bitirme/data/synthetic/generated_malign/synth_malign_00668.jpg,1
/Users/suleymanmini/Desktop/cilt kanseri/cilt-kanseri-teshisi-bitirme/data/synthetic/generated_malign/synth_malign_00193.jpg,1
/Users/suleymanmini/Desktop/cilt kanseri/cilt-kanseri-teshisi-bitirme/data/raw/HAM10000_images_part_1/ISIC_0026674.jpg,0
/Users/suleymanmini/Desktop/cilt kanseri/cilt-kanseri-teshisi-bitirme/data/raw/HAM10000_images_part_1/ISIC_0024373.jpg,0
/Users/suleymanmini/Desktop/cilt kanseri/cilt-kanseri-teshisi-bitirme/data/raw/HAM10000_images_part_2/ISIC_0034220.jpg,0
/Users/suleymanmini/Desktop/cilt kanseri/cilt-kanseri-teshisi-bitirme/data/raw/HAM10000_images_part_1/ISIC_0027742.jpg,1
/Users/suleymanmini/Desktop/cilt kanseri/cilt-kanseri-teshisi-bitirme/data/raw/HAM10000_images_part_2/ISIC_0029875.jpg,0
/Users/suleymanmini/Desktop/cilt kanseri/cilt-kanseri-teshisi-bitirme/data/raw/HAM10000_images_part_1/ISIC_0026528.jpg,1
/Users/suleymanmini/Desktop/cilt kanseri/cilt-kanseri-teshisi-bitirme/data/raw/HAM10000_images_part_2/ISIC_0032440.jpg,0
/Users/suleymanmini/Desktop/cilt kanseri/cilt-kanseri-teshisi-bitirme/data/raw/HAM10000_images_part_2/ISIC_0030260.jpg,0
/Users/suleymanmini/Desktop/cilt kanseri/cilt-kanseri-teshisi-bitirme/data/raw/HAM10000_images_part_1/ISIC_0026619.jpg,0
/Users/suleymanmini/Desktop/cilt kanseri/cilt-kanseri-teshisi-bitirme/data/raw/HAM10000_images_part_1/ISIC_0027311.jpg,0
/Users/suleymanmini/Desktop/cilt kanseri/cilt-kanseri-teshisi-bitirme/data/raw/HAM10000_images_part_1/ISIC_0024705.jpg,0
/Users/suleymanmini/Desktop/cilt kanseri/cilt-kanseri-teshisi-bitirme/data/raw/HAM10000_images_part_1/ISIC_0025136.jpg,0
/Users/suleymanmini/Desktop/cilt kanseri/cilt-kanseri-teshisi-bitirme/data/raw/HAM10000_images_part_1/ISIC_0026443.jpg,0
/Users/suleymanmini/Desktop/cilt kanseri/cilt-kanseri-teshisi-bitirme/data/raw/HAM10000_images_part_2/ISIC_0032037.jpg,0
/Users/suleymanmini/Desktop/cilt kanseri/cilt-kanseri-teshisi-bitirme/data/raw/HAM10000_images_part_2/ISIC_0029410.jpg,0
/Users/suleymanmini/Desktop/cilt kanseri/cilt-kanseri-teshisi-bitirme/data/raw/HAM10000_images_part_2/ISIC_0029832.jpg,0
/Users/suleymanmini/Desktop/cilt kanseri/cilt-kanseri-teshisi-bitirme/data/raw/HAM10000_images_part_2/ISIC_0034086.jpg,0
/Users/suleymanmini/Desktop/cilt kanseri/cilt-kanseri-teshisi-bitirme/data/raw/HAM10000_images_part_2/ISIC_0029677.jpg,0
/Users/suleymanmini/Desktop/cilt kanseri/cilt-kanseri-teshisi-bitirme/data/raw/HAM10000_images_part_1/ISIC_0028576.jpg,0
/Users/suleymanmini/Desktop/cilt kanseri/cilt-kanseri-teshisi-bitirme/data/synthetic/generated_malign/synth_malign_00373.jpg,1
/Users/suleymanmini/Desktop/cilt kanseri/cilt-kanseri-teshisi-bitirme/data/raw/HAM10000_images_part_1/ISIC_0027298.jpg,0
/Users/suleymanmini/Desktop/cilt kanseri/cilt-kanseri-teshisi-bitirme/data/raw/HAM10000_images_part_1/ISIC_0024631.jpg,0
/Users/suleymanmini/Desktop/cilt kanseri/cilt-kanseri-teshisi-bitirme/data/raw/HAM10000_images_part_1/ISIC_0028039.jpg,0
/Users/suleymanmini/Desktop/cilt kanseri/cilt-kanseri-teshisi-bitirme/data/raw/HAM10000_images_part_2/ISIC_0034180.jpg,1
/Users/suleymanmini/Desktop/cilt kanseri/cilt-kanseri-teshisi-bitirme/data/raw/HAM10000_images_part_2/ISIC_0031921.jpg,0
/Users/suleymanmini/Desktop/cilt kanseri/cilt-kanseri-teshisi-bitirme/data/raw/HAM10000_images_part_1/ISIC_0027521.jpg,0
/Users/suleymanmini/Desktop/cilt kanseri/cilt-kanseri-teshisi-bitirme/data/raw/HAM10000_images_part_1/ISIC_0027999.jpg,0
/Users/suleymanmini/Desktop/cilt kanseri/cilt-kanseri-teshisi-bitirme/data/raw/HAM10000_images_part_2/ISIC_0029989.jpg,0
/Users/suleymanmini/Desktop/cilt kanseri/cilt-kanseri-teshisi-bitirme/data/raw/HAM10000_images_part_2/ISIC_0030496.jpg,0
/Users/suleymanmini/Desktop/cilt kanseri/cilt-kanseri-teshisi-bitirme/data/raw/HAM10000_images_part_1/ISIC_0028498.jpg,0
/Users/suleymanmini/Desktop/cilt kanseri/cilt-kanseri-teshisi-bitirme/data/raw/HAM10000_images_part_2/ISIC_0029601.jpg,0
/Users/suleymanmini/Desktop/cilt kanseri/cilt-kanseri-teshisi-bitirme/data/raw/HAM10000_images_part_2/ISIC_0030129.jpg,1
/Users/suleymanmini/Desktop/cilt kanseri/cilt-kanseri-teshisi-bitirme/data/raw/HAM10000_images_part_1/ISIC_0026171.jpg,1
/Users/suleymanmini/Desktop/cilt kanseri/cilt-kanseri-teshisi-bitirme/data/raw/HAM10000_images_part_2/ISIC_0031936.jpg,0
/Users/suleymanmini/Desktop/cilt kanseri/cilt-kanseri-teshisi-bitirme/data/raw/HAM10000_images_part_2/ISIC_0032485.jpg,0
/Users/suleymanmini/Desktop/cilt kanseri/cilt-kanseri-teshisi-bitirme/data/raw/HAM10000_images_part_1/ISIC_0024552.jpg,1
/Users/suleymanmini/Desktop/cilt kanseri/cilt-kanseri-teshisi-bitirme/data/raw/HAM10000_images_part_1/ISIC_0028457.jpg,1
/Users/suleymanmini/Desktop/cilt kanseri/cilt-kanseri-teshisi-bitirme/data/raw/HAM10000_images_part_1/ISIC_0029286.jpg,0
/Users/suleymanmini/Desktop/cilt kanseri/cilt-kanseri-teshisi-bitirme/data/raw/HAM10000_images_part_1/ISIC_0027175.jpg,1
/Users/suleymanmini/Desktop/cilt kanseri/cilt-kanseri-teshisi-bitirme/data/raw/HAM10000_images_part_1/ISIC_0027524.jpg,0
/Users/suleymanmini/Desktop/cilt kanseri/cilt-kanseri-teshisi-bitirme/data/raw/HAM10000_images_part_2/ISIC_0030282.jpg,0
/Users/suleymanmini/Desktop/cilt kanseri/cilt-kanseri-teshisi-bitirme/data/raw/HAM10000_images_part_2/ISIC_0030925.jpg,1
/Users/suleymanmini/Desktop/cilt kanseri/cilt-kanseri-teshisi-bitirme/data/raw/HAM10000_images_part_2/ISIC_0030709.jpg,0
/Users/suleymanmini/Desktop/cilt kanseri/cilt-kanseri-teshisi-bitirme/data/raw/HAM10000_images_part_2/ISIC_0030968.jpg,0
/Users/suleymanmini/Desktop/cilt kanseri/cilt-kanseri-teshisi-bitirme/data/raw/HAM10000_images_part_2/ISIC_0034117.jpg,1
/Users/suleymanmini/Desktop/cilt kanseri/cilt-kanseri-teshisi-bitirme/data/raw/HAM10000_images_part_2/ISIC_0032940.jpg,1
/Users/suleymanmini/Desktop/cilt kanseri/cilt-kanseri-teshisi-bitirme/data/raw/HAM10000_images_part_1/ISIC_0029149.jpg,0
/Users/suleymanmini/Desktop/cilt kanseri/cilt-kanseri-teshisi-bitirme/data/raw/HAM10000_images_part_2/ISIC_0034162.jpg,1
/Users/suleymanmini/Desktop/cilt kanseri/cilt-kanseri-teshisi-bitirme/data/raw/HAM10000_images_part_2/ISIC_0030788.jpg,0
/Users/suleymanmini/Desktop/cilt kanseri/cilt-kanseri-teshisi-bitirme/data/raw/HAM10000_images_part_1/ISIC_0027125.jpg,1
/Users/suleymanmini/Desktop/cilt kanseri/cilt-kanseri-teshisi-bitirme/data/raw/HAM10000_images_part_1/ISIC_0027991.jpg,0
/Users/suleymanmini/Desktop/cilt kanseri/cilt-kanseri-teshisi-bitirme/data/raw/HAM10000_images_part_1/ISIC_0026182.jpg,0
/Users/suleymanmini/Desktop/cilt kanseri/cilt-kanseri-teshisi-bitirme/data/raw/HAM10000_images_part_1/ISIC_0024720.jpg,0
/Users/suleymanmini/Desktop/cilt kanseri/cilt-kanseri-teshisi-bitirme/data/raw/HAM10000_images_part_1/ISIC_0028109.jpg,1
/Users/suleymanmini/Desktop/cilt kanseri/cilt-kanseri-teshisi-bitirme/data/raw/HAM10000_images_part_2/ISIC_0033087.jpg,0
/Users/suleymanmini/Desktop/cilt kanseri/cilt-kanseri-teshisi-bitirme/data/raw/HAM10000_images_part_2/ISIC_0033245.jpg,1
/Users/suleymanmini/Desktop/cilt kanseri/cilt-kanseri-teshisi-bitirme/data/raw/HAM10000_images_part_1/ISIC_0025385.jpg,0
/Users/suleymanmini/Desktop/cilt kanseri/cilt-kanseri-teshisi-bitirme/data/raw/HAM10000_images_part_1/ISIC_0027690.jpg,0
/Users/suleymanmini/Desktop/cilt kanseri/cilt-kanseri-teshisi-bitirme/data/raw/HAM10000_images_part_1/ISIC_0027689.jpg,0
/Users/suleymanmini/Desktop/cilt kanseri/cilt-kanseri-teshisi-bitirme/data/raw/HAM10000_images_part_2/ISIC_0033923.jpg,0
/Users/suleymanmini/Desktop/cilt kanseri/cilt-kanseri-teshisi-bitirme/data/raw/HAM10000_images_part_1/ISIC_0025751.jpg,1
/Users/suleymanmini/Desktop/cilt kanseri/cilt-kanseri-teshisi-bitirme/data/raw/HAM10000_images_part_2/ISIC_0030658.jpg,0
/Users/suleymanmini/Desktop/cilt kanseri/cilt-kanseri-teshisi-bitirme/data/raw/HAM10000_images_part_1/ISIC_0028469.jpg,0
/Users/suleymanmini/Desktop/cilt kanseri/cilt-kanseri-teshisi-bitirme/data/raw/HAM10000_images_part_1/ISIC_0029254.jpg,0
/Users/suleymanmini/Desktop/cilt kanseri/cilt-kanseri-teshisi-bitirme/data/raw/HAM10000_images_part_2/ISIC_0030327.jpg,0
/Users/suleymanmini/Desktop/cilt kanseri/cilt-kanseri-teshisi-bitirme/data/raw/HAM10000_images_part_1/ISIC_0027885.jpg,0
/Users/suleymanmini/Desktop/cilt kanseri/cilt-kanseri-teshisi-bitirme/data/raw/HAM10000_images_part_1/ISIC_0027512.jpg,0
/Users/suleymanmini/Desktop/cilt kanseri/cilt-kanseri-teshisi-bitirme/data/raw/HAM10000_images_part_2/ISIC_0029411.jpg,0
/Users/suleymanmini/Desktop/cilt kanseri/cilt-kanseri-teshisi-bitirme/data/raw/HAM10000_images_part_1/ISIC_0029290.jpg,0
/Users/suleymanmini/Desktop/cilt kanseri/cilt-kanseri-teshisi-bitirme/data/raw/HAM10000_images_part_1/ISIC_0028069.jpg,1
/Users/suleymanmini/Desktop/cilt kanseri/cilt-kanseri-teshisi-bitirme/data/raw/HAM10000_images_part_1/ISIC_0028414.jpg,0
/Users/suleymanmini/Desktop/cilt kanseri/cilt-kanseri-teshisi-bitirme/data/raw/HAM10000_images_part_2/ISIC_0030949.jpg,0
/Users/suleymanmini/Desktop/cilt kanseri/cilt-kanseri-teshisi-bitirme/data/synthetic/generated_malign/synth_malign_00219.jpg,1
/Users/suleymanmini/Desktop/cilt kanseri/cilt-kanseri-teshisi-bitirme/data/raw/HAM10000_images_part_1/ISIC_0024974.jpg,0
/Users/suleymanmini/Desktop/cilt kanseri/cilt-kanseri-teshisi-bitirme/data/raw/HAM10000_images_part_2/ISIC_0033950.jpg,0
/Users/suleymanmini/Desktop/cilt kanseri/cilt-kanseri-teshisi-bitirme/data/synthetic/generated_malign/synth_malign_00101.jpg,1
/Users/suleymanmini/Desktop/cilt kanseri/cilt-kanseri-teshisi-bitirme/data/raw/HAM10000_images_part_1/ISIC_0028893.jpg,0
/Users/suleymanmini/Desktop/cilt kanseri/cilt-kanseri-teshisi-bitirme/data/raw/HAM10000_images_part_1/ISIC_0026635.jpg,0
/Users/suleymanmini/Desktop/cilt kanseri/cilt-kanseri-teshisi-bitirme/data/raw/HAM10000_images_part_2/ISIC_0034273.jpg,0
/Users/suleymanmini/Desktop/cilt kanseri/cilt-kanseri-teshisi-bitirme/data/raw/HAM10000_images_part_2/ISIC_0032783.jpg,0
/Users/suleymanmini/Desktop/cilt kanseri/cilt-kanseri-teshisi-bitirme/data/raw/HAM10000_images_part_1/ISIC_0026411.jpg,1
/Users/suleymanmini/Desktop/cilt kanseri/cilt-kanseri-teshisi-bitirme/data/raw/HAM10000_images_part_2/ISIC_0031604.jpg,0
/Users/suleymanmini/Desktop/cilt kanseri/cilt-kanseri-teshisi-bitirme/data/raw/HAM10000_images_part_2/ISIC_0032606.jpg,0
/Users/suleymanmini/Desktop/cilt kanseri/cilt-kanseri-teshisi-bitirme/data/raw/HAM10000_images_part_2/ISIC_0029947.jpg,0
/Users/suleymanmini/Desktop/cilt kanseri/cilt-kanseri-teshisi-bitirme/data/raw/HAM10000_images_part_2/ISIC_0031338.jpg,0
/Users/suleymanmini/Desktop/cilt kanseri/cilt-kanseri-teshisi-bitirme/data/raw/HAM10000_images_part_2/ISIC_0030171.jpg,1
/Users/suleymanmini/Desktop/cilt kanseri/cilt-kanseri-teshisi-bitirme/data/raw/HAM10000_images_part_1/ISIC_0029244.jpg,0
/Users/suleymanmini/Desktop/cilt kanseri/cilt-kanseri-teshisi-bitirme/data/raw/HAM10000_images_part_1/ISIC_0029188.jpg,0
/Users/suleymanmini/Desktop/cilt kanseri/cilt-kanseri-teshisi-bitirme/data/raw/HAM10000_images_part_2/ISIC_0030213.jpg,0
/Users/suleymanmini/Desktop/cilt kanseri/cilt-kanseri-teshisi-bitirme/data/raw/HAM10000_images_part_1/ISIC_0027575.jpg,0
/Users/suleymanmini/Desktop/cilt kanseri/cilt-kanseri-teshisi-bitirme/data/raw/HAM10000_images_part_1/ISIC_0028837.jpg,0
/Users/suleymanmini/Desktop/cilt kanseri/cilt-kanseri-teshisi-bitirme/data/raw/HAM10000_images_part_1/ISIC_0026925.jpg,0
/Users/suleymanmini/Desktop/cilt kanseri/cilt-kanseri-teshisi-bitirme/data/raw/HAM10000_images_part_2/ISIC_0030943.jpg,0
/Users/suleymanmini/Desktop/cilt kanseri/cilt-kanseri-teshisi-bitirme/data/raw/HAM10000_images_part_2/ISIC_0032682.jpg,0
/Users/suleymanmini/Desktop/cilt kanseri/cilt-kanseri-teshisi-bitirme/data/raw/HAM10000_images_part_1/ISIC_0024902.jpg,0
/Users/suleymanmini/Desktop/cilt kanseri/cilt-kanseri-teshisi-bitirme/data/raw/HAM10000_images_part_2/ISIC_0029730.jpg,0
/Users/suleymanmini/Desktop/cilt kanseri/cilt-kanseri-teshisi-bitirme/data/raw/HAM10000_images_part_2/ISIC_0030070.jpg,0
/Users/suleymanmini/Desktop/cilt kanseri/cilt-kanseri-teshisi-bitirme/data/synthetic/generated_malign/synth_malign_00628.jpg,1
/Users/suleymanmini/Desktop/cilt kanseri/cilt-kanseri-teshisi-bitirme/data/raw/HAM10000_images_part_1/ISIC_0028573.jpg,0
/Users/suleymanmini/Desktop/cilt kanseri/cilt-kanseri-teshisi-bitirme/data/raw/HAM10000_images_part_2/ISIC_0030192.jpg,1
/Users/suleymanmini/Desktop/cilt kanseri/cilt-kanseri-teshisi-bitirme/data/raw/HAM10000_images_part_1/ISIC_0027044.jpg,0
/Users/suleymanmini/Desktop/cilt kanseri/cilt-kanseri-teshisi-bitirme/data/raw/HAM10000_images_part_2/ISIC_0031368.jpg,1
/Users/suleymanmini/Desktop/cilt kanseri/cilt-kanseri-teshisi-bitirme/data/raw/HAM10000_images_part_2/ISIC_0030476.jpg,0
/Users/suleymanmini/Desktop/cilt kanseri/cilt-kanseri-teshisi-bitirme/data/raw/HAM10000_images_part_1/ISIC_0026792.jpg,0
/Users/suleymanmini/Desktop/cilt kanseri/cilt-kanseri-teshisi-bitirme/data/raw/HAM10000_images_part_1/ISIC_0025226.jpg,0
/Users/suleymanmini/Desktop/cilt kanseri/cilt-kanseri-teshisi-bitirme/data/raw/HAM10000_images_part_2/ISIC_0034022.jpg,1
/Users/suleymanmini/Desktop/cilt kanseri/cilt-kanseri-teshisi-bitirme/data/raw/HAM10000_images_part_1/ISIC_0027779.jpg,0
/Users/suleymanmini/Desktop/cilt kanseri/cilt-kanseri-teshisi-bitirme/data/raw/HAM10000_images_part_2/ISIC_0029553.jpg,0
/Users/suleymanmini/Desktop/cilt kanseri/cilt-kanseri-teshisi-bitirme/data/raw/HAM10000_images_part_1/ISIC_0025198.jpg,0
/Users/suleymanmini/Desktop/cilt kanseri/cilt-kanseri-teshisi-bitirme/data/raw/HAM10000_images_part_1/ISIC_0025262.jpg,0
/Users/suleymanmini/Desktop/cilt kanseri/cilt-kanseri-teshisi-bitirme/data/synthetic/generated_malign/synth_malign_00855.jpg,1
/Users/suleymanmini/Desktop/cilt kanseri/cilt-kanseri-teshisi-bitirme/data/raw/HAM10000_images_part_1/ISIC_0028446.jpg,0
/Users/suleymanmini/Desktop/cilt kanseri/cilt-kanseri-teshisi-bitirme/data/raw/HAM10000_images_part_1/ISIC_0024984.jpg,1
/Users/suleymanmini/Desktop/cilt kanseri/cilt-kanseri-teshisi-bitirme/data/raw/HAM10000_images_part_1/ISIC_0024391.jpg,0
/Users/suleymanmini/Desktop/cilt kanseri/cilt-kanseri-teshisi-bitirme/data/raw/HAM10000_images_part_2/ISIC_0029910.jpg,0
/Users/suleymanmini/Desktop/cilt kanseri/cilt-kanseri-teshisi-bitirme/data/raw/HAM10000_images_part_2/ISIC_0030318.jpg,0
/Users/suleymanmini/Desktop/cilt kanseri/cilt-kanseri-teshisi-bitirme/data/raw/HAM10000_images_part_1/ISIC_0027266.jpg,0
/Users/suleymanmini/Desktop/cilt kanseri/cilt-kanseri-teshisi-bitirme/data/raw/HAM10000_images_part_2/ISIC_0031038.jpg,0
/Users/suleymanmini/Desktop/cilt kanseri/cilt-kanseri-teshisi-bitirme/data/raw/HAM10000_images_part_2/ISIC_0030786.jpg,0
/Users/suleymanmini/Desktop/cilt kanseri/cilt-kanseri-teshisi-bitirme/data/raw/HAM10000_images_part_1/ISIC_0026476.jpg,0
/Users/suleymanmini/Desktop/cilt kanseri/cilt-kanseri-teshisi-bitirme/data/raw/HAM10000_images_part_1/ISIC_0024924.jpg,0
/Users/suleymanmini/Desktop/cilt kanseri/cilt-kanseri-teshisi-bitirme/data/raw/HAM10000_images_part_1/ISIC_0025491.jpg,0
/Users/suleymanmini/Desktop/cilt kanseri/cilt-kanseri-teshisi-bitirme/data/raw/HAM10000_images_part_1/ISIC_0024409.jpg,0
/Users/suleymanmini/Desktop/cilt kanseri/cilt-kanseri-teshisi-bitirme/data/raw/HAM10000_images_part_2/ISIC_0030221.jpg,0
/Users/suleymanmini/Desktop/cilt kanseri/cilt-kanseri-teshisi-bitirme/data/raw/HAM10000_images_part_2/ISIC_0032711.jpg,0
/Users/suleymanmini/Desktop/cilt kanseri/cilt-kanseri-teshisi-bitirme/data/raw/HAM10000_images_part_2/ISIC_0032856.jpg,1
/Users/suleymanmini/Desktop/cilt kanseri/cilt-kanseri-teshisi-bitirme/data/raw/HAM10000_images_part_2/ISIC_0031244.jpg,0
/Users/suleymanmini/Desktop/cilt kanseri/cilt-kanseri-teshisi-bitirme/data/raw/HAM10000_images_part_2/ISIC_0029764.jpg,0
/Users/suleymanmini/Desktop/cilt kanseri/cilt-kanseri-teshisi-bitirme/data/raw/HAM10000_images_part_1/ISIC_0025712.jpg,1
/Users/suleymanmini/Desktop/cilt kanseri/cilt-kanseri-teshisi-bitirme/data/raw/HAM10000_images_part_1/ISIC_0026120.jpg,1
/Users/suleymanmini/Desktop/cilt kanseri/cilt-kanseri-teshisi-bitirme/data/raw/HAM10000_images_part_1/ISIC_0027620.jpg,1
/Users/suleymanmini/Desktop/cilt kanseri/cilt-kanseri-teshisi-bitirme/data/raw/HAM10000_images_part_2/ISIC_0032473.jpg,0
/Users/suleymanmini/Desktop/cilt kanseri/cilt-kanseri-teshisi-bitirme/data/synthetic/generated_malign/synth_malign_00096.jpg,1
/Users/suleymanmini/Desktop/cilt kanseri/cilt-kanseri-teshisi-bitirme/data/raw/HAM10000_images_part_2/ISIC_0030782.jpg,1
/Users/suleymanmini/Desktop/cilt kanseri/cilt-kanseri-teshisi-bitirme/data/raw/HAM10000_images_part_1/ISIC_0025220.jpg,0
/Users/suleymanmini/Desktop/cilt kanseri/cilt-kanseri-teshisi-bitirme/data/raw/HAM10000_images_part_2/ISIC_0030423.jpg,1
/Users/suleymanmini/Desktop/cilt kanseri/cilt-kanseri-teshisi-bitirme/data/raw/HAM10000_images_part_2/ISIC_0029903.jpg,0
/Users/suleymanmini/Desktop/cilt kanseri/cilt-kanseri-teshisi-bitirme/data/raw/HAM10000_images_part_2/ISIC_0033389.jpg,0
/Users/suleymanmini/Desktop/cilt kanseri/cilt-kanseri-teshisi-bitirme/data/raw/HAM10000_images_part_2/ISIC_0032808.jpg,1
/Users/suleymanmini/Desktop/cilt kanseri/cilt-kanseri-teshisi-bitirme/data/raw/HAM10000_images_part_2/ISIC_0033021.jpg,0
/Users/suleymanmini/Desktop/cilt kanseri/cilt-kanseri-teshisi-bitirme/data/synthetic/generated_malign/synth_malign_00726.jpg,1
/Users/suleymanmini/Desktop/cilt kanseri/cilt-kanseri-teshisi-bitirme/data/synthetic/generated_malign/synth_malign_00867.jpg,1
/Users/suleymanmini/Desktop/cilt kanseri/cilt-kanseri-teshisi-bitirme/data/raw/HAM10000_images_part_2/ISIC_0033495.jpg,0
/Users/suleymanmini/Desktop/cilt kanseri/cilt-kanseri-teshisi-bitirme/data/raw/HAM10000_images_part_1/ISIC_0026173.jpg,0
/Users/suleymanmini/Desktop/cilt kanseri/cilt-kanseri-teshisi-bitirme/data/raw/HAM10000_images_part_2/ISIC_0031516.jpg,0
/Users/suleymanmini/Desktop/cilt kanseri/cilt-kanseri-teshisi-bitirme/data/synthetic/generated_malign/synth_malign_00660.jpg,1
/Users/suleymanmini/Desktop/cilt kanseri/cilt-kanseri-teshisi-bitirme/data/synthetic/generated_malign/synth_malign_00364.jpg,1
/Users/suleymanmini/Desktop/cilt kanseri/cilt-kanseri-teshisi-bitirme/data/raw/HAM10000_images_part_2/ISIC_0033972.jpg,0
/Users/suleymanmini/Desktop/cilt kanseri/cilt-kanseri-teshisi-bitirme/data/raw/HAM10000_images_part_2/ISIC_0033791.jpg,0
/Users/suleymanmini/Desktop/cilt kanseri/cilt-kanseri-teshisi-bitirme/data/raw/HAM10000_images_part_1/ISIC_0025302.jpg,0
/Users/suleymanmini/Desktop/cilt kanseri/cilt-kanseri-teshisi-bitirme/data/raw/HAM10000_images_part_2/ISIC_0029515.jpg,1
/Users/suleymanmini/Desktop/cilt kanseri/cilt-kanseri-teshisi-bitirme/data/raw/HAM10000_images_part_2/ISIC_0031009.jpg,1
/Users/suleymanmini/Desktop/cilt kanseri/cilt-kanseri-teshisi-bitirme/data/raw/HAM10000_images_part_2/ISIC_0031446.jpg,0
/Users/suleymanmini/Desktop/cilt kanseri/cilt-kanseri-teshisi-bitirme/data/raw/HAM10000_images_part_2/ISIC_0032434.jpg,0
/Users/suleymanmini/Desktop/cilt kanseri/cilt-kanseri-teshisi-bitirme/data/raw/HAM10000_images_part_2/ISIC_0030921.jpg,0
/Users/suleymanmini/Desktop/cilt kanseri/cilt-kanseri-teshisi-bitirme/data/synthetic/generated_malign/synth_malign_00787.jpg,1
/Users/suleymanmini/Desktop/cilt kanseri/cilt-kanseri-teshisi-bitirme/data/raw/HAM10000_images_part_1/ISIC_0027292.jpg,0
/Users/suleymanmini/Desktop/cilt kanseri/cilt-kanseri-teshisi-bitirme/data/raw/HAM10000_images_part_2/ISIC_0031594.jpg,0
/Users/suleymanmini/Desktop/cilt kanseri/cilt-kanseri-teshisi-bitirme/data/raw/HAM10000_images_part_2/ISIC_0029753.jpg,0
/Users/suleymanmini/Desktop/cilt kanseri/cilt-kanseri-teshisi-bitirme/data/raw/HAM10000_images_part_1/ISIC_0027770.jpg,0
/Users/suleymanmini/Desktop/cilt kanseri/cilt-kanseri-teshisi-bitirme/data/raw/HAM10000_images_part_2/ISIC_0032278.jpg,0
/Users/suleymanmini/Desktop/cilt kanseri/cilt-kanseri-teshisi-bitirme/data/raw/HAM10000_images_part_1/ISIC_0028186.jpg,0
/Users/suleymanmini/Desktop/cilt kanseri/cilt-kanseri-teshisi-bitirme/data/raw/HAM10000_images_part_2/ISIC_0031018.jpg,0
/Users/suleymanmini/Desktop/cilt kanseri/cilt-kanseri-teshisi-bitirme/data/raw/HAM10000_images_part_1/ISIC_0025406.jpg,0
/Users/suleymanmini/Desktop/cilt kanseri/cilt-kanseri-teshisi-bitirme/data/raw/HAM10000_images_part_2/ISIC_0030612.jpg,0
/Users/suleymanmini/Desktop/cilt kanseri/cilt-kanseri-teshisi-bitirme/data/raw/HAM10000_images_part_2/ISIC_0030460.jpg,0
/Users/suleymanmini/Desktop/cilt kanseri/cilt-kanseri-teshisi-bitirme/data/raw/HAM10000_images_part_2/ISIC_0033274.jpg,1
/Users/suleymanmini/Desktop/cilt kanseri/cilt-kanseri-teshisi-bitirme/data/raw/HAM10000_images_part_1/ISIC_0028649.jpg,0
/Users/suleymanmini/Desktop/cilt kanseri/cilt-kanseri-teshisi-bitirme/data/raw/HAM10000_images_part_1/ISIC_0025507.jpg,0
/Users/suleymanmini/Desktop/cilt kanseri/cilt-kanseri-teshisi-bitirme/data/raw/HAM10000_images_part_1/ISIC_0025880.jpg,0
/Users/suleymanmini/Desktop/cilt kanseri/cilt-kanseri-teshisi-bitirme/data/raw/HAM10000_images_part_2/ISIC_0030509.jpg,0
/Users/suleymanmini/Desktop/cilt kanseri/cilt-kanseri-teshisi-bitirme/data/raw/HAM10000_images_part_2/ISIC_0030875.jpg,0
/Users/suleymanmini/Desktop/cilt kanseri/cilt-kanseri-teshisi-bitirme/data/raw/HAM10000_images_part_2/ISIC_0032367.jpg,0
/Users/suleymanmini/Desktop/cilt kanseri/cilt-kanseri-teshisi-bitirme/data/raw/HAM10000_images_part_2/ISIC_0029520.jpg,0
/Users/suleymanmini/Desktop/cilt kanseri/cilt-kanseri-teshisi-bitirme/data/raw/HAM10000_images_part_2/ISIC_0034171.jpg,0
/Users/suleymanmini/Desktop/cilt kanseri/cilt-kanseri-teshisi-bitirme/data/raw/HAM10000_images_part_2/ISIC_0030722.jpg,0
/Users/suleymanmini/Desktop/cilt kanseri/cilt-kanseri-teshisi-bitirme/data/raw/HAM10000_images_part_1/ISIC_0025040.jpg,0
/Users/suleymanmini/Desktop/cilt kanseri/cilt-kanseri-teshisi-bitirme/data/synthetic/generated_malign/synth_malign_00091.jpg,1
/Users/suleymanmini/Desktop/cilt kanseri/cilt-kanseri-teshisi-bitirme/data/raw/HAM10000_images_part_2/ISIC_0030731.jpg,0
/Users/suleymanmini/Desktop/cilt kanseri/cilt-kanseri-teshisi-bitirme/data/raw/HAM10000_images_part_1/ISIC_0027682.jpg,0
/Users/suleymanmini/Desktop/cilt kanseri/cilt-kanseri-teshisi-bitirme/data/raw/HAM10000_images_part_2/ISIC_0034090.jpg,0
/Users/suleymanmini/Desktop/cilt kanseri/cilt-kanseri-teshisi-bitirme/data/raw/HAM10000_images_part_1/ISIC_0027812.jpg,0
/Users/suleymanmini/Desktop/cilt kanseri/cilt-kanseri-teshisi-bitirme/data/raw/HAM10000_images_part_2/ISIC_0029579.jpg,0
/Users/suleymanmini/Desktop/cilt kanseri/cilt-kanseri-teshisi-bitirme/data/synthetic/generated_malign/synth_malign_00260.jpg,1
/Users/suleymanmini/Desktop/cilt kanseri/cilt-kanseri-teshisi-bitirme/data/raw/HAM10000_images_part_2/ISIC_0032852.jpg,0
/Users/suleymanmini/Desktop/cilt kanseri/cilt-kanseri-teshisi-bitirme/data/raw/HAM10000_images_part_2/ISIC_0029632.jpg,1
/Users/suleymanmini/Desktop/cilt kanseri/cilt-kanseri-teshisi-bitirme/data/raw/HAM10000_images_part_1/ISIC_0025370.jpg,0
/Users/suleymanmini/Desktop/cilt kanseri/cilt-kanseri-teshisi-bitirme/data/raw/HAM10000_images_part_2/ISIC_0033282.jpg,0
/Users/suleymanmini/Desktop/cilt kanseri/cilt-kanseri-teshisi-bitirme/data/raw/HAM10000_images_part_2/ISIC_0030225.jpg,0
/Users/suleymanmini/Desktop/cilt kanseri/cilt-kanseri-teshisi-bitirme/data/raw/HAM10000_images_part_2/ISIC_0030474.jpg,0
/Users/suleymanmini/Desktop/cilt kanseri/cilt-kanseri-teshisi-bitirme/data/raw/HAM10000_images_part_1/ISIC_0024523.jpg,0
/Users/suleymanmini/Desktop/cilt kanseri/cilt-kanseri-teshisi-bitirme/data/raw/HAM10000_images_part_2/ISIC_0031540.jpg,0
/Users/suleymanmini/Desktop/cilt kanseri/cilt-kanseri-teshisi-bitirme/data/raw/HAM10000_images_part_1/ISIC_0028437.jpg,0
/Users/suleymanmini/Desktop/cilt kanseri/cilt-kanseri-teshisi-bitirme/data/raw/HAM10000_images_part_1/ISIC_0025847.jpg,0
/Users/suleymanmini/Desktop/cilt kanseri/cilt-kanseri-teshisi-bitirme/data/raw/HAM10000_images_part_1/ISIC_0025066.jpg,0
/Users/suleymanmini/Desktop/cilt kanseri/cilt-kanseri-teshisi-bitirme/data/raw/HAM10000_images_part_1/ISIC_0027192.jpg,0
/Users/suleymanmini/Desktop/cilt kanseri/cilt-kanseri-teshisi-bitirme/data/raw/HAM10000_images_part_2/ISIC_0030361.jpg,0
/Users/suleymanmini/Desktop/cilt kanseri/cilt-kanseri-teshisi-bitirme/data/synthetic/generated_malign/synth_malign_00357.jpg,1
/Users/suleymanmini/Desktop/cilt kanseri/cilt-kanseri-teshisi-bitirme/data/raw/HAM10000_images_part_1/ISIC_0028107.jpg,1
/Users/suleymanmini/Desktop/cilt kanseri/cilt-kanseri-teshisi-bitirme/data/raw/HAM10000_images_part_2/ISIC_0030947.jpg,0
/Users/suleymanmini/Desktop/cilt kanseri/cilt-kanseri-teshisi-bitirme/data/raw/HAM10000_images_part_2/ISIC_0032175.jpg,0
/Users/suleymanmini/Desktop/cilt kanseri/cilt-kanseri-teshisi-bitirme/data/raw/HAM10000_images_part_1/ISIC_0025084.jpg,0
/Users/suleymanmini/Desktop/cilt kanseri/cilt-kanseri-teshisi-bitirme/data/raw/HAM10000_images_part_2/ISIC_0033992.jpg,0
/Users/suleymanmini/Desktop/cilt kanseri/cilt-kanseri-teshisi-bitirme/data/raw/HAM10000_images_part_1/ISIC_0029231.jpg,0
/Users/suleymanmini/Desktop/cilt kanseri/cilt-kanseri-teshisi-bitirme/data/raw/HAM10000_images_part_1/ISIC_0026975.jpg,0
/Users/suleymanmini/Desktop/cilt kanseri/cilt-kanseri-teshisi-bitirme/data/raw/HAM10000_images_part_1/ISIC_0028819.jpg,0
/Users/suleymanmini/Desktop/cilt kanseri/cilt-kanseri-teshisi-bitirme/data/raw/HAM10000_images_part_2/ISIC_0031348.jpg,0
/Users/suleymanmini/Desktop/cilt kanseri/cilt-kanseri-teshisi-bitirme/data/raw/HAM10000_images_part_1/ISIC_0026608.jpg,0
/Users/suleymanmini/Desktop/cilt kanseri/cilt-kanseri-teshisi-bitirme/data/raw/HAM10000_images_part_1/ISIC_0028082.jpg,1
/Users/suleymanmini/Desktop/cilt kanseri/cilt-kanseri-teshisi-bitirme/data/raw/HAM10000_images_part_2/ISIC_0029423.jpg,0
/Users/suleymanmini/Desktop/cilt kanseri/cilt-kanseri-teshisi-bitirme/data/raw/HAM10000_images_part_2/ISIC_0034152.jpg,0
/Users/suleymanmini/Desktop/cilt kanseri/cilt-kanseri-teshisi-bitirme/data/raw/HAM10000_images_part_2/ISIC_0032346.jpg,0
/Users/suleymanmini/Desktop/cilt kanseri/cilt-kanseri-teshisi-bitirme/data/synthetic/generated_malign/synth_malign_00634.jpg,1
/Users/suleymanmini/Desktop/cilt kanseri/cilt-kanseri-teshisi-bitirme/data/raw/HAM10000_images_part_2/ISIC_0030428.jpg,0
/Users/suleymanmini/Desktop/cilt kanseri/cilt-kanseri-teshisi-bitirme/data/raw/HAM10000_images_part_1/ISIC_0025457.jpg,0
/Users/suleymanmini/Desktop/cilt kanseri/cilt-kanseri-teshisi-bitirme/data/raw/HAM10000_images_part_1/ISIC_0026251.jpg,0
/Users/suleymanmini/Desktop/cilt kanseri/cilt-kanseri-teshisi-bitirme/data/raw/HAM10000_images_part_1/ISIC_0026520.jpg,0
/Users/suleymanmini/Desktop/cilt kanseri/cilt-kanseri-teshisi-bitirme/data/raw/HAM10000_images_part_2/ISIC_0032031.jpg,0
/Users/suleymanmini/Desktop/cilt kanseri/cilt-kanseri-teshisi-bitirme/data/raw/HAM10000_images_part_1/ISIC_0027109.jpg,0
/Users/suleymanmini/Desktop/cilt kanseri/cilt-kanseri-teshisi-bitirme/data/raw/HAM10000_images_part_1/ISIC_0028054.jpg,0
/Users/suleymanmini/Desktop/cilt kanseri/cilt-kanseri-teshisi-bitirme/data/raw/HAM10000_images_part_2/ISIC_0031503.jpg,0
/Users/suleymanmini/Desktop/cilt kanseri/cilt-kanseri-teshisi-bitirme/data/raw/HAM10000_images_part_1/ISIC_0026926.jpg,0
/Users/suleymanmini/Desktop/cilt kanseri/cilt-kanseri-teshisi-bitirme/data/raw/HAM10000_images_part_2/ISIC_0032653.jpg,1
/Users/suleymanmini/Desktop/cilt kanseri/cilt-kanseri-teshisi-bitirme/data/raw/HAM10000_images_part_1/ISIC_0027390.jpg,0
/Users/suleymanmini/Desktop/cilt kanseri/cilt-kanseri-teshisi-bitirme/data/raw/HAM10000_images_part_1/ISIC_0026595.jpg,0
/Users/suleymanmini/Desktop/cilt kanseri/cilt-kanseri-teshisi-bitirme/data/raw/HAM10000_images_part_2/ISIC_0034130.jpg,0
/Users/suleymanmini/Desktop/cilt kanseri/cilt-kanseri-teshisi-bitirme/data/raw/HAM10000_images_part_2/ISIC_0032854.jpg,1
/Users/suleymanmini/Desktop/cilt kanseri/cilt-kanseri-teshisi-bitirme/data/raw/HAM10000_images_part_2/ISIC_0031343.jpg,0
/Users/suleymanmini/Desktop/cilt kanseri/cilt-kanseri-teshisi-bitirme/data/raw/HAM10000_images_part_2/ISIC_0033920.jpg,0
/Users/suleymanmini/Desktop/cilt kanseri/cilt-kanseri-teshisi-bitirme/data/raw/HAM10000_images_part_1/ISIC_0027608.jpg,0
/Users/suleymanmini/Desktop/cilt kanseri/cilt-kanseri-teshisi-bitirme/data/raw/HAM10000_images_part_1/ISIC_0028252.jpg,0
/Users/suleymanmini/Desktop/cilt kanseri/cilt-kanseri-teshisi-bitirme/data/synthetic/generated_malign/synth_malign_00534.jpg,1
/Users/suleymanmini/Desktop/cilt kanseri/cilt-kanseri-teshisi-bitirme/data/raw/HAM10000_images_part_1/ISIC_0029262.jpg,0
/Users/suleymanmini/Desktop/cilt kanseri/cilt-kanseri-teshisi-bitirme/data/raw/HAM10000_images_part_1/ISIC_0025469.jpg,0
/Users/suleymanmini/Desktop/cilt kanseri/cilt-kanseri-teshisi-bitirme/data/raw/HAM10000_images_part_1/ISIC_0028381.jpg,1
/Users/suleymanmini/Desktop/cilt kanseri/cilt-kanseri-teshisi-bitirme/data/raw/HAM10000_images_part_1/ISIC_0025566.jpg,0
/Users/suleymanmini/Desktop/cilt kanseri/cilt-kanseri-teshisi-bitirme/data/raw/HAM10000_images_part_2/ISIC_0031748.jpg,0
/Users/suleymanmini/Desktop/cilt kanseri/cilt-kanseri-teshisi-bitirme/data/raw/HAM10000_images_part_1/ISIC_0027014.jpg,0
/Users/suleymanmini/Desktop/cilt kanseri/cilt-kanseri-teshisi-bitirme/data/synthetic/generated_malign/synth_malign_00564.jpg,1
/Users/suleymanmini/Desktop/cilt kanseri/cilt-kanseri-teshisi-bitirme/data/raw/HAM10000_images_part_2/ISIC_0031571.jpg,0
/Users/suleymanmini/Desktop/cilt kanseri/cilt-kanseri-teshisi-bitirme/data/raw/HAM10000_images_part_1/ISIC_0027283.jpg,0
/Users/suleymanmini/Desktop/cilt kanseri/cilt-kanseri-teshisi-bitirme/data/raw/HAM10000_images_part_1/ISIC_0027849.jpg,0
/Users/suleymanmini/Desktop/cilt kanseri/cilt-kanseri-teshisi-bitirme/data/raw/HAM10000_images_part_2/ISIC_0033683.jpg,0
/Users/suleymanmini/Desktop/cilt kanseri/cilt-kanseri-teshisi-bitirme/data/raw/HAM10000_images_part_1/ISIC_0027951.jpg,0
/Users/suleymanmini/Desktop/cilt kanseri/cilt-kanseri-teshisi-bitirme/data/raw/HAM10000_images_part_1/ISIC_0025658.jpg,0
/Users/suleymanmini/Desktop/cilt kanseri/cilt-kanseri-teshisi-bitirme/data/raw/HAM10000_images_part_2/ISIC_0031963.jpg,0
/Users/suleymanmini/Desktop/cilt kanseri/cilt-kanseri-teshisi-bitirme/data/synthetic/generated_malign/synth_malign_00624.jpg,1
/Users/suleymanmini/Desktop/cilt kanseri/cilt-kanseri-teshisi-bitirme/data/raw/HAM10000_images_part_1/ISIC_0028361.jpg,1
/Users/suleymanmini/Desktop/cilt kanseri/cilt-kanseri-teshisi-bitirme/data/raw/HAM10000_images_part_2/ISIC_0034279.jpg,0
/Users/suleymanmini/Desktop/cilt kanseri/cilt-kanseri-teshisi-bitirme/data/synthetic/generated_malign/synth_malign_00087.jpg,1
/Users/suleymanmini/Desktop/cilt kanseri/cilt-kanseri-teshisi-bitirme/data/raw/HAM10000_images_part_1/ISIC_0028988.jpg,0
/Users/suleymanmini/Desktop/cilt kanseri/cilt-kanseri-teshisi-bitirme/data/raw/HAM10000_images_part_2/ISIC_0033232.jpg,1
/Users/suleymanmini/Desktop/cilt kanseri/cilt-kanseri-teshisi-bitirme/data/synthetic/generated_malign/synth_malign_00766.jpg,1
/Users/suleymanmini/Desktop/cilt kanseri/cilt-kanseri-teshisi-bitirme/data/raw/HAM10000_images_part_2/ISIC_0029628.jpg,0
/Users/suleymanmini/Desktop/cilt kanseri/cilt-kanseri-teshisi-bitirme/data/raw/HAM10000_images_part_1/ISIC_0027281.jpg,1
/Users/suleymanmini/Desktop/cilt kanseri/cilt-kanseri-teshisi-bitirme/data/raw/HAM10000_images_part_2/ISIC_0033302.jpg,1
/Users/suleymanmini/Desktop/cilt kanseri/cilt-kanseri-teshisi-bitirme/data/raw/HAM10000_images_part_2/ISIC_0031416.jpg,0
/Users/suleymanmini/Desktop/cilt kanseri/cilt-kanseri-teshisi-bitirme/data/raw/HAM10000_images_part_2/ISIC_0030126.jpg,0
/Users/suleymanmini/Desktop/cilt kanseri/cilt-kanseri-teshisi-bitirme/data/raw/HAM10000_images_part_2/ISIC_0029770.jpg,0
/Users/suleymanmini/Desktop/cilt kanseri/cilt-kanseri-teshisi-bitirme/data/raw/HAM10000_images_part_2/ISIC_0030145.jpg,1
/Users/suleymanmini/Desktop/cilt kanseri/cilt-kanseri-teshisi-bitirme/data/synthetic/generated_malign/synth_malign_00655.jpg,1
/Users/suleymanmini/Desktop/cilt kanseri/cilt-kanseri-teshisi-bitirme/data/raw/HAM10000_images_part_2/ISIC_0031717.jpg,0
/Users/suleymanmini/Desktop/cilt kanseri/cilt-kanseri-teshisi-bitirme/data/raw/HAM10000_images_part_1/ISIC_0024793.jpg,0
/Users/suleymanmini/Desktop/cilt kanseri/cilt-kanseri-teshisi-bitirme/data/synthetic/generated_malign/synth_malign_00560.jpg,1
/Users/suleymanmini/Desktop/cilt kanseri/cilt-kanseri-teshisi-bitirme/data/raw/HAM10000_images_part_2/ISIC_0030454.jpg,0
/Users/suleymanmini/Desktop/cilt kanseri/cilt-kanseri-teshisi-bitirme/data/raw/HAM10000_images_part_2/ISIC_0029496.jpg,0
/Users/suleymanmini/Desktop/cilt kanseri/cilt-kanseri-teshisi-bitirme/data/raw/HAM10000_images_part_2/ISIC_0030888.jpg,0
/Users/suleymanmini/Desktop/cilt kanseri/cilt-kanseri-teshisi-bitirme/data/raw/HAM10000_images_part_1/ISIC_0026644.jpg,0
/Users/suleymanmini/Desktop/cilt kanseri/cilt-kanseri-teshisi-bitirme/data/raw/HAM10000_images_part_2/ISIC_0029397.jpg,1
/Users/suleymanmini/Desktop/cilt kanseri/cilt-kanseri-teshisi-bitirme/data/raw/HAM10000_images_part_1/ISIC_0025100.jpg,0
/Users/suleymanmini/Desktop/cilt kanseri/cilt-kanseri-teshisi-bitirme/data/raw/HAM10000_images_part_1/ISIC_0027320.jpg,0
/Users/suleymanmini/Desktop/cilt kanseri/cilt-kanseri-teshisi-bitirme/data/raw/HAM10000_images_part_1/ISIC_0028481.jpg,1
/Users/suleymanmini/Desktop/cilt kanseri/cilt-kanseri-teshisi-bitirme/data/synthetic/generated_malign/synth_malign_00013.jpg,1
/Users/suleymanmini/Desktop/cilt kanseri/cilt-kanseri-teshisi-bitirme/data/raw/HAM10000_images_part_1/ISIC_0028856.jpg,0
/Users/suleymanmini/Desktop/cilt kanseri/cilt-kanseri-teshisi-bitirme/data/raw/HAM10000_images_part_1/ISIC_0024866.jpg,0
/Users/suleymanmini/Desktop/cilt kanseri/cilt-kanseri-teshisi-bitirme/data/raw/HAM10000_images_part_1/ISIC_0025542.jpg,0
/Users/suleymanmini/Desktop/cilt kanseri/cilt-kanseri-teshisi-bitirme/data/raw/HAM10000_images_part_2/ISIC_0033009.jpg,0
/Users/suleymanmini/Desktop/cilt kanseri/cilt-kanseri-teshisi-bitirme/data/raw/HAM10000_images_part_2/ISIC_0032456.jpg,0
/Users/suleymanmini/Desktop/cilt kanseri/cilt-kanseri-teshisi-bitirme/data/synthetic/generated_malign/synth_malign_00842.jpg,1
/Users/suleymanmini/Desktop/cilt kanseri/cilt-kanseri-teshisi-bitirme/data/synthetic/generated_malign/synth_malign_00218.jpg,1
/Users/suleymanmini/Desktop/cilt kanseri/cilt-kanseri-teshisi-bitirme/data/raw/HAM10000_images_part_1/ISIC_0028582.jpg,1
/Users/suleymanmini/Desktop/cilt kanseri/cilt-kanseri-teshisi-bitirme/data/raw/HAM10000_images_part_1/ISIC_0029069.jpg,0
/Users/suleymanmini/Desktop/cilt kanseri/cilt-kanseri-teshisi-bitirme/data/synthetic/generated_malign/synth_malign_00190.jpg,1
/Users/suleymanmini/Desktop/cilt kanseri/cilt-kanseri-teshisi-bitirme/data/raw/HAM10000_images_part_2/ISIC_0031546.jpg,0
/Users/suleymanmini/Desktop/cilt kanseri/cilt-kanseri-teshisi-bitirme/data/raw/HAM10000_images_part_1/ISIC_0029073.jpg,0
/Users/suleymanmini/Desktop/cilt kanseri/cilt-kanseri-teshisi-bitirme/data/raw/HAM10000_images_part_1/ISIC_0027361.jpg,0
/Users/suleymanmini/Desktop/cilt kanseri/cilt-kanseri-teshisi-bitirme/data/raw/HAM10000_images_part_2/ISIC_0031829.jpg,0
/Users/suleymanmini/Desktop/cilt kanseri/cilt-kanseri-teshisi-bitirme/data/raw/HAM10000_images_part_1/ISIC_0025410.jpg,0
/Users/suleymanmini/Desktop/cilt kanseri/cilt-kanseri-teshisi-bitirme/data/raw/HAM10000_images_part_2/ISIC_0032258.jpg,1
/Users/suleymanmini/Desktop/cilt kanseri/cilt-kanseri-teshisi-bitirme/data/raw/HAM10000_images_part_1/ISIC_0029105.jpg,0
/Users/suleymanmini/Desktop/cilt kanseri/cilt-kanseri-teshisi-bitirme/data/raw/HAM10000_images_part_1/ISIC_0026305.jpg,0
/Users/suleymanmini/Desktop/cilt kanseri/cilt-kanseri-teshisi-bitirme/data/synthetic/generated_malign/synth_malign_00064.jpg,1
/Users/suleymanmini/Desktop/cilt kanseri/cilt-kanseri-teshisi-bitirme/data/raw/HAM10000_images_part_1/ISIC_0025889.jpg,0
/Users/suleymanmini/Desktop/cilt kanseri/cilt-kanseri-teshisi-bitirme/data/synthetic/generated_malign/synth_malign_00340.jpg,1
/Users/suleymanmini/Desktop/cilt kanseri/cilt-kanseri-teshisi-bitirme/data/raw/HAM10000_images_part_1/ISIC_0029108.jpg,0
/Users/suleymanmini/Desktop/cilt kanseri/cilt-kanseri-teshisi-bitirme/data/raw/HAM10000_images_part_1/ISIC_0027253.jpg,1
/Users/suleymanmini/Desktop/cilt kanseri/cilt-kanseri-teshisi-bitirme/data/synthetic/generated_malign/synth_malign_00129.jpg,1
/Users/suleymanmini/Desktop/cilt kanseri/cilt-kanseri-teshisi-bitirme/data/raw/HAM10000_images_part_2/ISIC_0032909.jpg,0
/Users/suleymanmini/Desktop/cilt kanseri/cilt-kanseri-teshisi-bitirme/data/raw/HAM10000_images_part_2/ISIC_0032761.jpg,0
/Users/suleymanmini/Desktop/cilt kanseri/cilt-kanseri-teshisi-bitirme/data/raw/HAM10000_images_part_1/ISIC_0028626.jpg,0
/Users/suleymanmini/Desktop/cilt kanseri/cilt-kanseri-teshisi-bitirme/data/raw/HAM10000_images_part_2/ISIC_0032755.jpg,0
/Users/suleymanmini/Desktop/cilt kanseri/cilt-kanseri-teshisi-bitirme/data/raw/HAM10000_images_part_1/ISIC_0028448.jpg,0
/Users/suleymanmini/Desktop/cilt kanseri/cilt-kanseri-teshisi-bitirme/data/raw/HAM10000_images_part_1/ISIC_0025790.jpg,1
/Users/suleymanmini/Desktop/cilt kanseri/cilt-kanseri-teshisi-bitirme/data/raw/HAM10000_images_part_2/ISIC_0030629.jpg,0
/Users/suleymanmini/Desktop/cilt kanseri/cilt-kanseri-teshisi-bitirme/data/raw/HAM10000_images_part_2/ISIC_0033411.jpg,0
/Users/suleymanmini/Desktop/cilt kanseri/cilt-kanseri-teshisi-bitirme/data/raw/HAM10000_images_part_1/ISIC_0025606.jpg,0
/Users/suleymanmini/Desktop/cilt kanseri/cilt-kanseri-teshisi-bitirme/data/raw/HAM10000_images_part_2/ISIC_0030944.jpg,0
/Users/suleymanmini/Desktop/cilt kanseri/cilt-kanseri-teshisi-bitirme/data/raw/HAM10000_images_part_1/ISIC_0026704.jpg,0
/Users/suleymanmini/Desktop/cilt kanseri/cilt-kanseri-teshisi-bitirme/data/raw/HAM10000_images_part_1/ISIC_0024608.jpg,0
/Users/suleymanmini/Desktop/cilt kanseri/cilt-kanseri-teshisi-bitirme/data/synthetic/generated_malign/synth_malign_00619.jpg,1
/Users/suleymanmini/Desktop/cilt kanseri/cilt-kanseri-teshisi-bitirme/data/raw/HAM10000_images_part_2/ISIC_0033613.jpg,0
/Users/suleymanmini/Desktop/cilt kanseri/cilt-kanseri-teshisi-bitirme/data/raw/HAM10000_images_part_2/ISIC_0033404.jpg,0
/Users/suleymanmini/Desktop/cilt kanseri/cilt-kanseri-teshisi-bitirme/data/raw/HAM10000_images_part_1/ISIC_0024360.jpg,1
/Users/suleymanmini/Desktop/cilt kanseri/cilt-kanseri-teshisi-bitirme/data/raw/HAM10000_images_part_1/ISIC_0026032.jpg,0
/Users/suleymanmini/Desktop/cilt kanseri/cilt-kanseri-teshisi-bitirme/data/raw/HAM10000_images_part_1/ISIC_0024563.jpg,0
/Users/suleymanmini/Desktop/cilt kanseri/cilt-kanseri-teshisi-bitirme/data/raw/HAM10000_images_part_1/ISIC_0027493.jpg,0
/Users/suleymanmini/Desktop/cilt kanseri/cilt-kanseri-teshisi-bitirme/data/raw/HAM10000_images_part_1/ISIC_0028254.jpg,0
/Users/suleymanmini/Desktop/cilt kanseri/cilt-kanseri-teshisi-bitirme/data/raw/HAM10000_images_part_1/ISIC_0025348.jpg,0
/Users/suleymanmini/Desktop/cilt kanseri/cilt-kanseri-teshisi-bitirme/data/raw/HAM10000_images_part_2/ISIC_0029492.jpg,0
/Users/suleymanmini/Desktop/cilt kanseri/cilt-kanseri-teshisi-bitirme/data/synthetic/generated_malign/synth_malign_00375.jpg,1
/Users/suleymanmini/Desktop/cilt kanseri/cilt-kanseri-teshisi-bitirme/data/raw/HAM10000_images_part_1/ISIC_0026304.jpg,0
/Users/suleymanmini/Desktop/cilt kanseri/cilt-kanseri-teshisi-bitirme/data/raw/HAM10000_images_part_1/ISIC_0025776.jpg,0
/Users/suleymanmini/Desktop/cilt kanseri/cilt-kanseri-teshisi-bitirme/data/raw/HAM10000_images_part_2/ISIC_0031053.jpg,0
/Users/suleymanmini/Desktop/cilt kanseri/cilt-kanseri-teshisi-bitirme/data/raw/HAM10000_images_part_1/ISIC_0027945.jpg,0
/Users/suleymanmini/Desktop/cilt kanseri/cilt-kanseri-teshisi-bitirme/data/raw/HAM10000_images_part_1/ISIC_0026579.jpg,0
/Users/suleymanmini/Desktop/cilt kanseri/cilt-kanseri-teshisi-bitirme/data/raw/HAM10000_images_part_1/ISIC_0026391.jpg,0
/Users/suleymanmini/Desktop/cilt kanseri/cilt-kanseri-teshisi-bitirme/data/raw/HAM10000_images_part_1/ISIC_0029302.jpg,0
/Users/suleymanmini/Desktop/cilt kanseri/cilt-kanseri-teshisi-bitirme/data/raw/HAM10000_images_part_1/ISIC_0028299.jpg,0
/Users/suleymanmini/Desktop/cilt kanseri/cilt-kanseri-teshisi-bitirme/data/raw/HAM10000_images_part_1/ISIC_0026616.jpg,0
/Users/suleymanmini/Desktop/cilt kanseri/cilt-kanseri-teshisi-bitirme/data/raw/HAM10000_images_part_2/ISIC_0031945.jpg,0
/Users/suleymanmini/Desktop/cilt kanseri/cilt-kanseri-teshisi-bitirme/data/raw/HAM10000_images_part_1/ISIC_0027284.jpg,0
/Users/suleymanmini/Desktop/cilt kanseri/cilt-kanseri-teshisi-bitirme/data/synthetic/generated_malign/synth_malign_00649.jpg,1
/Users/suleymanmini/Desktop/cilt kanseri/cilt-kanseri-teshisi-bitirme/data/raw/HAM10000_images_part_2/ISIC_0033498.jpg,1
/Users/suleymanmini/Desktop/cilt kanseri/cilt-kanseri-teshisi-bitirme/data/raw/HAM10000_images_part_1/ISIC_0025925.jpg,0
/Users/suleymanmini/Desktop/cilt kanseri/cilt-kanseri-teshisi-bitirme/data/raw/HAM10000_images_part_1/ISIC_0028641.jpg,0
/Users/suleymanmini/Desktop/cilt kanseri/cilt-kanseri-teshisi-bitirme/data/raw/HAM10000_images_part_1/ISIC_0027856.jpg,0
/Users/suleymanmini/Desktop/cilt kanseri/cilt-kanseri-teshisi-bitirme/data/raw/HAM10000_images_part_1/ISIC_0028077.jpg,0
/Users/suleymanmini/Desktop/cilt kanseri/cilt-kanseri-teshisi-bitirme/data/raw/HAM10000_images_part_1/ISIC_0026800.jpg,0
/Users/suleymanmini/Desktop/cilt kanseri/cilt-kanseri-teshisi-bitirme/data/raw/HAM10000_images_part_2/ISIC_0032129.jpg,0
/Users/suleymanmini/Desktop/cilt kanseri/cilt-kanseri-teshisi-bitirme/data/raw/HAM10000_images_part_1/ISIC_0026788.jpg,0
/Users/suleymanmini/Desktop/cilt kanseri/cilt-kanseri-teshisi-bitirme/data/raw/HAM10000_images_part_2/ISIC_0032164.jpg,1
/Users/suleymanmini/Desktop/cilt kanseri/cilt-kanseri-teshisi-bitirme/data/raw/HAM10000_images_part_1/ISIC_0028916.jpg,1
/Users/suleymanmini/Desktop/cilt kanseri/cilt-kanseri-teshisi-bitirme/data/raw/HAM10000_images_part_2/ISIC_0032957.jpg,0
/Users/suleymanmini/Desktop/cilt kanseri/cilt-kanseri-teshisi-bitirme/data/raw/HAM10000_images_part_1/ISIC_0026713.jpg,0
/Users/suleymanmini/Desktop/cilt kanseri/cilt-kanseri-teshisi-bitirme/data/raw/HAM10000_images_part_1/ISIC_0028296.jpg,0
/Users/suleymanmini/Desktop/cilt kanseri/cilt-kanseri-teshisi-bitirme/data/raw/HAM10000_images_part_1/ISIC_0028624.jpg,0
/Users/suleymanmini/Desktop/cilt kanseri/cilt-kanseri-teshisi-bitirme/data/raw/HAM10000_images_part_1/ISIC_0024655.jpg,0
/Users/suleymanmini/Desktop/cilt kanseri/cilt-kanseri-teshisi-bitirme/data/raw/HAM10000_images_part_2/ISIC_0032877.jpg,0
/Users/suleymanmini/Desktop/cilt kanseri/cilt-kanseri-teshisi-bitirme/data/raw/HAM10000_images_part_1/ISIC_0026146.jpg,0
/Users/suleymanmini/Desktop/cilt kanseri/cilt-kanseri-teshisi-bitirme/data/raw/HAM10000_images_part_1/ISIC_0025070.jpg,0
/Users/suleymanmini/Desktop/cilt kanseri/cilt-kanseri-teshisi-bitirme/data/raw/HAM10000_images_part_1/ISIC_0028203.jpg,0
/Users/suleymanmini/Desktop/cilt kanseri/cilt-kanseri-teshisi-bitirme/data/raw/HAM10000_images_part_2/ISIC_0029993.jpg,0
/Users/suleymanmini/Desktop/cilt kanseri/cilt-kanseri-teshisi-bitirme/data/raw/HAM10000_images_part_2/ISIC_0032008.jpg,0
/Users/suleymanmini/Desktop/cilt kanseri/cilt-kanseri-teshisi-bitirme/data/synthetic/generated_malign/synth_malign_00821.jpg,1
/Users/suleymanmini/Desktop/cilt kanseri/cilt-kanseri-teshisi-bitirme/data/raw/HAM10000_images_part_2/ISIC_0029921.jpg,0
/Users/suleymanmini/Desktop/cilt kanseri/cilt-kanseri-teshisi-bitirme/data/raw/HAM10000_images_part_1/ISIC_0028073.jpg,0
/Users/suleymanmini/Desktop/cilt kanseri/cilt-kanseri-teshisi-bitirme/data/raw/HAM10000_images_part_1/ISIC_0028513.jpg,0
/Users/suleymanmini/Desktop/cilt kanseri/cilt-kanseri-teshisi-bitirme/data/raw/HAM10000_images_part_1/ISIC_0027829.jpg,1
/Users/suleymanmini/Desktop/cilt kanseri/cilt-kanseri-teshisi-bitirme/data/synthetic/generated_malign/synth_malign_00720.jpg,1
/Users/suleymanmini/Desktop/cilt kanseri/cilt-kanseri-teshisi-bitirme/data/raw/HAM10000_images_part_2/ISIC_0029439.jpg,0
/Users/suleymanmini/Desktop/cilt kanseri/cilt-kanseri-teshisi-bitirme/data/raw/HAM10000_images_part_2/ISIC_0029525.jpg,0
/Users/suleymanmini/Desktop/cilt kanseri/cilt-kanseri-teshisi-bitirme/data/synthetic/generated_malign/synth_malign_00755.jpg,1
/Users/suleymanmini/Desktop/cilt kanseri/cilt-kanseri-teshisi-bitirme/data/raw/HAM10000_images_part_1/ISIC_0028879.jpg,0
/Users/suleymanmini/Desktop/cilt kanseri/cilt-kanseri-teshisi-bitirme/data/raw/HAM10000_images_part_2/ISIC_0033817.jpg,0
/Users/suleymanmini/Desktop/cilt kanseri/cilt-kanseri-teshisi-bitirme/data/raw/HAM10000_images_part_1/ISIC_0028964.jpg,1
/Users/suleymanmini/Desktop/cilt kanseri/cilt-kanseri-teshisi-bitirme/data/raw/HAM10000_images_part_2/ISIC_0032385.jpg,0
/Users/suleymanmini/Desktop/cilt kanseri/cilt-kanseri-teshisi-bitirme/data/raw/HAM10000_images_part_2/ISIC_0030021.jpg,0
/Users/suleymanmini/Desktop/cilt kanseri/cilt-kanseri-teshisi-bitirme/data/synthetic/generated_malign/synth_malign_00461.jpg,1
/Users/suleymanmini/Desktop/cilt kanseri/cilt-kanseri-teshisi-bitirme/data/raw/HAM10000_images_part_1/ISIC_0024966.jpg,0
/Users/suleymanmini/Desktop/cilt kanseri/cilt-kanseri-teshisi-bitirme/data/raw/HAM10000_images_part_1/ISIC_0028169.jpg,0
/Users/suleymanmini/Desktop/cilt kanseri/cilt-kanseri-teshisi-bitirme/data/raw/HAM10000_images_part_2/ISIC_0033597.jpg,0
/Users/suleymanmini/Desktop/cilt kanseri/cilt-kanseri-teshisi-bitirme/data/raw/HAM10000_images_part_1/ISIC_0024325.jpg,0
/Users/suleymanmini/Desktop/cilt kanseri/cilt-kanseri-teshisi-bitirme/data/raw/HAM10000_images_part_2/ISIC_0033717.jpg,1
/Users/suleymanmini/Desktop/cilt kanseri/cilt-kanseri-teshisi-bitirme/data/raw/HAM10000_images_part_1/ISIC_0029298.jpg,0
/Users/suleymanmini/Desktop/cilt kanseri/cilt-kanseri-teshisi-bitirme/data/raw/HAM10000_images_part_1/ISIC_0027101.jpg,1
/Users/suleymanmini/Desktop/cilt kanseri/cilt-kanseri-teshisi-bitirme/data/raw/HAM10000_images_part_1/ISIC_0025141.jpg,0
/Users/suleymanmini/Desktop/cilt kanseri/cilt-kanseri-teshisi-bitirme/data/raw/HAM10000_images_part_2/ISIC_0032553.jpg,0
/Users/suleymanmini/Desktop/cilt kanseri/cilt-kanseri-teshisi-bitirme/data/raw/HAM10000_images_part_1/ISIC_0026276.jpg,0
/Users/suleymanmini/Desktop/cilt kanseri/cilt-kanseri-teshisi-bitirme/data/synthetic/generated_malign/synth_malign_00280.jpg,1
/Users/suleymanmini/Desktop/cilt kanseri/cilt-kanseri-teshisi-bitirme/data/raw/HAM10000_images_part_1/ISIC_0026833.jpg,0
/Users/suleymanmini/Desktop/cilt kanseri/cilt-kanseri-teshisi-bitirme/data/raw/HAM10000_images_part_2/ISIC_0031112.jpg,0
/Users/suleymanmini/Desktop/cilt kanseri/cilt-kanseri-teshisi-bitirme/data/raw/HAM10000_images_part_1/ISIC_0025667.jpg,0
/Users/suleymanmini/Desktop/cilt kanseri/cilt-kanseri-teshisi-bitirme/data/raw/HAM10000_images_part_2/ISIC_0033759.jpg,0
/Users/suleymanmini/Desktop/cilt kanseri/cilt-kanseri-teshisi-bitirme/data/synthetic/generated_malign/synth_malign_00931.jpg,1
/Users/suleymanmini/Desktop/cilt kanseri/cilt-kanseri-teshisi-bitirme/data/raw/HAM10000_images_part_2/ISIC_0029571.jpg,1
/Users/suleymanmini/Desktop/cilt kanseri/cilt-kanseri-teshisi-bitirme/data/raw/HAM10000_images_part_1/ISIC_0029121.jpg,0
/Users/suleymanmini/Desktop/cilt kanseri/cilt-kanseri-teshisi-bitirme/data/raw/HAM10000_images_part_2/ISIC_0033846.jpg,0
/Users/suleymanmini/Desktop/cilt kanseri/cilt-kanseri-teshisi-bitirme/data/raw/HAM10000_images_part_1/ISIC_0028855.jpg,0
/Users/suleymanmini/Desktop/cilt kanseri/cilt-kanseri-teshisi-bitirme/data/raw/HAM10000_images_part_1/ISIC_0026152.jpg,1
/Users/suleymanmini/Desktop/cilt kanseri/cilt-kanseri-teshisi-bitirme/data/raw/HAM10000_images_part_2/ISIC_0030746.jpg,1
/Users/suleymanmini/Desktop/cilt kanseri/cilt-kanseri-teshisi-bitirme/data/raw/HAM10000_images_part_1/ISIC_0027394.jpg,0
/Users/suleymanmini/Desktop/cilt kanseri/cilt-kanseri-teshisi-bitirme/data/synthetic/generated_malign/synth_malign_00712.jpg,1
/Users/suleymanmini/Desktop/cilt kanseri/cilt-kanseri-teshisi-bitirme/data/raw/HAM10000_images_part_2/ISIC_0029434.jpg,1
/Users/suleymanmini/Desktop/cilt kanseri/cilt-kanseri-teshisi-bitirme/data/synthetic/generated_malign/synth_malign_00916.jpg,1
/Users/suleymanmini/Desktop/cilt kanseri/cilt-kanseri-teshisi-bitirme/data/raw/HAM10000_images_part_1/ISIC_0025900.jpg,0
/Users/suleymanmini/Desktop/cilt kanseri/cilt-kanseri-teshisi-bitirme/data/raw/HAM10000_images_part_1/ISIC_0024717.jpg,0
/Users/suleymanmini/Desktop/cilt kanseri/cilt-kanseri-teshisi-bitirme/data/raw/HAM10000_images_part_2/ISIC_0032710.jpg,0
/Users/suleymanmini/Desktop/cilt kanseri/cilt-kanseri-teshisi-bitirme/data/raw/HAM10000_images_part_1/ISIC_0027401.jpg,0
/Users/suleymanmini/Desktop/cilt kanseri/cilt-kanseri-teshisi-bitirme/data/raw/HAM10000_images_part_2/ISIC_0029930.jpg,1
/Users/suleymanmini/Desktop/cilt kanseri/cilt-kanseri-teshisi-bitirme/data/raw/HAM10000_images_part_1/ISIC_0025813.jpg,0
/Users/suleymanmini/Desktop/cilt kanseri/cilt-kanseri-teshisi-bitirme/data/raw/HAM10000_images_part_2/ISIC_0029548.jpg,0
/Users/suleymanmini/Desktop/cilt kanseri/cilt-kanseri-teshisi-bitirme/data/raw/HAM10000_images_part_1/ISIC_0025724.jpg,1
/Users/suleymanmini/Desktop/cilt kanseri/cilt-kanseri-teshisi-bitirme/data/raw/HAM10000_images_part_1/ISIC_0026302.jpg,0
/Users/suleymanmini/Desktop/cilt kanseri/cilt-kanseri-teshisi-bitirme/data/raw/HAM10000_images_part_1/ISIC_0025881.jpg,0
/Users/suleymanmini/Desktop/cilt kanseri/cilt-kanseri-teshisi-bitirme/data/raw/HAM10000_images_part_2/ISIC_0032108.jpg,0
/Users/suleymanmini/Desktop/cilt kanseri/cilt-kanseri-teshisi-bitirme/data/raw/HAM10000_images_part_2/ISIC_0031950.jpg,0
/Users/suleymanmini/Desktop/cilt kanseri/cilt-kanseri-teshisi-bitirme/data/raw/HAM10000_images_part_2/ISIC_0030679.jpg,0
/Users/suleymanmini/Desktop/cilt kanseri/cilt-kanseri-teshisi-bitirme/data/raw/HAM10000_images_part_1/ISIC_0025420.jpg,0
/Users/suleymanmini/Desktop/cilt kanseri/cilt-kanseri-teshisi-bitirme/data/raw/HAM10000_images_part_2/ISIC_0030413.jpg,0
/Users/suleymanmini/Desktop/cilt kanseri/cilt-kanseri-teshisi-bitirme/data/raw/HAM10000_images_part_2/ISIC_0031464.jpg,0
/Users/suleymanmini/Desktop/cilt kanseri/cilt-kanseri-teshisi-bitirme/data/raw/HAM10000_images_part_1/ISIC_0027678.jpg,1
/Users/suleymanmini/Desktop/cilt kanseri/cilt-kanseri-teshisi-bitirme/data/raw/HAM10000_images_part_2/ISIC_0033635.jpg,0
/Users/suleymanmini/Desktop/cilt kanseri/cilt-kanseri-teshisi-bitirme/data/raw/HAM10000_images_part_1/ISIC_0027318.jpg,0
/Users/suleymanmini/Desktop/cilt kanseri/cilt-kanseri-teshisi-bitirme/data/raw/HAM10000_images_part_1/ISIC_0027496.jpg,0
/Users/suleymanmini/Desktop/cilt kanseri/cilt-kanseri-teshisi-bitirme/data/synthetic/generated_malign/synth_malign_00750.jpg,1
/Users/suleymanmini/Desktop/cilt kanseri/cilt-kanseri-teshisi-bitirme/data/raw/HAM10000_images_part_1/ISIC_0026802.jpg,1
/Users/suleymanmini/Desktop/cilt kanseri/cilt-kanseri-teshisi-bitirme/data/raw/HAM10000_images_part_2/ISIC_0033682.jpg,0
/Users/suleymanmini/Desktop/cilt kanseri/cilt-kanseri-teshisi-bitirme/data/raw/HAM10000_images_part_1/ISIC_0028277.jpg,0
/Users/suleymanmini/Desktop/cilt kanseri/cilt-kanseri-teshisi-bitirme/data/raw/HAM10000_images_part_1/ISIC_0024841.jpg,0
/Users/suleymanmini/Desktop/cilt kanseri/cilt-kanseri-teshisi-bitirme/data/raw/HAM10000_images_part_1/ISIC_0025589.jpg,1
/Users/suleymanmini/Desktop/cilt kanseri/cilt-kanseri-teshisi-bitirme/data/raw/HAM10000_images_part_2/ISIC_0032259.jpg,0
/Users/suleymanmini/Desktop/cilt kanseri/cilt-kanseri-teshisi-bitirme/data/synthetic/generated_malign/synth_malign_00561.jpg,1
/Users/suleymanmini/Desktop/cilt kanseri/cilt-kanseri-teshisi-bitirme/data/raw/HAM10000_images_part_1/ISIC_0026968.jpg,1
/Users/suleymanmini/Desktop/cilt kanseri/cilt-kanseri-teshisi-bitirme/data/raw/HAM10000_images_part_2/ISIC_0033886.jpg,1
/Users/suleymanmini/Desktop/cilt kanseri/cilt-kanseri-teshisi-bitirme/data/raw/HAM10000_images_part_2/ISIC_0033328.jpg,0
/Users/suleymanmini/Desktop/cilt kanseri/cilt-kanseri-teshisi-bitirme/data/raw/HAM10000_images_part_2/ISIC_0032159.jpg,0
/Users/suleymanmini/Desktop/cilt kanseri/cilt-kanseri-teshisi-bitirme/data/raw/HAM10000_images_part_2/ISIC_0030868.jpg,1
/Users/suleymanmini/Desktop/cilt kanseri/cilt-kanseri-teshisi-bitirme/data/raw/HAM10000_images_part_1/ISIC_0025744.jpg,1
/Users/suleymanmini/Desktop/cilt kanseri/cilt-kanseri-teshisi-bitirme/data/raw/HAM10000_images_part_2/ISIC_0031708.jpg,0
/Users/suleymanmini/Desktop/cilt kanseri/cilt-kanseri-teshisi-bitirme/data/raw/HAM10000_images_part_1/ISIC_0025537.jpg,0
/Users/suleymanmini/Desktop/cilt kanseri/cilt-kanseri-teshisi-bitirme/data/raw/HAM10000_images_part_2/ISIC_0030079.jpg,0
/Users/suleymanmini/Desktop/cilt kanseri/cilt-kanseri-teshisi-bitirme/data/raw/HAM10000_images_part_1/ISIC_0028500.jpg,0
/Users/suleymanmini/Desktop/cilt kanseri/cilt-kanseri-teshisi-bitirme/data/raw/HAM10000_images_part_2/ISIC_0031511.jpg,0
/Users/suleymanmini/Desktop/cilt kanseri/cilt-kanseri-teshisi-bitirme/data/raw/HAM10000_images_part_1/ISIC_0028883.jpg,0
/Users/suleymanmini/Desktop/cilt kanseri/cilt-kanseri-teshisi-bitirme/data/raw/HAM10000_images_part_1/ISIC_0025738.jpg,0
/Users/suleymanmini/Desktop/cilt kanseri/cilt-kanseri-teshisi-bitirme/data/raw/HAM10000_images_part_1/ISIC_0025896.jpg,0
/Users/suleymanmini/Desktop/cilt kanseri/cilt-kanseri-teshisi-bitirme/data/raw/HAM10000_images_part_2/ISIC_0031472.jpg,0
/Users/suleymanmini/Desktop/cilt kanseri/cilt-kanseri-teshisi-bitirme/data/raw/HAM10000_images_part_2/ISIC_0029897.jpg,0
/Users/suleymanmini/Desktop/cilt kanseri/cilt-kanseri-teshisi-bitirme/data/raw/HAM10000_images_part_2/ISIC_0033866.jpg,1
/Users/suleymanmini/Desktop/cilt kanseri/cilt-kanseri-teshisi-bitirme/data/synthetic/generated_malign/synth_malign_00852.jpg,1
/Users/suleymanmini/Desktop/cilt kanseri/cilt-kanseri-teshisi-bitirme/data/raw/HAM10000_images_part_1/ISIC_0028629.jpg,0
/Users/suleymanmini/Desktop/cilt kanseri/cilt-kanseri-teshisi-bitirme/data/raw/HAM10000_images_part_1/ISIC_0024846.jpg,0
/Users/suleymanmini/Desktop/cilt kanseri/cilt-kanseri-teshisi-bitirme/data/raw/HAM10000_images_part_2/ISIC_0029316.jpg,1
/Users/suleymanmini/Desktop/cilt kanseri/cilt-kanseri-teshisi-bitirme/data/synthetic/generated_malign/synth_malign_00592.jpg,1
/Users/suleymanmini/Desktop/cilt kanseri/cilt-kanseri-teshisi-bitirme/data/raw/HAM10000_images_part_2/ISIC_0033415.jpg,1
/Users/suleymanmini/Desktop/cilt kanseri/cilt-kanseri-teshisi-bitirme/data/raw/HAM10000_images_part_1/ISIC_0025377.jpg,0
/Users/suleymanmini/Desktop/cilt kanseri/cilt-kanseri-teshisi-bitirme/data/raw/HAM10000_images_part_2/ISIC_0032085.jpg,0
/Users/suleymanmini/Desktop/cilt kanseri/cilt-kanseri-teshisi-bitirme/data/synthetic/generated_malign/synth_malign_00890.jpg,1
/Users/suleymanmini/Desktop/cilt kanseri/cilt-kanseri-teshisi-bitirme/data/raw/HAM10000_images_part_1/ISIC_0025397.jpg,0
/Users/suleymanmini/Desktop/cilt kanseri/cilt-kanseri-teshisi-bitirme/data/raw/HAM10000_images_part_2/ISIC_0032824.jpg,0
/Users/suleymanmini/Desktop/cilt kanseri/cilt-kanseri-teshisi-bitirme/data/raw/HAM10000_images_part_2/ISIC_0029323.jpg,1
/Users/suleymanmini/Desktop/cilt kanseri/cilt-kanseri-teshisi-bitirme/data/raw/HAM10000_images_part_2/ISIC_0033167.jpg,0
/Users/suleymanmini/Desktop/cilt kanseri/cilt-kanseri-teshisi-bitirme/data/raw/HAM10000_images_part_1/ISIC_0024716.jpg,0
/Users/suleymanmini/Desktop/cilt kanseri/cilt-kanseri-teshisi-bitirme/data/raw/HAM10000_images_part_1/ISIC_0028667.jpg,0
/Users/suleymanmini/Desktop/cilt kanseri/cilt-kanseri-teshisi-bitirme/data/raw/HAM10000_images_part_2/ISIC_0030018.jpg,0
/Users/suleymanmini/Desktop/cilt kanseri/cilt-kanseri-teshisi-bitirme/data/raw/HAM10000_images_part_1/ISIC_0025129.jpg,0
/Users/suleymanmini/Desktop/cilt kanseri/cilt-kanseri-teshisi-bitirme/data/raw/HAM10000_images_part_1/ISIC_0027758.jpg,0
/Users/suleymanmini/Desktop/cilt kanseri/cilt-kanseri-teshisi-bitirme/data/raw/HAM10000_images_part_1/ISIC_0025708.jpg,1
/Users/suleymanmini/Desktop/cilt kanseri/cilt-kanseri-teshisi-bitirme/data/raw/HAM10000_images_part_1/ISIC_0028447.jpg,0
/Users/suleymanmini/Desktop/cilt kanseri/cilt-kanseri-teshisi-bitirme/data/raw/HAM10000_images_part_1/ISIC_0024686.jpg,0
/Users/suleymanmini/Desktop/cilt kanseri/cilt-kanseri-teshisi-bitirme/data/raw/HAM10000_images_part_2/ISIC_0033228.jpg,0
/Users/suleymanmini/Desktop/cilt kanseri/cilt-kanseri-teshisi-bitirme/data/synthetic/generated_malign/synth_malign_00477.jpg,1
/Users/suleymanmini/Desktop/cilt kanseri/cilt-kanseri-teshisi-bitirme/data/raw/HAM10000_images_part_1/ISIC_0025487.jpg,0
/Users/suleymanmini/Desktop/cilt kanseri/cilt-kanseri-teshisi-bitirme/data/raw/HAM10000_images_part_1/ISIC_0025197.jpg,0
/Users/suleymanmini/Desktop/cilt kanseri/cilt-kanseri-teshisi-bitirme/data/synthetic/generated_malign/synth_malign_00938.jpg,1
/Users/suleymanmini/Desktop/cilt kanseri/cilt-kanseri-teshisi-bitirme/data/raw/HAM10000_images_part_2/ISIC_0032545.jpg,0
/Users/suleymanmini/Desktop/cilt kanseri/cilt-kanseri-teshisi-bitirme/data/raw/HAM10000_images_part_1/ISIC_0029208.jpg,0
/Users/suleymanmini/Desktop/cilt kanseri/cilt-kanseri-teshisi-bitirme/data/raw/HAM10000_images_part_2/ISIC_0032588.jpg,0
/Users/suleymanmini/Desktop/cilt kanseri/cilt-kanseri-teshisi-bitirme/data/raw/HAM10000_images_part_2/ISIC_0033303.jpg,0
/Users/suleymanmini/Desktop/cilt kanseri/cilt-kanseri-teshisi-bitirme/data/raw/HAM10000_images_part_2/ISIC_0033867.jpg,0
/Users/suleymanmini/Desktop/cilt kanseri/cilt-kanseri-teshisi-bitirme/data/raw/HAM10000_images_part_1/ISIC_0025322.jpg,1
/Users/suleymanmini/Desktop/cilt kanseri/cilt-kanseri-teshisi-bitirme/data/raw/HAM10000_images_part_2/ISIC_0030699.jpg,0
/Users/suleymanmini/Desktop/cilt kanseri/cilt-kanseri-teshisi-bitirme/data/raw/HAM10000_images_part_2/ISIC_0029944.jpg,0
/Users/suleymanmini/Desktop/cilt kanseri/cilt-kanseri-teshisi-bitirme/data/raw/HAM10000_images_part_2/ISIC_0033991.jpg,0
/Users/suleymanmini/Desktop/cilt kanseri/cilt-kanseri-teshisi-bitirme/data/raw/HAM10000_images_part_2/ISIC_0033633.jpg,0
/Users/suleymanmini/Desktop/cilt kanseri/cilt-kanseri-teshisi-bitirme/data/raw/HAM10000_images_part_2/ISIC_0030143.jpg,1
/Users/suleymanmini/Desktop/cilt kanseri/cilt-kanseri-teshisi-bitirme/data/raw/HAM10000_images_part_2/ISIC_0032133.jpg,0
/Users/suleymanmini/Desktop/cilt kanseri/cilt-kanseri-teshisi-bitirme/data/raw/HAM10000_images_part_2/ISIC_0034018.jpg,0
/Users/suleymanmini/Desktop/cilt kanseri/cilt-kanseri-teshisi-bitirme/data/synthetic/generated_malign/synth_malign_00110.jpg,1
/Users/suleymanmini/Desktop/cilt kanseri/cilt-kanseri-teshisi-bitirme/data/synthetic/generated_malign/synth_malign_00542.jpg,1
/Users/suleymanmini/Desktop/cilt kanseri/cilt-kanseri-teshisi-bitirme/data/raw/HAM10000_images_part_2/ISIC_0032619.jpg,0
/Users/suleymanmini/Desktop/cilt kanseri/cilt-kanseri-teshisi-bitirme/data/raw/HAM10000_images_part_2/ISIC_0032812.jpg,1
/Users/suleymanmini/Desktop/cilt kanseri/cilt-kanseri-teshisi-bitirme/data/raw/HAM10000_images_part_1/ISIC_0025534.jpg,0
/Users/suleymanmini/Desktop/cilt kanseri/cilt-kanseri-teshisi-bitirme/data/raw/HAM10000_images_part_1/ISIC_0027860.jpg,0
/Users/suleymanmini/Desktop/cilt kanseri/cilt-kanseri-teshisi-bitirme/data/raw/HAM10000_images_part_2/ISIC_0033771.jpg,0
/Users/suleymanmini/Desktop/cilt kanseri/cilt-kanseri-teshisi-bitirme/data/raw/HAM10000_images_part_2/ISIC_0033380.jpg,0
/Users/suleymanmini/Desktop/cilt kanseri/cilt-kanseri-teshisi-bitirme/data/raw/HAM10000_images_part_2/ISIC_0029457.jpg,0
/Users/suleymanmini/Desktop/cilt kanseri/cilt-kanseri-teshisi-bitirme/data/raw/HAM10000_images_part_2/ISIC_0033344.jpg,1
/Users/suleymanmini/Desktop/cilt kanseri/cilt-kanseri-teshisi-bitirme/data/raw/HAM10000_images_part_2/ISIC_0034059.jpg,1
/Users/suleymanmini/Desktop/cilt kanseri/cilt-kanseri-teshisi-bitirme/data/raw/HAM10000_images_part_2/ISIC_0032722.jpg,1
/Users/suleymanmini/Desktop/cilt kanseri/cilt-kanseri-teshisi-bitirme/data/raw/HAM10000_images_part_2/ISIC_0030461.jpg,0
/Users/suleymanmini/Desktop/cilt kanseri/cilt-kanseri-teshisi-bitirme/data/synthetic/generated_malign/synth_malign_00489.jpg,1
/Users/suleymanmini/Desktop/cilt kanseri/cilt-kanseri-teshisi-bitirme/data/raw/HAM10000_images_part_2/ISIC_0032308.jpg,1
/Users/suleymanmini/Desktop/cilt kanseri/cilt-kanseri-teshisi-bitirme/data/raw/HAM10000_images_part_1/ISIC_0025760.jpg,0
/Users/suleymanmini/Desktop/cilt kanseri/cilt-kanseri-teshisi-bitirme/data/raw/HAM10000_images_part_2/ISIC_0033673.jpg,0
/Users/suleymanmini/Desktop/cilt kanseri/cilt-kanseri-teshisi-bitirme/data/raw/HAM10000_images_part_1/ISIC_0029002.jpg,1
/Users/suleymanmini/Desktop/cilt kanseri/cilt-kanseri-teshisi-bitirme/data/raw/HAM10000_images_part_2/ISIC_0031291.jpg,0
/Users/suleymanmini/Desktop/cilt kanseri/cilt-kanseri-teshisi-bitirme/data/raw/HAM10000_images_part_2/ISIC_0032020.jpg,0
/Users/suleymanmini/Desktop/cilt kanseri/cilt-kanseri-teshisi-bitirme/data/raw/HAM10000_images_part_1/ISIC_0026775.jpg,0
/Users/suleymanmini/Desktop/cilt kanseri/cilt-kanseri-teshisi-bitirme/data/raw/HAM10000_images_part_1/ISIC_0025283.jpg,0
/Users/suleymanmini/Desktop/cilt kanseri/cilt-kanseri-teshisi-bitirme/data/raw/HAM10000_images_part_1/ISIC_0025372.jpg,0
/Users/suleymanmini/Desktop/cilt kanseri/cilt-kanseri-teshisi-bitirme/data/raw/HAM10000_images_part_2/ISIC_0032067.jpg,0
/Users/suleymanmini/Desktop/cilt kanseri/cilt-kanseri-teshisi-bitirme/data/raw/HAM10000_images_part_1/ISIC_0027977.jpg,0
/Users/suleymanmini/Desktop/cilt kanseri/cilt-kanseri-teshisi-bitirme/data/raw/HAM10000_images_part_2/ISIC_0033954.jpg,0
/Users/suleymanmini/Desktop/cilt kanseri/cilt-kanseri-teshisi-bitirme/data/raw/HAM10000_images_part_1/ISIC_0029237.jpg,0
/Users/suleymanmini/Desktop/cilt kanseri/cilt-kanseri-teshisi-bitirme/data/synthetic/generated_malign/synth_malign_00780.jpg,1
/Users/suleymanmini/Desktop/cilt kanseri/cilt-kanseri-teshisi-bitirme/data/raw/HAM10000_images_part_2/ISIC_0031948.jpg,0
/Users/suleymanmini/Desktop/cilt kanseri/cilt-kanseri-teshisi-bitirme/data/raw/HAM10000_images_part_1/ISIC_0025492.jpg,0
/Users/suleymanmini/Desktop/cilt kanseri/cilt-kanseri-teshisi-bitirme/data/raw/HAM10000_images_part_1/ISIC_0027294.jpg,1
/Users/suleymanmini/Desktop/cilt kanseri/cilt-kanseri-teshisi-bitirme/data/raw/HAM10000_images_part_1/ISIC_0027388.jpg,0
/Users/suleymanmini/Desktop/cilt kanseri/cilt-kanseri-teshisi-bitirme/data/synthetic/generated_malign/synth_malign_00517.jpg,1
/Users/suleymanmini/Desktop/cilt kanseri/cilt-kanseri-teshisi-bitirme/data/raw/HAM10000_images_part_1/ISIC_0027616.jpg,1
/Users/suleymanmini/Desktop/cilt kanseri/cilt-kanseri-teshisi-bitirme/data/raw/HAM10000_images_part_2/ISIC_0031957.jpg,1
/Users/suleymanmini/Desktop/cilt kanseri/cilt-kanseri-teshisi-bitirme/data/raw/HAM10000_images_part_1/ISIC_0027204.jpg,1
/Users/suleymanmini/Desktop/cilt kanseri/cilt-kanseri-teshisi-bitirme/data/raw/HAM10000_images_part_1/ISIC_0025023.jpg,0
/Users/suleymanmini/Desktop/cilt kanseri/cilt-kanseri-teshisi-bitirme/data/raw/HAM10000_images_part_2/ISIC_0032920.jpg,0
/Users/suleymanmini/Desktop/cilt kanseri/cilt-kanseri-teshisi-bitirme/data/raw/HAM10000_images_part_1/ISIC_0028365.jpg,0
/Users/suleymanmini/Desktop/cilt kanseri/cilt-kanseri-teshisi-bitirme/data/raw/HAM10000_images_part_2/ISIC_0029958.jpg,1
/Users/suleymanmini/Desktop/cilt kanseri/cilt-kanseri-teshisi-bitirme/data/raw/HAM10000_images_part_2/ISIC_0032982.jpg,1
/Users/suleymanmini/Desktop/cilt kanseri/cilt-kanseri-teshisi-bitirme/data/raw/HAM10000_images_part_1/ISIC_0025577.jpg,1
/Users/suleymanmini/Desktop/cilt kanseri/cilt-kanseri-teshisi-bitirme/data/raw/HAM10000_images_part_2/ISIC_0030351.jpg,0
/Users/suleymanmini/Desktop/cilt kanseri/cilt-kanseri-teshisi-bitirme/data/raw/HAM10000_images_part_2/ISIC_0033400.jpg,0
/Users/suleymanmini/Desktop/cilt kanseri/cilt-kanseri-teshisi-bitirme/data/raw/HAM10000_images_part_1/ISIC_0029055.jpg,0
/Users/suleymanmini/Desktop/cilt kanseri/cilt-kanseri-teshisi-bitirme/data/raw/HAM10000_images_part_2/ISIC_0029960.jpg,0
/Users/suleymanmini/Desktop/cilt kanseri/cilt-kanseri-teshisi-bitirme/data/raw/HAM10000_images_part_1/ISIC_0025649.jpg,0
/Users/suleymanmini/Desktop/cilt kanseri/cilt-kanseri-teshisi-bitirme/data/raw/HAM10000_images_part_1/ISIC_0028372.jpg,1
/Users/suleymanmini/Desktop/cilt kanseri/cilt-kanseri-teshisi-bitirme/data/raw/HAM10000_images_part_2/ISIC_0031426.jpg,0
/Users/suleymanmini/Desktop/cilt kanseri/cilt-kanseri-teshisi-bitirme/data/raw/HAM10000_images_part_2/ISIC_0032643.jpg,0
/Users/suleymanmini/Desktop/cilt kanseri/cilt-kanseri-teshisi-bitirme/data/raw/HAM10000_images_part_1/ISIC_0024326.jpg,0
/Users/suleymanmini/Desktop/cilt kanseri/cilt-kanseri-teshisi-bitirme/data/raw/HAM10000_images_part_1/ISIC_0026421.jpg,0
/Users/suleymanmini/Desktop/cilt kanseri/cilt-kanseri-teshisi-bitirme/data/raw/HAM10000_images_part_2/ISIC_0033118.jpg,0
/Users/suleymanmini/Desktop/cilt kanseri/cilt-kanseri-teshisi-bitirme/data/synthetic/generated_malign/synth_malign_00734.jpg,1
/Users/suleymanmini/Desktop/cilt kanseri/cilt-kanseri-teshisi-bitirme/data/raw/HAM10000_images_part_2/ISIC_0032874.jpg,0
/Users/suleymanmini/Desktop/cilt kanseri/cilt-kanseri-teshisi-bitirme/data/raw/HAM10000_images_part_1/ISIC_0026874.jpg,0
/Users/suleymanmini/Desktop/cilt kanseri/cilt-kanseri-teshisi-bitirme/data/raw/HAM10000_images_part_1/ISIC_0024729.jpg,1
/Users/suleymanmini/Desktop/cilt kanseri/cilt-kanseri-teshisi-bitirme/data/raw/HAM10000_images_part_1/ISIC_0024349.jpg,0
/Users/suleymanmini/Desktop/cilt kanseri/cilt-kanseri-teshisi-bitirme/data/raw/HAM10000_images_part_1/ISIC_0028768.jpg,0
/Users/suleymanmini/Desktop/cilt kanseri/cilt-kanseri-teshisi-bitirme/data/raw/HAM10000_images_part_2/ISIC_0031923.jpg,0
/Users/suleymanmini/Desktop/cilt kanseri/cilt-kanseri-teshisi-bitirme/data/raw/HAM10000_images_part_1/ISIC_0024983.jpg,0
/Users/suleymanmini/Desktop/cilt kanseri/cilt-kanseri-teshisi-bitirme/data/raw/HAM10000_images_part_2/ISIC_0030660.jpg,0
/Users/suleymanmini/Desktop/cilt kanseri/cilt-kanseri-teshisi-bitirme/data/raw/HAM10000_images_part_1/ISIC_0025098.jpg,0
/Users/suleymanmini/Desktop/cilt kanseri/cilt-kanseri-teshisi-bitirme/data/synthetic/generated_malign/synth_malign_00760.jpg,1
/Users/suleymanmini/Desktop/cilt kanseri/cilt-kanseri-teshisi-bitirme/data/raw/HAM10000_images_part_2/ISIC_0029527.jpg,0
/Users/suleymanmini/Desktop/cilt kanseri/cilt-kanseri-teshisi-bitirme/data/raw/HAM10000_images_part_2/ISIC_0029405.jpg,0
/Users/suleymanmini/Desktop/cilt kanseri/cilt-kanseri-teshisi-bitirme/data/raw/HAM10000_images_part_1/ISIC_0028396.jpg,0
/Users/suleymanmini/Desktop/cilt kanseri/cilt-kanseri-teshisi-bitirme/data/raw/HAM10000_images_part_1/ISIC_0024545.jpg,1
/Users/suleymanmini/Desktop/cilt kanseri/cilt-kanseri-teshisi-bitirme/data/raw/HAM10000_images_part_1/ISIC_0025082.jpg,0
/Users/suleymanmini/Desktop/cilt kanseri/cilt-kanseri-teshisi-bitirme/data/raw/HAM10000_images_part_1/ISIC_0027848.jpg,0
/Users/suleymanmini/Desktop/cilt kanseri/cilt-kanseri-teshisi-bitirme/data/raw/HAM10000_images_part_2/ISIC_0032555.jpg,0
/Users/suleymanmini/Desktop/cilt kanseri/cilt-kanseri-teshisi-bitirme/data/raw/HAM10000_images_part_1/ISIC_0028791.jpg,0
/Users/suleymanmini/Desktop/cilt kanseri/cilt-kanseri-teshisi-bitirme/data/raw/HAM10000_images_part_2/ISIC_0029879.jpg,0
/Users/suleymanmini/Desktop/cilt kanseri/cilt-kanseri-teshisi-bitirme/data/raw/HAM10000_images_part_1/ISIC_0025979.jpg,0
/Users/suleymanmini/Desktop/cilt kanseri/cilt-kanseri-teshisi-bitirme/data/raw/HAM10000_images_part_1/ISIC_0028467.jpg,1
/Users/suleymanmini/Desktop/cilt kanseri/cilt-kanseri-teshisi-bitirme/data/synthetic/generated_malign/synth_malign_00100.jpg,1
/Users/suleymanmini/Desktop/cilt kanseri/cilt-kanseri-teshisi-bitirme/data/raw/HAM10000_images_part_1/ISIC_0028575.jpg,0
/Users/suleymanmini/Desktop/cilt kanseri/cilt-kanseri-teshisi-bitirme/data/raw/HAM10000_images_part_1/ISIC_0027737.jpg,0
/Users/suleymanmini/Desktop/cilt kanseri/cilt-kanseri-teshisi-bitirme/data/raw/HAM10000_images_part_2/ISIC_0031237.jpg,0
/Users/suleymanmini/Desktop/cilt kanseri/cilt-kanseri-teshisi-bitirme/data/raw/HAM10000_images_part_1/ISIC_0026188.jpg,1
/Users/suleymanmini/Desktop/cilt kanseri/cilt-kanseri-teshisi-bitirme/data/raw/HAM10000_images_part_2/ISIC_0032065.jpg,0
/Users/suleymanmini/Desktop/cilt kanseri/cilt-kanseri-teshisi-bitirme/data/raw/HAM10000_images_part_1/ISIC_0025609.jpg,0
/Users/suleymanmini/Desktop/cilt kanseri/cilt-kanseri-teshisi-bitirme/data/synthetic/generated_malign/synth_malign_00630.jpg,1
/Users/suleymanmini/Desktop/cilt kanseri/cilt-kanseri-teshisi-bitirme/data/raw/HAM10000_images_part_2/ISIC_0029665.jpg,0
/Users/suleymanmini/Desktop/cilt kanseri/cilt-kanseri-teshisi-bitirme/data/raw/HAM10000_images_part_2/ISIC_0032780.jpg,0
/Users/suleymanmini/Desktop/cilt kanseri/cilt-kanseri-teshisi-bitirme/data/raw/HAM10000_images_part_1/ISIC_0026593.jpg,1
/Users/suleymanmini/Desktop/cilt kanseri/cilt-kanseri-teshisi-bitirme/data/raw/HAM10000_images_part_2/ISIC_0031651.jpg,1
/Users/suleymanmini/Desktop/cilt kanseri/cilt-kanseri-teshisi-bitirme/data/raw/HAM10000_images_part_2/ISIC_0029330.jpg,0
/Users/suleymanmini/Desktop/cilt kanseri/cilt-kanseri-teshisi-bitirme/data/raw/HAM10000_images_part_1/ISIC_0027049.jpg,0
/Users/suleymanmini/Desktop/cilt kanseri/cilt-kanseri-teshisi-bitirme/data/raw/HAM10000_images_part_1/ISIC_0028949.jpg,0
/Users/suleymanmini/Desktop/cilt kanseri/cilt-kanseri-teshisi-bitirme/data/raw/HAM10000_images_part_2/ISIC_0033924.jpg,0
/Users/suleymanmini/Desktop/cilt kanseri/cilt-kanseri-teshisi-bitirme/data/raw/HAM10000_images_part_2/ISIC_0033889.jpg,0
/Users/suleymanmini/Desktop/cilt kanseri/cilt-kanseri-teshisi-bitirme/data/raw/HAM10000_images_part_2/ISIC_0031200.jpg,0
/Users/suleymanmini/Desktop/cilt kanseri/cilt-kanseri-teshisi-bitirme/data/raw/HAM10000_images_part_1/ISIC_0028260.jpg,0
/Users/suleymanmini/Desktop/cilt kanseri/cilt-kanseri-teshisi-bitirme/data/raw/HAM10000_images_part_2/ISIC_0031906.jpg,0
/Users/suleymanmini/Desktop/cilt kanseri/cilt-kanseri-teshisi-bitirme/data/synthetic/generated_malign/synth_malign_00924.jpg,1
/Users/suleymanmini/Desktop/cilt kanseri/cilt-kanseri-teshisi-bitirme/data/raw/HAM10000_images_part_2/ISIC_0029704.jpg,0
/Users/suleymanmini/Desktop/cilt kanseri/cilt-kanseri-teshisi-bitirme/data/raw/HAM10000_images_part_1/ISIC_0024970.jpg,0
/Users/suleymanmini/Desktop/cilt kanseri/cilt-kanseri-teshisi-bitirme/data/raw/HAM10000_images_part_2/ISIC_0030628.jpg,0
/Users/suleymanmini/Desktop/cilt kanseri/cilt-kanseri-teshisi-bitirme/data/raw/HAM10000_images_part_1/ISIC_0027408.jpg,0
/Users/suleymanmini/Desktop/cilt kanseri/cilt-kanseri-teshisi-bitirme/data/raw/HAM10000_images_part_1/ISIC_0028967.jpg,0
/Users/suleymanmini/Desktop/cilt kanseri/cilt-kanseri-teshisi-bitirme/data/raw/HAM10000_images_part_2/ISIC_0032911.jpg,0
/Users/suleymanmini/Desktop/cilt kanseri/cilt-kanseri-teshisi-bitirme/data/raw/HAM10000_images_part_1/ISIC_0027056.jpg,0
/Users/suleymanmini/Desktop/cilt kanseri/cilt-kanseri-teshisi-bitirme/data/raw/HAM10000_images_part_1/ISIC_0027400.jpg,0
/Users/suleymanmini/Desktop/cilt kanseri/cilt-kanseri-teshisi-bitirme/data/synthetic/generated_malign/synth_malign_00143.jpg,1
/Users/suleymanmini/Desktop/cilt kanseri/cilt-kanseri-teshisi-bitirme/data/raw/HAM10000_images_part_2/ISIC_0030814.jpg,0
/Users/suleymanmini/Desktop/cilt kanseri/cilt-kanseri-teshisi-bitirme/data/raw/HAM10000_images_part_1/ISIC_0027938.jpg,0
/Users/suleymanmini/Desktop/cilt kanseri/cilt-kanseri-teshisi-bitirme/data/raw/HAM10000_images_part_2/ISIC_0034218.jpg,1
/Users/suleymanmini/Desktop/cilt kanseri/cilt-kanseri-teshisi-bitirme/data/raw/HAM10000_images_part_1/ISIC_0028738.jpg,0
/Users/suleymanmini/Desktop/cilt kanseri/cilt-kanseri-teshisi-bitirme/data/raw/HAM10000_images_part_1/ISIC_0028867.jpg,0
/Users/suleymanmini/Desktop/cilt kanseri/cilt-kanseri-teshisi-bitirme/data/raw/HAM10000_images_part_1/ISIC_0028002.jpg,0
/Users/suleymanmini/Desktop/cilt kanseri/cilt-kanseri-teshisi-bitirme/data/raw/HAM10000_images_part_1/ISIC_0027247.jpg,0
/Users/suleymanmini/Desktop/cilt kanseri/cilt-kanseri-teshisi-bitirme/data/raw/HAM10000_images_part_1/ISIC_0025361.jpg,0
/Users/suleymanmini/Desktop/cilt kanseri/cilt-kanseri-teshisi-bitirme/data/raw/HAM10000_images_part_2/ISIC_0031694.jpg,0
/Users/suleymanmini/Desktop/cilt kanseri/cilt-kanseri-teshisi-bitirme/data/raw/HAM10000_images_part_1/ISIC_0025824.jpg,1
/Users/suleymanmini/Desktop/cilt kanseri/cilt-kanseri-teshisi-bitirme/data/synthetic/generated_malign/synth_malign_00494.jpg,1
/Users/suleymanmini/Desktop/cilt kanseri/cilt-kanseri-teshisi-bitirme/data/raw/HAM10000_images_part_2/ISIC_0032596.jpg,1
/Users/suleymanmini/Desktop/cilt kanseri/cilt-kanseri-teshisi-bitirme/data/raw/HAM10000_images_part_1/ISIC_0026110.jpg,0
/Users/suleymanmini/Desktop/cilt kanseri/cilt-kanseri-teshisi-bitirme/data/synthetic/generated_malign/synth_malign_00454.jpg,1
/Users/suleymanmini/Desktop/cilt kanseri/cilt-kanseri-teshisi-bitirme/data/raw/HAM10000_images_part_1/ISIC_0025339.jpg,0
/Users/suleymanmini/Desktop/cilt kanseri/cilt-kanseri-teshisi-bitirme/data/raw/HAM10000_images_part_2/ISIC_0032717.jpg,0
/Users/suleymanmini/Desktop/cilt kanseri/cilt-kanseri-teshisi-bitirme/data/raw/HAM10000_images_part_1/ISIC_0028933.jpg,0
/Users/suleymanmini/Desktop/cilt kanseri/cilt-kanseri-teshisi-bitirme/data/raw/HAM10000_images_part_2/ISIC_0029349.jpg,0
/Users/suleymanmini/Desktop/cilt kanseri/cilt-kanseri-teshisi-bitirme/data/raw/HAM10000_images_part_1/ISIC_0025511.jpg,0
/Users/suleymanmini/Desktop/cilt kanseri/cilt-kanseri-teshisi-bitirme/data/raw/HAM10000_images_part_1/ISIC_0026907.jpg,0
/Users/suleymanmini/Desktop/cilt kanseri/cilt-kanseri-teshisi-bitirme/data/raw/HAM10000_images_part_1/ISIC_0028081.jpg,0
/Users/suleymanmini/Desktop/cilt kanseri/cilt-kanseri-teshisi-bitirme/data/raw/HAM10000_images_part_1/ISIC_0024910.jpg,0
/Users/suleymanmini/Desktop/cilt kanseri/cilt-kanseri-teshisi-bitirme/data/synthetic/generated_malign/synth_malign_00783.jpg,1
/Users/suleymanmini/Desktop/cilt kanseri/cilt-kanseri-teshisi-bitirme/data/raw/HAM10000_images_part_1/ISIC_0026428.jpg,0
/Users/suleymanmini/Desktop/cilt kanseri/cilt-kanseri-teshisi-bitirme/data/raw/HAM10000_images_part_1/ISIC_0028391.jpg,0
/Users/suleymanmini/Desktop/cilt kanseri/cilt-kanseri-teshisi-bitirme/data/synthetic/generated_malign/synth_malign_00706.jpg,1
/Users/suleymanmini/Desktop/cilt kanseri/cilt-kanseri-teshisi-bitirme/data/raw/HAM10000_images_part_2/ISIC_0031704.jpg,0
/Users/suleymanmini/Desktop/cilt kanseri/cilt-kanseri-teshisi-bitirme/data/raw/HAM10000_images_part_1/ISIC_0028225.jpg,1
/Users/suleymanmini/Desktop/cilt kanseri/cilt-kanseri-teshisi-bitirme/data/raw/HAM10000_images_part_1/ISIC_0028732.jpg,0
/Users/suleymanmini/Desktop/cilt kanseri/cilt-kanseri-teshisi-bitirme/data/raw/HAM10000_images_part_2/ISIC_0029407.jpg,0
/Users/suleymanmini/Desktop/cilt kanseri/cilt-kanseri-teshisi-bitirme/data/raw/HAM10000_images_part_1/ISIC_0024394.jpg,0
/Users/suleymanmini/Desktop/cilt kanseri/cilt-kanseri-teshisi-bitirme/data/raw/HAM10000_images_part_1/ISIC_0024749.jpg,0
/Users/suleymanmini/Desktop/cilt kanseri/cilt-kanseri-teshisi-bitirme/data/raw/HAM10000_images_part_1/ISIC_0025703.jpg,0
/Users/suleymanmini/Desktop/cilt kanseri/cilt-kanseri-teshisi-bitirme/data/raw/HAM10000_images_part_2/ISIC_0032515.jpg,0
/Users/suleymanmini/Desktop/cilt kanseri/cilt-kanseri-teshisi-bitirme/data/raw/HAM10000_images_part_1/ISIC_0028487.jpg,0
/Users/suleymanmini/Desktop/cilt kanseri/cilt-kanseri-teshisi-bitirme/data/raw/HAM10000_images_part_2/ISIC_0029915.jpg,1
/Users/suleymanmini/Desktop/cilt kanseri/cilt-kanseri-teshisi-bitirme/data/raw/HAM10000_images_part_1/ISIC_0024667.jpg,0
/Users/suleymanmini/Desktop/cilt kanseri/cilt-kanseri-teshisi-bitirme/data/raw/HAM10000_images_part_1/ISIC_0026821.jpg,0
/Users/suleymanmini/Desktop/cilt kanseri/cilt-kanseri-teshisi-bitirme/data/raw/HAM10000_images_part_1/ISIC_0028403.jpg,0
/Users/suleymanmini/Desktop/cilt kanseri/cilt-kanseri-teshisi-bitirme/data/raw/HAM10000_images_part_1/ISIC_0029304.jpg,0
/Users/suleymanmini/Desktop/cilt kanseri/cilt-kanseri-teshisi-bitirme/data/raw/HAM10000_images_part_2/ISIC_0030632.jpg,0
/Users/suleymanmini/Desktop/cilt kanseri/cilt-kanseri-teshisi-bitirme/data/raw/HAM10000_images_part_2/ISIC_0033028.jpg,0
/Users/suleymanmini/Desktop/cilt kanseri/cilt-kanseri-teshisi-bitirme/data/raw/HAM10000_images_part_1/ISIC_0025811.jpg,1
/Users/suleymanmini/Desktop/cilt kanseri/cilt-kanseri-teshisi-bitirme/data/raw/HAM10000_images_part_1/ISIC_0027051.jpg,0
/Users/suleymanmini/Desktop/cilt kanseri/cilt-kanseri-teshisi-bitirme/data/raw/HAM10000_images_part_1/ISIC_0027783.jpg,0
/Users/suleymanmini/Desktop/cilt kanseri/cilt-kanseri-teshisi-bitirme/data/raw/HAM10000_images_part_1/ISIC_0024942.jpg,0
/Users/suleymanmini/Desktop/cilt kanseri/cilt-kanseri-teshisi-bitirme/data/raw/HAM10000_images_part_2/ISIC_0031831.jpg,0
/Users/suleymanmini/Desktop/cilt kanseri/cilt-kanseri-teshisi-bitirme/data/raw/HAM10000_images_part_2/ISIC_0031986.jpg,1
/Users/suleymanmini/Desktop/cilt kanseri/cilt-kanseri-teshisi-bitirme/data/raw/HAM10000_images_part_2/ISIC_0034027.jpg,0
/Users/suleymanmini/Desktop/cilt kanseri/cilt-kanseri-teshisi-bitirme/data/synthetic/generated_malign/synth_malign_00315.jpg,1
/Users/suleymanmini/Desktop/cilt kanseri/cilt-kanseri-teshisi-bitirme/data/raw/HAM10000_images_part_1/ISIC_0026514.jpg,0
/Users/suleymanmini/Desktop/cilt kanseri/cilt-kanseri-teshisi-bitirme/data/raw/HAM10000_images_part_2/ISIC_0031593.jpg,0
/Users/suleymanmini/Desktop/cilt kanseri/cilt-kanseri-teshisi-bitirme/data/raw/HAM10000_images_part_2/ISIC_0033190.jpg,0
/Users/suleymanmini/Desktop/cilt kanseri/cilt-kanseri-teshisi-bitirme/data/raw/HAM10000_images_part_1/ISIC_0027686.jpg,0
/Users/suleymanmini/Desktop/cilt kanseri/cilt-kanseri-teshisi-bitirme/data/raw/HAM10000_images_part_1/ISIC_0024327.jpg,0
/Users/suleymanmini/Desktop/cilt kanseri/cilt-kanseri-teshisi-bitirme/data/raw/HAM10000_images_part_1/ISIC_0028842.jpg,0
/Users/suleymanmini/Desktop/cilt kanseri/cilt-kanseri-teshisi-bitirme/data/raw/HAM10000_images_part_2/ISIC_0034055.jpg,0
/Users/suleymanmini/Desktop/cilt kanseri/cilt-kanseri-teshisi-bitirme/data/raw/HAM10000_images_part_1/ISIC_0027764.jpg,0
/Users/suleymanmini/Desktop/cilt kanseri/cilt-kanseri-teshisi-bitirme/data/raw/HAM10000_images_part_1/ISIC_0028750.jpg,0
/Users/suleymanmini/Desktop/cilt kanseri/cilt-kanseri-teshisi-bitirme/data/synthetic/generated_malign/synth_malign_00589.jpg,1
/Users/suleymanmini/Desktop/cilt kanseri/cilt-kanseri-teshisi-bitirme/data/raw/HAM10000_images_part_1/ISIC_0027915.jpg,1
/Users/suleymanmini/Desktop/cilt kanseri/cilt-kanseri-teshisi-bitirme/data/raw/HAM10000_images_part_2/ISIC_0031521.jpg,0
/Users/suleymanmini/Desktop/cilt kanseri/cilt-kanseri-teshisi-bitirme/data/raw/HAM10000_images_part_1/ISIC_0025415.jpg,0
/Users/suleymanmini/Desktop/cilt kanseri/cilt-kanseri-teshisi-bitirme/data/raw/HAM10000_images_part_1/ISIC_0028031.jpg,0
/Users/suleymanmini/Desktop/cilt kanseri/cilt-kanseri-teshisi-bitirme/data/raw/HAM10000_images_part_1/ISIC_0026065.jpg,0
/Users/suleymanmini/Desktop/cilt kanseri/cilt-kanseri-teshisi-bitirme/data/synthetic/generated_malign/synth_malign_00515.jpg,1
/Users/suleymanmini/Desktop/cilt kanseri/cilt-kanseri-teshisi-bitirme/data/raw/HAM10000_images_part_1/ISIC_0029206.jpg,0
/Users/suleymanmini/Desktop/cilt kanseri/cilt-kanseri-teshisi-bitirme/data/raw/HAM10000_images_part_1/ISIC_0026946.jpg,0
/Users/suleymanmini/Desktop/cilt kanseri/cilt-kanseri-teshisi-bitirme/data/raw/HAM10000_images_part_2/ISIC_0034141.jpg,1
/Users/suleymanmini/Desktop/cilt kanseri/cilt-kanseri-teshisi-bitirme/data/raw/HAM10000_images_part_1/ISIC_0025201.jpg,0
/Users/suleymanmini/Desktop/cilt kanseri/cilt-kanseri-teshisi-bitirme/data/synthetic/generated_malign/synth_malign_00754.jpg,1
/Users/suleymanmini/Desktop/cilt kanseri/cilt-kanseri-teshisi-bitirme/data/raw/HAM10000_images_part_1/ISIC_0028091.jpg,0
/Users/suleymanmini/Desktop/cilt kanseri/cilt-kanseri-teshisi-bitirme/data/synthetic/generated_malign/synth_malign_00678.jpg,1
/Users/suleymanmini/Desktop/cilt kanseri/cilt-kanseri-teshisi-bitirme/data/raw/HAM10000_images_part_1/ISIC_0029259.jpg,0
/Users/suleymanmini/Desktop/cilt kanseri/cilt-kanseri-teshisi-bitirme/data/raw/HAM10000_images_part_2/ISIC_0032119.jpg,0
/Users/suleymanmini/Desktop/cilt kanseri/cilt-kanseri-teshisi-bitirme/data/raw/HAM10000_images_part_1/ISIC_0028341.jpg,0
/Users/suleymanmini/Desktop/cilt kanseri/cilt-kanseri-teshisi-bitirme/data/raw/HAM10000_images_part_2/ISIC_0031509.jpg,0
/Users/suleymanmini/Desktop/cilt kanseri/cilt-kanseri-teshisi-bitirme/data/raw/HAM10000_images_part_2/ISIC_0032148.jpg,0
/Users/suleymanmini/Desktop/cilt kanseri/cilt-kanseri-teshisi-bitirme/data/raw/HAM10000_images_part_1/ISIC_0026148.jpg,0
/Users/suleymanmini/Desktop/cilt kanseri/cilt-kanseri-teshisi-bitirme/data/raw/HAM10000_images_part_2/ISIC_0032094.jpg,0
/Users/suleymanmini/Desktop/cilt kanseri/cilt-kanseri-teshisi-bitirme/data/raw/HAM10000_images_part_1/ISIC_0028499.jpg,1
/Users/suleymanmini/Desktop/cilt kanseri/cilt-kanseri-teshisi-bitirme/data/synthetic/generated_malign/synth_malign_00967.jpg,1
/Users/suleymanmini/Desktop/cilt kanseri/cilt-kanseri-teshisi-bitirme/data/raw/HAM10000_images_part_1/ISIC_0028663.jpg,0
/Users/suleymanmini/Desktop/cilt kanseri/cilt-kanseri-teshisi-bitirme/data/raw/HAM10000_images_part_2/ISIC_0031668.jpg,0
/Users/suleymanmini/Desktop/cilt kanseri/cilt-kanseri-teshisi-bitirme/data/raw/HAM10000_images_part_2/ISIC_0030215.jpg,0
/Users/suleymanmini/Desktop/cilt kanseri/cilt-kanseri-teshisi-bitirme/data/raw/HAM10000_images_part_2/ISIC_0029586.jpg,0
/Users/suleymanmini/Desktop/cilt kanseri/cilt-kanseri-teshisi-bitirme/data/raw/HAM10000_images_part_1/ISIC_0028327.jpg,0
/Users/suleymanmini/Desktop/cilt kanseri/cilt-kanseri-teshisi-bitirme/data/raw/HAM10000_images_part_2/ISIC_0033845.jpg,0
/Users/suleymanmini/Desktop/cilt kanseri/cilt-kanseri-teshisi-bitirme/data/raw/HAM10000_images_part_2/ISIC_0032970.jpg,1
/Users/suleymanmini/Desktop/cilt kanseri/cilt-kanseri-teshisi-bitirme/data/raw/HAM10000_images_part_1/ISIC_0025113.jpg,0
/Users/suleymanmini/Desktop/cilt kanseri/cilt-kanseri-teshisi-bitirme/data/raw/HAM10000_images_part_1/ISIC_0027112.jpg,0
/Users/suleymanmini/Desktop/cilt kanseri/cilt-kanseri-teshisi-bitirme/data/raw/HAM10000_images_part_2/ISIC_0032582.jpg,0
/Users/suleymanmini/Desktop/cilt kanseri/cilt-kanseri-teshisi-bitirme/data/synthetic/generated_malign/synth_malign_00946.jpg,1
/Users/suleymanmini/Desktop/cilt kanseri/cilt-kanseri-teshisi-bitirme/data/raw/HAM10000_images_part_2/ISIC_0032583.jpg,1
/Users/suleymanmini/Desktop/cilt kanseri/cilt-kanseri-teshisi-bitirme/data/raw/HAM10000_images_part_2/ISIC_0030590.jpg,0
/Users/suleymanmini/Desktop/cilt kanseri/cilt-kanseri-teshisi-bitirme/data/raw/HAM10000_images_part_2/ISIC_0031709.jpg,1
/Users/suleymanmini/Desktop/cilt kanseri/cilt-kanseri-teshisi-bitirme/data/raw/HAM10000_images_part_2/ISIC_0031666.jpg,1
/Users/suleymanmini/Desktop/cilt kanseri/cilt-kanseri-teshisi-bitirme/data/raw/HAM10000_images_part_1/ISIC_0029201.jpg,1
/Users/suleymanmini/Desktop/cilt kanseri/cilt-kanseri-teshisi-bitirme/data/raw/HAM10000_images_part_1/ISIC_0027300.jpg,1
/Users/suleymanmini/Desktop/cilt kanseri/cilt-kanseri-teshisi-bitirme/data/raw/HAM10000_images_part_1/ISIC_0026291.jpg,0
/Users/suleymanmini/Desktop/cilt kanseri/cilt-kanseri-teshisi-bitirme/data/raw/HAM10000_images_part_2/ISIC_0031346.jpg,0
/Users/suleymanmini/Desktop/cilt kanseri/cilt-kanseri-teshisi-bitirme/data/raw/HAM10000_images_part_2/ISIC_0029562.jpg,1
/Users/suleymanmini/Desktop/cilt kanseri/cilt-kanseri-teshisi-bitirme/data/raw/HAM10000_images_part_1/ISIC_0024694.jpg,0
/Users/suleymanmini/Desktop/cilt kanseri/cilt-kanseri-teshisi-bitirme/data/raw/HAM10000_images_part_1/ISIC_0025761.jpg,0
/Users/suleymanmini/Desktop/cilt kanseri/cilt-kanseri-teshisi-bitirme/data/raw/HAM10000_images_part_1/ISIC_0028706.jpg,0
/Users/suleymanmini/Desktop/cilt kanseri/cilt-kanseri-teshisi-bitirme/data/raw/HAM10000_images_part_2/ISIC_0033857.jpg,0
/Users/suleymanmini/Desktop/cilt kanseri/cilt-kanseri-teshisi-bitirme/data/raw/HAM10000_images_part_1/ISIC_0026822.jpg,0
/Users/suleymanmini/Desktop/cilt kanseri/cilt-kanseri-teshisi-bitirme/data/raw/HAM10000_images_part_1/ISIC_0025536.jpg,0
/Users/suleymanmini/Desktop/cilt kanseri/cilt-kanseri-teshisi-bitirme/data/raw/HAM10000_images_part_2/ISIC_0033723.jpg,0
/Users/suleymanmini/Desktop/cilt kanseri/cilt-kanseri-teshisi-bitirme/data/synthetic/generated_malign/synth_malign_00806.jpg,1
/Users/suleymanmini/Desktop/cilt kanseri/cilt-kanseri-teshisi-bitirme/data/raw/HAM10000_images_part_1/ISIC_0024670.jpg,0
/Users/suleymanmini/Desktop/cilt kanseri/cilt-kanseri-teshisi-bitirme/data/raw/HAM10000_images_part_2/ISIC_0034248.jpg,0
/Users/suleymanmini/Desktop/cilt kanseri/cilt-kanseri-teshisi-bitirme/data/raw/HAM10000_images_part_2/ISIC_0032138.jpg,0
/Users/suleymanmini/Desktop/cilt kanseri/cilt-kanseri-teshisi-bitirme/data/raw/HAM10000_images_part_2/ISIC_0032282.jpg,0
/Users/suleymanmini/Desktop/cilt kanseri/cilt-kanseri-teshisi-bitirme/data/raw/HAM10000_images_part_1/ISIC_0024766.jpg,0
/Users/suleymanmini/Desktop/cilt kanseri/cilt-kanseri-teshisi-bitirme/data/raw/HAM10000_images_part_2/ISIC_0031496.jpg,0
/Users/suleymanmini/Desktop/cilt kanseri/cilt-kanseri-teshisi-bitirme/data/raw/HAM10000_images_part_1/ISIC_0024482.jpg,1
/Users/suleymanmini/Desktop/cilt kanseri/cilt-kanseri-teshisi-bitirme/data/raw/HAM10000_images_part_2/ISIC_0034124.jpg,0
/Users/suleymanmini/Desktop/cilt kanseri/cilt-kanseri-teshisi-bitirme/data/raw/HAM10000_images_part_1/ISIC_0028694.jpg,0
/Users/suleymanmini/Desktop/cilt kanseri/cilt-kanseri-teshisi-bitirme/data/raw/HAM10000_images_part_2/ISIC_0031821.jpg,1
/Users/suleymanmini/Desktop/cilt kanseri/cilt-kanseri-teshisi-bitirme/data/raw/HAM10000_images_part_1/ISIC_0028356.jpg,0
/Users/suleymanmini/Desktop/cilt kanseri/cilt-kanseri-teshisi-bitirme/data/raw/HAM10000_images_part_2/ISIC_0033266.jpg,0
/Users/suleymanmini/Desktop/cilt kanseri/cilt-kanseri-teshisi-bitirme/data/raw/HAM10000_images_part_1/ISIC_0025287.jpg,0
/Users/suleymanmini/Desktop/cilt kanseri/cilt-kanseri-teshisi-bitirme/data/raw/HAM10000_images_part_2/ISIC_0030370.jpg,0
/Users/suleymanmini/Desktop/cilt kanseri/cilt-kanseri-teshisi-bitirme/data/raw/HAM10000_images_part_1/ISIC_0026457.jpg,1
/Users/suleymanmini/Desktop/cilt kanseri/cilt-kanseri-teshisi-bitirme/data/raw/HAM10000_images_part_2/ISIC_0029927.jpg,0
/Users/suleymanmini/Desktop/cilt kanseri/cilt-kanseri-teshisi-bitirme/data/raw/HAM10000_images_part_2/ISIC_0031683.jpg,0
/Users/suleymanmini/Desktop/cilt kanseri/cilt-kanseri-teshisi-bitirme/data/raw/HAM10000_images_part_1/ISIC_0027080.jpg,0
/Users/suleymanmini/Desktop/cilt kanseri/cilt-kanseri-teshisi-bitirme/data/raw/HAM10000_images_part_2/ISIC_0030997.jpg,0
/Users/suleymanmini/Desktop/cilt kanseri/cilt-kanseri-teshisi-bitirme/data/raw/HAM10000_images_part_1/ISIC_0024621.jpg,0
/Users/suleymanmini/Desktop/cilt kanseri/cilt-kanseri-teshisi-bitirme/data/raw/HAM10000_images_part_1/ISIC_0025452.jpg,0
/Users/suleymanmini/Desktop/cilt kanseri/cilt-kanseri-teshisi-bitirme/data/raw/HAM10000_images_part_1/ISIC_0025330.jpg,0
/Users/suleymanmini/Desktop/cilt kanseri/cilt-kanseri-teshisi-bitirme/data/raw/HAM10000_images_part_2/ISIC_0030082.jpg,0
/Users/suleymanmini/Desktop/cilt kanseri/cilt-kanseri-teshisi-bitirme/data/raw/HAM10000_images_part_1/ISIC_0024588.jpg,0
/Users/suleymanmini/Desktop/cilt kanseri/cilt-kanseri-teshisi-bitirme/data/raw/HAM10000_images_part_1/ISIC_0028309.jpg,0
/Users/suleymanmini/Desktop/cilt kanseri/cilt-kanseri-teshisi-bitirme/data/raw/HAM10000_images_part_1/ISIC_0025664.jpg,0
/Users/suleymanmini/Desktop/cilt kanseri/cilt-kanseri-teshisi-bitirme/data/raw/HAM10000_images_part_2/ISIC_0029435.jpg,0
/Users/suleymanmini/Desktop/cilt kanseri/cilt-kanseri-teshisi-bitirme/data/raw/HAM10000_images_part_2/ISIC_0030296.jpg,0
/Users/suleymanmini/Desktop/cilt kanseri/cilt-kanseri-teshisi-bitirme/data/raw/HAM10000_images_part_2/ISIC_0029399.jpg,0
/Users/suleymanmini/Desktop/cilt kanseri/cilt-kanseri-teshisi-bitirme/data/raw/HAM10000_images_part_2/ISIC_0032324.jpg,0
/Users/suleymanmini/Desktop/cilt kanseri/cilt-kanseri-teshisi-bitirme/data/raw/HAM10000_images_part_2/ISIC_0029313.jpg,0
/Users/suleymanmini/Desktop/cilt kanseri/cilt-kanseri-teshisi-bitirme/data/raw/HAM10000_images_part_2/ISIC_0033217.jpg,1
/Users/suleymanmini/Desktop/cilt kanseri/cilt-kanseri-teshisi-bitirme/data/raw/HAM10000_images_part_1/ISIC_0025056.jpg,0
/Users/suleymanmini/Desktop/cilt kanseri/cilt-kanseri-teshisi-bitirme/data/raw/HAM10000_images_part_2/ISIC_0033264.jpg,0
/Users/suleymanmini/Desktop/cilt kanseri/cilt-kanseri-teshisi-bitirme/data/raw/HAM10000_images_part_1/ISIC_0025036.jpg,0
/Users/suleymanmini/Desktop/cilt kanseri/cilt-kanseri-teshisi-bitirme/data/raw/HAM10000_images_part_2/ISIC_0030387.jpg,1
/Users/suleymanmini/Desktop/cilt kanseri/cilt-kanseri-teshisi-bitirme/data/raw/HAM10000_images_part_1/ISIC_0025865.jpg,0
/Users/suleymanmini/Desktop/cilt kanseri/cilt-kanseri-teshisi-bitirme/data/raw/HAM10000_images_part_2/ISIC_0031969.jpg,0
/Users/suleymanmini/Desktop/cilt kanseri/cilt-kanseri-teshisi-bitirme/data/raw/HAM10000_images_part_2/ISIC_0029333.jpg,0
/Users/suleymanmini/Desktop/cilt kanseri/cilt-kanseri-teshisi-bitirme/data/raw/HAM10000_images_part_2/ISIC_0030765.jpg,0
/Users/suleymanmini/Desktop/cilt kanseri/cilt-kanseri-teshisi-bitirme/data/raw/HAM10000_images_part_2/ISIC_0032339.jpg,0
/Users/suleymanmini/Desktop/cilt kanseri/cilt-kanseri-teshisi-bitirme/data/raw/HAM10000_images_part_2/ISIC_0030720.jpg,0
/Users/suleymanmini/Desktop/cilt kanseri/cilt-kanseri-teshisi-bitirme/data/raw/HAM10000_images_part_1/ISIC_0029009.jpg,0
/Users/suleymanmini/Desktop/cilt kanseri/cilt-kanseri-teshisi-bitirme/data/raw/HAM10000_images_part_1/ISIC_0028784.jpg,0
/Users/suleymanmini/Desktop/cilt kanseri/cilt-kanseri-teshisi-bitirme/data/synthetic/generated_malign/synth_malign_00281.jpg,1
/Users/suleymanmini/Desktop/cilt kanseri/cilt-kanseri-teshisi-bitirme/data/synthetic/generated_malign/synth_malign_00805.jpg,1
/Users/suleymanmini/Desktop/cilt kanseri/cilt-kanseri-teshisi-bitirme/data/raw/HAM10000_images_part_1/ISIC_0029029.jpg,0
/Users/suleymanmini/Desktop/cilt kanseri/cilt-kanseri-teshisi-bitirme/data/raw/HAM10000_images_part_1/ISIC_0029156.jpg,0
/Users/suleymanmini/Desktop/cilt kanseri/cilt-kanseri-teshisi-bitirme/data/raw/HAM10000_images_part_2/ISIC_0032688.jpg,0
/Users/suleymanmini/Desktop/cilt kanseri/cilt-kanseri-teshisi-bitirme/data/raw/HAM10000_images_part_1/ISIC_0024858.jpg,0
/Users/suleymanmini/Desktop/cilt kanseri/cilt-kanseri-teshisi-bitirme/data/raw/HAM10000_images_part_1/ISIC_0025830.jpg,0
/Users/suleymanmini/Desktop/cilt kanseri/cilt-kanseri-teshisi-bitirme/data/raw/HAM10000_images_part_2/ISIC_0033887.jpg,0
/Users/suleymanmini/Desktop/cilt kanseri/cilt-kanseri-teshisi-bitirme/data/raw/HAM10000_images_part_2/ISIC_0032459.jpg,0
/Users/suleymanmini/Desktop/cilt kanseri/cilt-kanseri-teshisi-bitirme/data/raw/HAM10000_images_part_1/ISIC_0027009.jpg,0
/Users/suleymanmini/Desktop/cilt kanseri/cilt-kanseri-teshisi-bitirme/data/synthetic/generated_malign/synth_malign_00671.jpg,1
/Users/suleymanmini/Desktop/cilt kanseri/cilt-kanseri-teshisi-bitirme/data/raw/HAM10000_images_part_1/ISIC_0024309.jpg,0
/Users/suleymanmini/Desktop/cilt kanseri/cilt-kanseri-teshisi-bitirme/data/raw/HAM10000_images_part_2/ISIC_0029835.jpg,0
/Users/suleymanmini/Desktop/cilt kanseri/cilt-kanseri-teshisi-bitirme/data/raw/HAM10000_images_part_2/ISIC_0030874.jpg,0
/Users/suleymanmini/Desktop/cilt kanseri/cilt-kanseri-teshisi-bitirme/data/raw/HAM10000_images_part_1/ISIC_0025506.jpg,0
/Users/suleymanmini/Desktop/cilt kanseri/cilt-kanseri-teshisi-bitirme/data/raw/HAM10000_images_part_1/ISIC_0026703.jpg,0
/Users/suleymanmini/Desktop/cilt kanseri/cilt-kanseri-teshisi-bitirme/data/raw/HAM10000_images_part_2/ISIC_0030084.jpg,0
/Users/suleymanmini/Desktop/cilt kanseri/cilt-kanseri-teshisi-bitirme/data/raw/HAM10000_images_part_1/ISIC_0025471.jpg,1
/Users/suleymanmini/Desktop/cilt kanseri/cilt-kanseri-teshisi-bitirme/data/synthetic/generated_malign/synth_malign_00353.jpg,1
/Users/suleymanmini/Desktop/cilt kanseri/cilt-kanseri-teshisi-bitirme/data/raw/HAM10000_images_part_1/ISIC_0027830.jpg,0
/Users/suleymanmini/Desktop/cilt kanseri/cilt-kanseri-teshisi-bitirme/data/synthetic/generated_malign/synth_malign_00608.jpg,1
/Users/suleymanmini/Desktop/cilt kanseri/cilt-kanseri-teshisi-bitirme/data/raw/HAM10000_images_part_2/ISIC_0033186.jpg,1
/Users/suleymanmini/Desktop/cilt kanseri/cilt-kanseri-teshisi-bitirme/data/raw/HAM10000_images_part_2/ISIC_0032695.jpg,1
/Users/suleymanmini/Desktop/cilt kanseri/cilt-kanseri-teshisi-bitirme/data/synthetic/generated_malign/synth_malign_00971.jpg,1
/Users/suleymanmini/Desktop/cilt kanseri/cilt-kanseri-teshisi-bitirme/data/raw/HAM10000_images_part_2/ISIC_0033517.jpg,0
/Users/suleymanmini/Desktop/cilt kanseri/cilt-kanseri-teshisi-bitirme/data/raw/HAM10000_images_part_1/ISIC_0027705.jpg,0
/Users/suleymanmini/Desktop/cilt kanseri/cilt-kanseri-teshisi-bitirme/data/raw/HAM10000_images_part_1/ISIC_0025554.jpg,0
/Users/suleymanmini/Desktop/cilt kanseri/cilt-kanseri-teshisi-bitirme/data/raw/HAM10000_images_part_1/ISIC_0025980.jpg,0
/Users/suleymanmini/Desktop/cilt kanseri/cilt-kanseri-teshisi-bitirme/data/raw/HAM10000_images_part_1/ISIC_0026492.jpg,1
/Users/suleymanmini/Desktop/cilt kanseri/cilt-kanseri-teshisi-bitirme/data/raw/HAM10000_images_part_2/ISIC_0029917.jpg,1
/Users/suleymanmini/Desktop/cilt kanseri/cilt-kanseri-teshisi-bitirme/data/raw/HAM10000_images_part_2/ISIC_0030010.jpg,1
/Users/suleymanmini/Desktop/cilt kanseri/cilt-kanseri-teshisi-bitirme/data/raw/HAM10000_images_part_2/ISIC_0033077.jpg,0
/Users/suleymanmini/Desktop/cilt kanseri/cilt-kanseri-teshisi-bitirme/data/synthetic/generated_malign/synth_malign_00447.jpg,1
/Users/suleymanmini/Desktop/cilt kanseri/cilt-kanseri-teshisi-bitirme/data/raw/HAM10000_images_part_2/ISIC_0032930.jpg,0
/Users/suleymanmini/Desktop/cilt kanseri/cilt-kanseri-teshisi-bitirme/data/raw/HAM10000_images_part_1/ISIC_0025391.jpg,1
/Users/suleymanmini/Desktop/cilt kanseri/cilt-kanseri-teshisi-bitirme/data/raw/HAM10000_images_part_2/ISIC_0029540.jpg,0
/Users/suleymanmini/Desktop/cilt kanseri/cilt-kanseri-teshisi-bitirme/data/synthetic/generated_malign/synth_malign_00969.jpg,1
/Users/suleymanmini/Desktop/cilt kanseri/cilt-kanseri-teshisi-bitirme/data/raw/HAM10000_images_part_1/ISIC_0025140.jpg,0
/Users/suleymanmini/Desktop/cilt kanseri/cilt-kanseri-teshisi-bitirme/data/raw/HAM10000_images_part_1/ISIC_0025973.jpg,0
/Users/suleymanmini/Desktop/cilt kanseri/cilt-kanseri-teshisi-bitirme/data/raw/HAM10000_images_part_2/ISIC_0030595.jpg,0
/Users/suleymanmini/Desktop/cilt kanseri/cilt-kanseri-teshisi-bitirme/data/raw/HAM10000_images_part_1/ISIC_0029167.jpg,0
/Users/suleymanmini/Desktop/cilt kanseri/cilt-kanseri-teshisi-bitirme/data/raw/HAM10000_images_part_2/ISIC_0032149.jpg,1
/Users/suleymanmini/Desktop/cilt kanseri/cilt-kanseri-teshisi-bitirme/data/raw/HAM10000_images_part_2/ISIC_0029802.jpg,0
/Users/suleymanmini/Desktop/cilt kanseri/cilt-kanseri-teshisi-bitirme/data/raw/HAM10000_images_part_1/ISIC_0028889.jpg,0
/Users/suleymanmini/Desktop/cilt kanseri/cilt-kanseri-teshisi-bitirme/data/raw/HAM10000_images_part_2/ISIC_0032378.jpg,0
/Users/suleymanmini/Desktop/cilt kanseri/cilt-kanseri-teshisi-bitirme/data/raw/HAM10000_images_part_1/ISIC_0027676.jpg,0
/Users/suleymanmini/Desktop/cilt kanseri/cilt-kanseri-teshisi-bitirme/data/synthetic/generated_malign/synth_malign_00360.jpg,1
/Users/suleymanmini/Desktop/cilt kanseri/cilt-kanseri-teshisi-bitirme/data/raw/HAM10000_images_part_2/ISIC_0031010.jpg,0
/Users/suleymanmini/Desktop/cilt kanseri/cilt-kanseri-teshisi-bitirme/data/raw/HAM10000_images_part_1/ISIC_0027209.jpg,0
/Users/suleymanmini/Desktop/cilt kanseri/cilt-kanseri-teshisi-bitirme/data/raw/HAM10000_images_part_1/ISIC_0026561.jpg,0
/Users/suleymanmini/Desktop/cilt kanseri/cilt-kanseri-teshisi-bitirme/data/raw/HAM10000_images_part_2/ISIC_0029337.jpg,1
/Users/suleymanmini/Desktop/cilt kanseri/cilt-kanseri-teshisi-bitirme/data/raw/HAM10000_images_part_1/ISIC_0028880.jpg,0
/Users/suleymanmini/Desktop/cilt kanseri/cilt-kanseri-teshisi-bitirme/data/raw/HAM10000_images_part_2/ISIC_0029864.jpg,0
/Users/suleymanmini/Desktop/cilt kanseri/cilt-kanseri-teshisi-bitirme/data/synthetic/generated_malign/synth_malign_00130.jpg,1
/Users/suleymanmini/Desktop/cilt kanseri/cilt-kanseri-teshisi-bitirme/data/raw/HAM10000_images_part_2/ISIC_0029967.jpg,0
/Users/suleymanmini/Desktop/cilt kanseri/cilt-kanseri-teshisi-bitirme/data/raw/HAM10000_images_part_2/ISIC_0030471.jpg,0
/Users/suleymanmini/Desktop/cilt kanseri/cilt-kanseri-teshisi-bitirme/data/raw/HAM10000_images_part_2/ISIC_0033093.jpg,0
/Users/suleymanmini/Desktop/cilt kanseri/cilt-kanseri-teshisi-bitirme/data/raw/HAM10000_images_part_1/ISIC_0026586.jpg,1
/Users/suleymanmini/Desktop/cilt kanseri/cilt-kanseri-teshisi-bitirme/data/raw/HAM10000_images_part_2/ISIC_0031236.jpg,1
/Users/suleymanmini/Desktop/cilt kanseri/cilt-kanseri-teshisi-bitirme/data/raw/HAM10000_images_part_1/ISIC_0025404.jpg,0
/Users/suleymanmini/Desktop/cilt kanseri/cilt-kanseri-teshisi-bitirme/data/raw/HAM10000_images_part_1/ISIC_0024849.jpg,0
/Users/suleymanmini/Desktop/cilt kanseri/cilt-kanseri-teshisi-bitirme/data/raw/HAM10000_images_part_1/ISIC_0024468.jpg,1
/Users/suleymanmini/Desktop/cilt kanseri/cilt-kanseri-teshisi-bitirme/data/synthetic/generated_malign/synth_malign_00421.jpg,1
/Users/suleymanmini/Desktop/cilt kanseri/cilt-kanseri-teshisi-bitirme/data/raw/HAM10000_images_part_2/ISIC_0031275.jpg,0
/Users/suleymanmini/Desktop/cilt kanseri/cilt-kanseri-teshisi-bitirme/data/raw/HAM10000_images_part_2/ISIC_0032209.jpg,0
/Users/suleymanmini/Desktop/cilt kanseri/cilt-kanseri-teshisi-bitirme/data/raw/HAM10000_images_part_1/ISIC_0026597.jpg,0
/Users/suleymanmini/Desktop/cilt kanseri/cilt-kanseri-teshisi-bitirme/data/raw/HAM10000_images_part_1/ISIC_0028583.jpg,1
/Users/suleymanmini/Desktop/cilt kanseri/cilt-kanseri-teshisi-bitirme/data/raw/HAM10000_images_part_1/ISIC_0024774.jpg,0
/Users/suleymanmini/Desktop/cilt kanseri/cilt-kanseri-teshisi-bitirme/data/raw/HAM10000_images_part_2/ISIC_0031560.jpg,0
/Users/suleymanmini/Desktop/cilt kanseri/cilt-kanseri-teshisi-bitirme/data/raw/HAM10000_images_part_1/ISIC_0028100.jpg,0
/Users/suleymanmini/Desktop/cilt kanseri/cilt-kanseri-teshisi-bitirme/data/raw/HAM10000_images_part_1/ISIC_0026873.jpg,0
/Users/suleymanmini/Desktop/cilt kanseri/cilt-kanseri-teshisi-bitirme/data/raw/HAM10000_images_part_1/ISIC_0026279.jpg,0
/Users/suleymanmini/Desktop/cilt kanseri/cilt-kanseri-teshisi-bitirme/data/raw/HAM10000_images_part_2/ISIC_0032589.jpg,0
/Users/suleymanmini/Desktop/cilt kanseri/cilt-kanseri-teshisi-bitirme/data/raw/HAM10000_images_part_2/ISIC_0033947.jpg,1
/Users/suleymanmini/Desktop/cilt kanseri/cilt-kanseri-teshisi-bitirme/data/raw/HAM10000_images_part_2/ISIC_0029596.jpg,0
/Users/suleymanmini/Desktop/cilt kanseri/cilt-kanseri-teshisi-bitirme/data/raw/HAM10000_images_part_1/ISIC_0026297.jpg,0
/Users/suleymanmini/Desktop/cilt kanseri/cilt-kanseri-teshisi-bitirme/data/raw/HAM10000_images_part_1/ISIC_0025103.jpg,0
/Users/suleymanmini/Desktop/cilt kanseri/cilt-kanseri-teshisi-bitirme/data/raw/HAM10000_images_part_1/ISIC_0025486.jpg,0
/Users/suleymanmini/Desktop/cilt kanseri/cilt-kanseri-teshisi-bitirme/data/synthetic/generated_malign/synth_malign_00567.jpg,1
/Users/suleymanmini/Desktop/cilt kanseri/cilt-kanseri-teshisi-bitirme/data/raw/HAM10000_images_part_2/ISIC_0033794.jpg,0
/Users/suleymanmini/Desktop/cilt kanseri/cilt-kanseri-teshisi-bitirme/data/synthetic/generated_malign/synth_malign_00016.jpg,1
/Users/suleymanmini/Desktop/cilt kanseri/cilt-kanseri-teshisi-bitirme/data/raw/HAM10000_images_part_2/ISIC_0033296.jpg,0
/Users/suleymanmini/Desktop/cilt kanseri/cilt-kanseri-teshisi-bitirme/data/raw/HAM10000_images_part_1/ISIC_0027703.jpg,0
/Users/suleymanmini/Desktop/cilt kanseri/cilt-kanseri-teshisi-bitirme/data/raw/HAM10000_images_part_2/ISIC_0030911.jpg,0
/Users/suleymanmini/Desktop/cilt kanseri/cilt-kanseri-teshisi-bitirme/data/raw/HAM10000_images_part_2/ISIC_0033902.jpg,1
/Users/suleymanmini/Desktop/cilt kanseri/cilt-kanseri-teshisi-bitirme/data/raw/HAM10000_images_part_1/ISIC_0027375.jpg,0
/Users/suleymanmini/Desktop/cilt kanseri/cilt-kanseri-teshisi-bitirme/data/raw/HAM10000_images_part_2/ISIC_0033826.jpg,0
/Users/suleymanmini/Desktop/cilt kanseri/cilt-kanseri-teshisi-bitirme/data/raw/HAM10000_images_part_2/ISIC_0030513.jpg,0
/Users/suleymanmini/Desktop/cilt kanseri/cilt-kanseri-teshisi-bitirme/data/raw/HAM10000_images_part_1/ISIC_0026731.jpg,0
/Users/suleymanmini/Desktop/cilt kanseri/cilt-kanseri-teshisi-bitirme/data/raw/HAM10000_images_part_2/ISIC_0031908.jpg,1
/Users/suleymanmini/Desktop/cilt kanseri/cilt-kanseri-teshisi-bitirme/data/synthetic/generated_malign/synth_malign_00715.jpg,1
/Users/suleymanmini/Desktop/cilt kanseri/cilt-kanseri-teshisi-bitirme/data/raw/HAM10000_images_part_2/ISIC_0032787.jpg,0
/Users/suleymanmini/Desktop/cilt kanseri/cilt-kanseri-teshisi-bitirme/data/raw/HAM10000_images_part_2/ISIC_0033460.jpg,0
/Users/suleymanmini/Desktop/cilt kanseri/cilt-kanseri-teshisi-bitirme/data/raw/HAM10000_images_part_1/ISIC_0025885.jpg,0
/Users/suleymanmini/Desktop/cilt kanseri/cilt-kanseri-teshisi-bitirme/data/synthetic/generated_malign/synth_malign_00801.jpg,1
/Users/suleymanmini/Desktop/cilt kanseri/cilt-kanseri-teshisi-bitirme/data/raw/HAM10000_images_part_2/ISIC_0034153.jpg,0
/Users/suleymanmini/Desktop/cilt kanseri/cilt-kanseri-teshisi-bitirme/data/raw/HAM10000_images_part_1/ISIC_0028900.jpg,1
/Users/suleymanmini/Desktop/cilt kanseri/cilt-kanseri-teshisi-bitirme/data/raw/HAM10000_images_part_2/ISIC_0031287.jpg,0
/Users/suleymanmini/Desktop/cilt kanseri/cilt-kanseri-teshisi-bitirme/data/raw/HAM10000_images_part_1/ISIC_0024807.jpg,0
/Users/suleymanmini/Desktop/cilt kanseri/cilt-kanseri-teshisi-bitirme/data/raw/HAM10000_images_part_2/ISIC_0029534.jpg,0
/Users/suleymanmini/Desktop/cilt kanseri/cilt-kanseri-teshisi-bitirme/data/raw/HAM10000_images_part_1/ISIC_0024533.jpg,0
/Users/suleymanmini/Desktop/cilt kanseri/cilt-kanseri-teshisi-bitirme/data/raw/HAM10000_images_part_1/ISIC_0028415.jpg,1
/Users/suleymanmini/Desktop/cilt kanseri/cilt-kanseri-teshisi-bitirme/data/raw/HAM10000_images_part_1/ISIC_0028887.jpg,0
/Users/suleymanmini/Desktop/cilt kanseri/cilt-kanseri-teshisi-bitirme/data/raw/HAM10000_images_part_2/ISIC_0033586.jpg,1
/Users/suleymanmini/Desktop/cilt kanseri/cilt-kanseri-teshisi-bitirme/data/raw/HAM10000_images_part_1/ISIC_0025286.jpg,0
/Users/suleymanmini/Desktop/cilt kanseri/cilt-kanseri-teshisi-bitirme/data/raw/HAM10000_images_part_2/ISIC_0031909.jpg,0
/Users/suleymanmini/Desktop/cilt kanseri/cilt-kanseri-teshisi-bitirme/data/raw/HAM10000_images_part_2/ISIC_0031219.jpg,0
/Users/suleymanmini/Desktop/cilt kanseri/cilt-kanseri-teshisi-bitirme/data/raw/HAM10000_images_part_1/ISIC_0024861.jpg,0
/Users/suleymanmini/Desktop/cilt kanseri/cilt-kanseri-teshisi-bitirme/data/raw/HAM10000_images_part_2/ISIC_0033434.jpg,0
/Users/suleymanmini/Desktop/cilt kanseri/cilt-kanseri-teshisi-bitirme/data/raw/HAM10000_images_part_2/ISIC_0032739.jpg,0
/Users/suleymanmini/Desktop/cilt kanseri/cilt-kanseri-teshisi-bitirme/data/raw/HAM10000_images_part_1/ISIC_0026074.jpg,1
/Users/suleymanmini/Desktop/cilt kanseri/cilt-kanseri-teshisi-bitirme/data/raw/HAM10000_images_part_2/ISIC_0033196.jpg,1
/Users/suleymanmini/Desktop/cilt kanseri/cilt-kanseri-teshisi-bitirme/data/synthetic/generated_malign/synth_malign_00408.jpg,1
/Users/suleymanmini/Desktop/cilt kanseri/cilt-kanseri-teshisi-bitirme/data/raw/HAM10000_images_part_1/ISIC_0027631.jpg,1
/Users/suleymanmini/Desktop/cilt kanseri/cilt-kanseri-teshisi-bitirme/data/raw/HAM10000_images_part_2/ISIC_0030303.jpg,0
/Users/suleymanmini/Desktop/cilt kanseri/cilt-kanseri-teshisi-bitirme/data/raw/HAM10000_images_part_1/ISIC_0028212.jpg,0
/Users/suleymanmini/Desktop/cilt kanseri/cilt-kanseri-teshisi-bitirme/data/raw/HAM10000_images_part_1/ISIC_0025621.jpg,0
/Users/suleymanmini/Desktop/cilt kanseri/cilt-kanseri-teshisi-bitirme/data/raw/HAM10000_images_part_2/ISIC_0031183.jpg,0
/Users/suleymanmini/Desktop/cilt kanseri/cilt-kanseri-teshisi-bitirme/data/raw/HAM10000_images_part_2/ISIC_0033200.jpg,0
/Users/suleymanmini/Desktop/cilt kanseri/cilt-kanseri-teshisi-bitirme/data/raw/HAM10000_images_part_1/ISIC_0027446.jpg,0
/Users/suleymanmini/Desktop/cilt kanseri/cilt-kanseri-teshisi-bitirme/data/raw/HAM10000_images_part_1/ISIC_0025682.jpg,0
/Users/suleymanmini/Desktop/cilt kanseri/cilt-kanseri-teshisi-bitirme/data/synthetic/generated_malign/synth_malign_00458.jpg,1
/Users/suleymanmini/Desktop/cilt kanseri/cilt-kanseri-teshisi-bitirme/data/raw/HAM10000_images_part_1/ISIC_0027842.jpg,0
/Users/suleymanmini/Desktop/cilt kanseri/cilt-kanseri-teshisi-bitirme/data/raw/HAM10000_images_part_1/ISIC_0026390.jpg,0
/Users/suleymanmini/Desktop/cilt kanseri/cilt-kanseri-teshisi-bitirme/data/raw/HAM10000_images_part_1/ISIC_0029269.jpg,0
/Users/suleymanmini/Desktop/cilt kanseri/cilt-kanseri-teshisi-bitirme/data/raw/HAM10000_images_part_2/ISIC_0032593.jpg,0
/Users/suleymanmini/Desktop/cilt kanseri/cilt-kanseri-teshisi-bitirme/data/raw/HAM10000_images_part_1/ISIC_0029097.jpg,0
/Users/suleymanmini/Desktop/cilt kanseri/cilt-kanseri-teshisi-bitirme/data/raw/HAM10000_images_part_2/ISIC_0030006.jpg,0
/Users/suleymanmini/Desktop/cilt kanseri/cilt-kanseri-teshisi-bitirme/data/raw/HAM10000_images_part_2/ISIC_0031089.jpg,0
/Users/suleymanmini/Desktop/cilt kanseri/cilt-kanseri-teshisi-bitirme/data/raw/HAM10000_images_part_2/ISIC_0031839.jpg,0
/Users/suleymanmini/Desktop/cilt kanseri/cilt-kanseri-teshisi-bitirme/data/raw/HAM10000_images_part_2/ISIC_0030604.jpg,1
/Users/suleymanmini/Desktop/cilt kanseri/cilt-kanseri-teshisi-bitirme/data/raw/HAM10000_images_part_2/ISIC_0029707.jpg,0
/Users/suleymanmini/Desktop/cilt kanseri/cilt-kanseri-teshisi-bitirme/data/raw/HAM10000_images_part_1/ISIC_0028329.jpg,1
/Users/suleymanmini/Desktop/cilt kanseri/cilt-kanseri-teshisi-bitirme/data/raw/HAM10000_images_part_2/ISIC_0033557.jpg,0
/Users/suleymanmini/Desktop/cilt kanseri/cilt-kanseri-teshisi-bitirme/data/raw/HAM10000_images_part_1/ISIC_0027626.jpg,0
/Users/suleymanmini/Desktop/cilt kanseri/cilt-kanseri-teshisi-bitirme/data/raw/HAM10000_images_part_1/ISIC_0027456.jpg,0
/Users/suleymanmini/Desktop/cilt kanseri/cilt-kanseri-teshisi-bitirme/data/raw/HAM10000_images_part_1/ISIC_0028433.jpg,0
/Users/suleymanmini/Desktop/cilt kanseri/cilt-kanseri-teshisi-bitirme/data/raw/HAM10000_images_part_1/ISIC_0027917.jpg,0
/Users/suleymanmini/Desktop/cilt kanseri/cilt-kanseri-teshisi-bitirme/data/raw/HAM10000_images_part_1/ISIC_0026079.jpg,0
/Users/suleymanmini/Desktop/cilt kanseri/cilt-kanseri-teshisi-bitirme/data/raw/HAM10000_images_part_1/ISIC_0027612.jpg,0
/Users/suleymanmini/Desktop/cilt kanseri/cilt-kanseri-teshisi-bitirme/data/raw/HAM10000_images_part_1/ISIC_0027540.jpg,0
/Users/suleymanmini/Desktop/cilt kanseri/cilt-kanseri-teshisi-bitirme/data/raw/HAM10000_images_part_2/ISIC_0031900.jpg,1
/Users/suleymanmini/Desktop/cilt kanseri/cilt-kanseri-teshisi-bitirme/data/raw/HAM10000_images_part_1/ISIC_0027687.jpg,0
/Users/suleymanmini/Desktop/cilt kanseri/cilt-kanseri-teshisi-bitirme/data/raw/HAM10000_images_part_1/ISIC_0026890.jpg,0
/Users/suleymanmini/Desktop/cilt kanseri/cilt-kanseri-teshisi-bitirme/data/raw/HAM10000_images_part_2/ISIC_0032733.jpg,1
/Users/suleymanmini/Desktop/cilt kanseri/cilt-kanseri-teshisi-bitirme/data/raw/HAM10000_images_part_1/ISIC_0029238.jpg,1
/Users/suleymanmini/Desktop/cilt kanseri/cilt-kanseri-teshisi-bitirme/data/raw/HAM10000_images_part_1/ISIC_0029228.jpg,0
/Users/suleymanmini/Desktop/cilt kanseri/cilt-kanseri-teshisi-bitirme/data/raw/HAM10000_images_part_2/ISIC_0029965.jpg,0
/Users/suleymanmini/Desktop/cilt kanseri/cilt-kanseri-teshisi-bitirme/data/raw/HAM10000_images_part_1/ISIC_0026867.jpg,0
/Users/suleymanmini/Desktop/cilt kanseri/cilt-kanseri-teshisi-bitirme/data/raw/HAM10000_images_part_1/ISIC_0028426.jpg,0
/Users/suleymanmini/Desktop/cilt kanseri/cilt-kanseri-teshisi-bitirme/data/raw/HAM10000_images_part_1/ISIC_0029293.jpg,0
/Users/suleymanmini/Desktop/cilt kanseri/cilt-kanseri-teshisi-bitirme/data/raw/HAM10000_images_part_2/ISIC_0030651.jpg,0
/Users/suleymanmini/Desktop/cilt kanseri/cilt-kanseri-teshisi-bitirme/data/raw/HAM10000_images_part_1/ISIC_0027588.jpg,1
/Users/suleymanmini/Desktop/cilt kanseri/cilt-kanseri-teshisi-bitirme/data/raw/HAM10000_images_part_1/ISIC_0029249.jpg,0
/Users/suleymanmini/Desktop/cilt kanseri/cilt-kanseri-teshisi-bitirme/data/raw/HAM10000_images_part_2/ISIC_0033242.jpg,0
/Users/suleymanmini/Desktop/cilt kanseri/cilt-kanseri-teshisi-bitirme/data/raw/HAM10000_images_part_2/ISIC_0033011.jpg,0
/Users/suleymanmini/Desktop/cilt kanseri/cilt-kanseri-teshisi-bitirme/data/raw/HAM10000_images_part_1/ISIC_0028588.jpg,0
/Users/suleymanmini/Desktop/cilt kanseri/cilt-kanseri-teshisi-bitirme/data/raw/HAM10000_images_part_1/ISIC_0027304.jpg,0
/Users/suleymanmini/Desktop/cilt kanseri/cilt-kanseri-teshisi-bitirme/data/raw/HAM10000_images_part_2/ISIC_0033194.jpg,0
/Users/suleymanmini/Desktop/cilt kanseri/cilt-kanseri-teshisi-bitirme/data/raw/HAM10000_images_part_1/ISIC_0028154.jpg,0
/Users/suleymanmini/Desktop/cilt kanseri/cilt-kanseri-teshisi-bitirme/data/raw/HAM10000_images_part_2/ISIC_0029749.jpg,0
/Users/suleymanmini/Desktop/cilt kanseri/cilt-kanseri-teshisi-bitirme/data/raw/HAM10000_images_part_1/ISIC_0029142.jpg,0
/Users/suleymanmini/Desktop/cilt kanseri/cilt-kanseri-teshisi-bitirme/data/synthetic/generated_malign/synth_malign_00111.jpg,1
/Users/suleymanmini/Desktop/cilt kanseri/cilt-kanseri-teshisi-bitirme/data/raw/HAM10000_images_part_1/ISIC_0027190.jpg,1
/Users/suleymanmini/Desktop/cilt kanseri/cilt-kanseri-teshisi-bitirme/data/raw/HAM10000_images_part_2/ISIC_0029854.jpg,0
/Users/suleymanmini/Desktop/cilt kanseri/cilt-kanseri-teshisi-bitirme/data/raw/HAM10000_images_part_1/ISIC_0026778.jpg,0
/Users/suleymanmini/Desktop/cilt kanseri/cilt-kanseri-teshisi-bitirme/data/raw/HAM10000_images_part_1/ISIC_0026894.jpg,0
/Users/suleymanmini/Desktop/cilt kanseri/cilt-kanseri-teshisi-bitirme/data/raw/HAM10000_images_part_1/ISIC_0027818.jpg,0
/Users/suleymanmini/Desktop/cilt kanseri/cilt-kanseri-teshisi-bitirme/data/raw/HAM10000_images_part_2/ISIC_0029673.jpg,0
/Users/suleymanmini/Desktop/cilt kanseri/cilt-kanseri-teshisi-bitirme/data/raw/HAM10000_images_part_1/ISIC_0026843.jpg,0
/Users/suleymanmini/Desktop/cilt kanseri/cilt-kanseri-teshisi-bitirme/data/synthetic/generated_malign/synth_malign_00232.jpg,1
/Users/suleymanmini/Desktop/cilt kanseri/cilt-kanseri-teshisi-bitirme/data/raw/HAM10000_images_part_1/ISIC_0024898.jpg,1
/Users/suleymanmini/Desktop/cilt kanseri/cilt-kanseri-teshisi-bitirme/data/raw/HAM10000_images_part_2/ISIC_0032165.jpg,0
/Users/suleymanmini/Desktop/cilt kanseri/cilt-kanseri-teshisi-bitirme/data/raw/HAM10000_images_part_2/ISIC_0031190.jpg,0
/Users/suleymanmini/Desktop/cilt kanseri/cilt-kanseri-teshisi-bitirme/data/raw/HAM10000_images_part_2/ISIC_0032541.jpg,0
/Users/suleymanmini/Desktop/cilt kanseri/cilt-kanseri-teshisi-bitirme/data/raw/HAM10000_images_part_2/ISIC_0032705.jpg,0
/Users/suleymanmini/Desktop/cilt kanseri/cilt-kanseri-teshisi-bitirme/data/raw/HAM10000_images_part_2/ISIC_0033884.jpg,0
/Users/suleymanmini/Desktop/cilt kanseri/cilt-kanseri-teshisi-bitirme/data/raw/HAM10000_images_part_2/ISIC_0030073.jpg,0
/Users/suleymanmini/Desktop/cilt kanseri/cilt-kanseri-teshisi-bitirme/data/raw/HAM10000_images_part_2/ISIC_0034057.jpg,0
/Users/suleymanmini/Desktop/cilt kanseri/cilt-kanseri-teshisi-bitirme/data/raw/HAM10000_images_part_1/ISIC_0025466.jpg,0
/Users/suleymanmini/Desktop/cilt kanseri/cilt-kanseri-teshisi-bitirme/data/raw/HAM10000_images_part_1/ISIC_0026901.jpg,0
/Users/suleymanmini/Desktop/cilt kanseri/cilt-kanseri-teshisi-bitirme/data/raw/HAM10000_images_part_1/ISIC_0026174.jpg,0
/Users/suleymanmini/Desktop/cilt kanseri/cilt-kanseri-teshisi-bitirme/data/raw/HAM10000_images_part_1/ISIC_0029032.jpg,0
/Users/suleymanmini/Desktop/cilt kanseri/cilt-kanseri-teshisi-bitirme/data/raw/HAM10000_images_part_1/ISIC_0027372.jpg,0
/Users/suleymanmini/Desktop/cilt kanseri/cilt-kanseri-teshisi-bitirme/data/raw/HAM10000_images_part_2/ISIC_0033588.jpg,0
/Users/suleymanmini/Desktop/cilt kanseri/cilt-kanseri-teshisi-bitirme/data/raw/HAM10000_images_part_1/ISIC_0028222.jpg,0
/Users/suleymanmini/Desktop/cilt kanseri/cilt-kanseri-teshisi-bitirme/data/raw/HAM10000_images_part_2/ISIC_0033655.jpg,1
/Users/suleymanmini/Desktop/cilt kanseri/cilt-kanseri-teshisi-bitirme/data/raw/HAM10000_images_part_1/ISIC_0026112.jpg,0
/Users/suleymanmini/Desktop/cilt kanseri/cilt-kanseri-teshisi-bitirme/data/synthetic/generated_malign/synth_malign_00667.jpg,1
/Users/suleymanmini/Desktop/cilt kanseri/cilt-kanseri-teshisi-bitirme/data/raw/HAM10000_images_part_2/ISIC_0031678.jpg,0
/Users/suleymanmini/Desktop/cilt kanseri/cilt-kanseri-teshisi-bitirme/data/synthetic/generated_malign/synth_malign_00389.jpg,1
/Users/suleymanmini/Desktop/cilt kanseri/cilt-kanseri-teshisi-bitirme/data/raw/HAM10000_images_part_1/ISIC_0025137.jpg,0
/Users/suleymanmini/Desktop/cilt kanseri/cilt-kanseri-teshisi-bitirme/data/raw/HAM10000_images_part_1/ISIC_0025325.jpg,0
/Users/suleymanmini/Desktop/cilt kanseri/cilt-kanseri-teshisi-bitirme/data/raw/HAM10000_images_part_2/ISIC_0033246.jpg,0
/Users/suleymanmini/Desktop/cilt kanseri/cilt-kanseri-teshisi-bitirme/data/raw/HAM10000_images_part_2/ISIC_0033618.jpg,0
/Users/suleymanmini/Desktop/cilt kanseri/cilt-kanseri-teshisi-bitirme/data/raw/HAM10000_images_part_1/ISIC_0026252.jpg,0
/Users/suleymanmini/Desktop/cilt kanseri/cilt-kanseri-teshisi-bitirme/data/synthetic/generated_malign/synth_malign_00443.jpg,1
/Users/suleymanmini/Desktop/cilt kanseri/cilt-kanseri-teshisi-bitirme/data/raw/HAM10000_images_part_2/ISIC_0029483.jpg,0
/Users/suleymanmini/Desktop/cilt kanseri/cilt-kanseri-teshisi-bitirme/data/raw/HAM10000_images_part_1/ISIC_0027874.jpg,0
/Users/suleymanmini/Desktop/cilt kanseri/cilt-kanseri-teshisi-bitirme/data/raw/HAM10000_images_part_2/ISIC_0030269.jpg,0
/Users/suleymanmini/Desktop/cilt kanseri/cilt-kanseri-teshisi-bitirme/data/raw/HAM10000_images_part_2/ISIC_0029387.jpg,0
/Users/suleymanmini/Desktop/cilt kanseri/cilt-kanseri-teshisi-bitirme/data/raw/HAM10000_images_part_1/ISIC_0027359.jpg,1
/Users/suleymanmini/Desktop/cilt kanseri/cilt-kanseri-teshisi-bitirme/data/raw/HAM10000_images_part_2/ISIC_0030151.jpg,0
/Users/suleymanmini/Desktop/cilt kanseri/cilt-kanseri-teshisi-bitirme/data/raw/HAM10000_images_part_1/ISIC_0026002.jpg,0
/Users/suleymanmini/Desktop/cilt kanseri/cilt-kanseri-teshisi-bitirme/data/raw/HAM10000_images_part_1/ISIC_0026505.jpg,0
/Users/suleymanmini/Desktop/cilt kanseri/cilt-kanseri-teshisi-bitirme/data/raw/HAM10000_images_part_2/ISIC_0029995.jpg,1
/Users/suleymanmini/Desktop/cilt kanseri/cilt-kanseri-teshisi-bitirme/data/raw/HAM10000_images_part_1/ISIC_0026096.jpg,0
/Users/suleymanmini/Desktop/cilt kanseri/cilt-kanseri-teshisi-bitirme/data/raw/HAM10000_images_part_2/ISIC_0031286.jpg,1
/Users/suleymanmini/Desktop/cilt kanseri/cilt-kanseri-teshisi-bitirme/data/raw/HAM10000_images_part_1/ISIC_0024914.jpg,0
/Users/suleymanmini/Desktop/cilt kanseri/cilt-kanseri-teshisi-bitirme/data/raw/HAM10000_images_part_2/ISIC_0032779.jpg,0
/Users/suleymanmini/Desktop/cilt kanseri/cilt-kanseri-teshisi-bitirme/data/raw/HAM10000_images_part_1/ISIC_0028945.jpg,0
/Users/suleymanmini/Desktop/cilt kanseri/cilt-kanseri-teshisi-bitirme/data/raw/HAM10000_images_part_1/ISIC_0028004.jpg,0
/Users/suleymanmini/Desktop/cilt kanseri/cilt-kanseri-teshisi-bitirme/data/synthetic/generated_malign/synth_malign_00902.jpg,1
/Users/suleymanmini/Desktop/cilt kanseri/cilt-kanseri-teshisi-bitirme/data/raw/HAM10000_images_part_1/ISIC_0028032.jpg,0
/Users/suleymanmini/Desktop/cilt kanseri/cilt-kanseri-teshisi-bitirme/data/raw/HAM10000_images_part_2/ISIC_0029783.jpg,0
/Users/suleymanmini/Desktop/cilt kanseri/cilt-kanseri-teshisi-bitirme/data/raw/HAM10000_images_part_1/ISIC_0027087.jpg,0
/Users/suleymanmini/Desktop/cilt kanseri/cilt-kanseri-teshisi-bitirme/data/raw/HAM10000_images_part_2/ISIC_0030841.jpg,0
/Users/suleymanmini/Desktop/cilt kanseri/cilt-kanseri-teshisi-bitirme/data/raw/HAM10000_images_part_2/ISIC_0033829.jpg,0
/Users/suleymanmini/Desktop/cilt kanseri/cilt-kanseri-teshisi-bitirme/data/raw/HAM10000_images_part_1/ISIC_0025448.jpg,0
/Users/suleymanmini/Desktop/cilt kanseri/cilt-kanseri-teshisi-bitirme/data/raw/HAM10000_images_part_2/ISIC_0032326.jpg,0
/Users/suleymanmini/Desktop/cilt kanseri/cilt-kanseri-teshisi-bitirme/data/raw/HAM10000_images_part_2/ISIC_0029487.jpg,0
/Users/suleymanmini/Desktop/cilt kanseri/cilt-kanseri-teshisi-bitirme/data/raw/HAM10000_images_part_1/ISIC_0026625.jpg,1
/Users/suleymanmini/Desktop/cilt kanseri/cilt-kanseri-teshisi-bitirme/data/raw/HAM10000_images_part_1/ISIC_0026555.jpg,0
/Users/suleymanmini/Desktop/cilt kanseri/cilt-kanseri-teshisi-bitirme/data/raw/HAM10000_images_part_2/ISIC_0030325.jpg,0
/Users/suleymanmini/Desktop/cilt kanseri/cilt-kanseri-teshisi-bitirme/data/raw/HAM10000_images_part_1/ISIC_0025673.jpg,0
/Users/suleymanmini/Desktop/cilt kanseri/cilt-kanseri-teshisi-bitirme/data/raw/HAM10000_images_part_1/ISIC_0028554.jpg,0
/Users/suleymanmini/Desktop/cilt kanseri/cilt-kanseri-teshisi-bitirme/data/raw/HAM10000_images_part_2/ISIC_0030885.jpg,0
/Users/suleymanmini/Desktop/cilt kanseri/cilt-kanseri-teshisi-bitirme/data/raw/HAM10000_images_part_2/ISIC_0030892.jpg,0
/Users/suleymanmini/Desktop/cilt kanseri/cilt-kanseri-teshisi-bitirme/data/raw/HAM10000_images_part_2/ISIC_0031765.jpg,0
/Users/suleymanmini/Desktop/cilt kanseri/cilt-kanseri-teshisi-bitirme/data/raw/HAM10000_images_part_1/ISIC_0028097.jpg,0
/Users/suleymanmini/Desktop/cilt kanseri/cilt-kanseri-teshisi-bitirme/data/raw/HAM10000_images_part_1/ISIC_0028328.jpg,0
/Users/suleymanmini/Desktop/cilt kanseri/cilt-kanseri-teshisi-bitirme/data/raw/HAM10000_images_part_2/ISIC_0030453.jpg,0
/Users/suleymanmini/Desktop/cilt kanseri/cilt-kanseri-teshisi-bitirme/data/raw/HAM10000_images_part_1/ISIC_0026902.jpg,1
/Users/suleymanmini/Desktop/cilt kanseri/cilt-kanseri-teshisi-bitirme/data/raw/HAM10000_images_part_2/ISIC_0030080.jpg,1
/Users/suleymanmini/Desktop/cilt kanseri/cilt-kanseri-teshisi-bitirme/data/raw/HAM10000_images_part_2/ISIC_0032358.jpg,0
/Users/suleymanmini/Desktop/cilt kanseri/cilt-kanseri-teshisi-bitirme/data/raw/HAM10000_images_part_1/ISIC_0027776.jpg,1
/Users/suleymanmini/Desktop/cilt kanseri/cilt-kanseri-teshisi-bitirme/data/raw/HAM10000_images_part_2/ISIC_0031072.jpg,0
/Users/suleymanmini/Desktop/cilt kanseri/cilt-kanseri-teshisi-bitirme/data/raw/HAM10000_images_part_2/ISIC_0031185.jpg,0
/Users/suleymanmini/Desktop/cilt kanseri/cilt-kanseri-teshisi-bitirme/data/raw/HAM10000_images_part_1/ISIC_0024877.jpg,0
/Users/suleymanmini/Desktop/cilt kanseri/cilt-kanseri-teshisi-bitirme/data/raw/HAM10000_images_part_1/ISIC_0026218.jpg,0
/Users/suleymanmini/Desktop/cilt kanseri/cilt-kanseri-teshisi-bitirme/data/raw/HAM10000_images_part_1/ISIC_0028628.jpg,0
/Users/suleymanmini/Desktop/cilt kanseri/cilt-kanseri-teshisi-bitirme/data/raw/HAM10000_images_part_1/ISIC_0029074.jpg,0
/Users/suleymanmini/Desktop/cilt kanseri/cilt-kanseri-teshisi-bitirme/data/raw/HAM10000_images_part_1/ISIC_0029091.jpg,0
/Users/suleymanmini/Desktop/cilt kanseri/cilt-kanseri-teshisi-bitirme/data/raw/HAM10000_images_part_1/ISIC_0028159.jpg,0
/Users/suleymanmini/Desktop/cilt kanseri/cilt-kanseri-teshisi-bitirme/data/raw/HAM10000_images_part_1/ISIC_0025858.jpg,0
/Users/suleymanmini/Desktop/cilt kanseri/cilt-kanseri-teshisi-bitirme/data/raw/HAM10000_images_part_1/ISIC_0025454.jpg,0
/Users/suleymanmini/Desktop/cilt kanseri/cilt-kanseri-teshisi-bitirme/data/raw/HAM10000_images_part_2/ISIC_0032027.jpg,0
/Users/suleymanmini/Desktop/cilt kanseri/cilt-kanseri-teshisi-bitirme/data/synthetic/generated_malign/synth_malign_00717.jpg,1
/Users/suleymanmini/Desktop/cilt kanseri/cilt-kanseri-teshisi-bitirme/data/raw/HAM10000_images_part_1/ISIC_0028908.jpg,0
/Users/suleymanmini/Desktop/cilt kanseri/cilt-kanseri-teshisi-bitirme/data/raw/HAM10000_images_part_2/ISIC_0031700.jpg,0
/Users/suleymanmini/Desktop/cilt kanseri/cilt-kanseri-teshisi-bitirme/data/synthetic/generated_malign/synth_malign_00858.jpg,1
/Users/suleymanmini/Desktop/cilt kanseri/cilt-kanseri-teshisi-bitirme/data/raw/HAM10000_images_part_1/ISIC_0026947.jpg,0
/Users/suleymanmini/Desktop/cilt kanseri/cilt-kanseri-teshisi-bitirme/data/raw/HAM10000_images_part_1/ISIC_0029003.jpg,0
/Users/suleymanmini/Desktop/cilt kanseri/cilt-kanseri-teshisi-bitirme/data/raw/HAM10000_images_part_1/ISIC_0028440.jpg,0
/Users/suleymanmini/Desktop/cilt kanseri/cilt-kanseri-teshisi-bitirme/data/synthetic/generated_malign/synth_malign_00926.jpg,1
/Users/suleymanmini/Desktop/cilt kanseri/cilt-kanseri-teshisi-bitirme/data/raw/HAM10000_images_part_2/ISIC_0032016.jpg,0
/Users/suleymanmini/Desktop/cilt kanseri/cilt-kanseri-teshisi-bitirme/data/raw/HAM10000_images_part_2/ISIC_0030012.jpg,0
/Users/suleymanmini/Desktop/cilt kanseri/cilt-kanseri-teshisi-bitirme/data/raw/HAM10000_images_part_2/ISIC_0029790.jpg,0
/Users/suleymanmini/Desktop/cilt kanseri/cilt-kanseri-teshisi-bitirme/data/synthetic/generated_malign/synth_malign_00406.jpg,1
/Users/suleymanmini/Desktop/cilt kanseri/cilt-kanseri-teshisi-bitirme/data/raw/HAM10000_images_part_2/ISIC_0031750.jpg,0
/Users/suleymanmini/Desktop/cilt kanseri/cilt-kanseri-teshisi-bitirme/data/raw/HAM10000_images_part_2/ISIC_0032933.jpg,0
/Users/suleymanmini/Desktop/cilt kanseri/cilt-kanseri-teshisi-bitirme/data/raw/HAM10000_images_part_2/ISIC_0033825.jpg,0
/Users/suleymanmini/Desktop/cilt kanseri/cilt-kanseri-teshisi-bitirme/data/raw/HAM10000_images_part_1/ISIC_0029217.jpg,0
/Users/suleymanmini/Desktop/cilt kanseri/cilt-kanseri-teshisi-bitirme/data/synthetic/generated_malign/synth_malign_00859.jpg,1
/Users/suleymanmini/Desktop/cilt kanseri/cilt-kanseri-teshisi-bitirme/data/raw/HAM10000_images_part_1/ISIC_0028773.jpg,1
/Users/suleymanmini/Desktop/cilt kanseri/cilt-kanseri-teshisi-bitirme/data/raw/HAM10000_images_part_2/ISIC_0031179.jpg,0
/Users/suleymanmini/Desktop/cilt kanseri/cilt-kanseri-teshisi-bitirme/data/raw/HAM10000_images_part_1/ISIC_0026550.jpg,0
/Users/suleymanmini/Desktop/cilt kanseri/cilt-kanseri-teshisi-bitirme/data/synthetic/generated_malign/synth_malign_00326.jpg,1
/Users/suleymanmini/Desktop/cilt kanseri/cilt-kanseri-teshisi-bitirme/data/raw/HAM10000_images_part_1/ISIC_0025357.jpg,0
/Users/suleymanmini/Desktop/cilt kanseri/cilt-kanseri-teshisi-bitirme/data/raw/HAM10000_images_part_1/ISIC_0028244.jpg,0
/Users/suleymanmini/Desktop/cilt kanseri/cilt-kanseri-teshisi-bitirme/data/raw/HAM10000_images_part_1/ISIC_0028833.jpg,0
/Users/suleymanmini/Desktop/cilt kanseri/cilt-kanseri-teshisi-bitirme/data/raw/HAM10000_images_part_2/ISIC_0034181.jpg,0
/Users/suleymanmini/Desktop/cilt kanseri/cilt-kanseri-teshisi-bitirme/data/raw/HAM10000_images_part_2/ISIC_0029816.jpg,0
/Users/suleymanmini/Desktop/cilt kanseri/cilt-kanseri-teshisi-bitirme/data/raw/HAM10000_images_part_1/ISIC_0029047.jpg,0
/Users/suleymanmini/Desktop/cilt kanseri/cilt-kanseri-teshisi-bitirme/data/synthetic/generated_malign/synth_malign_00990.jpg,1
/Users/suleymanmini/Desktop/cilt kanseri/cilt-kanseri-teshisi-bitirme/data/raw/HAM10000_images_part_2/ISIC_0032746.jpg,0
/Users/suleymanmini/Desktop/cilt kanseri/cilt-kanseri-teshisi-bitirme/data/synthetic/generated_malign/synth_malign_00747.jpg,1
/Users/suleymanmini/Desktop/cilt kanseri/cilt-kanseri-teshisi-bitirme/data/raw/HAM10000_images_part_2/ISIC_0030489.jpg,0
/Users/suleymanmini/Desktop/cilt kanseri/cilt-kanseri-teshisi-bitirme/data/raw/HAM10000_images_part_2/ISIC_0032004.jpg,0
/Users/suleymanmini/Desktop/cilt kanseri/cilt-kanseri-teshisi-bitirme/data/raw/HAM10000_images_part_2/ISIC_0033800.jpg,0
/Users/suleymanmini/Desktop/cilt kanseri/cilt-kanseri-teshisi-bitirme/data/raw/HAM10000_images_part_1/ISIC_0027277.jpg,1
/Users/suleymanmini/Desktop/cilt kanseri/cilt-kanseri-teshisi-bitirme/data/raw/HAM10000_images_part_1/ISIC_0027006.jpg,0
/Users/suleymanmini/Desktop/cilt kanseri/cilt-kanseri-teshisi-bitirme/data/raw/HAM10000_images_part_2/ISIC_0031450.jpg,1
/Users/suleymanmini/Desktop/cilt kanseri/cilt-kanseri-teshisi-bitirme/data/raw/HAM10000_images_part_2/ISIC_0033017.jpg,1
/Users/suleymanmini/Desktop/cilt kanseri/cilt-kanseri-teshisi-bitirme/data/raw/HAM10000_images_part_2/ISIC_0032618.jpg,0
/Users/suleymanmini/Desktop/cilt kanseri/cilt-kanseri-teshisi-bitirme/data/raw/HAM10000_images_part_1/ISIC_0024544.jpg,0
/Users/suleymanmini/Desktop/cilt kanseri/cilt-kanseri-teshisi-bitirme/data/raw/HAM10000_images_part_1/ISIC_0029064.jpg,0
/Users/suleymanmini/Desktop/cilt kanseri/cilt-kanseri-teshisi-bitirme/data/raw/HAM10000_images_part_2/ISIC_0031996.jpg,0
/Users/suleymanmini/Desktop/cilt kanseri/cilt-kanseri-teshisi-bitirme/data/raw/HAM10000_images_part_1/ISIC_0025988.jpg,0
/Users/suleymanmini/Desktop/cilt kanseri/cilt-kanseri-teshisi-bitirme/data/synthetic/generated_malign/synth_malign_00153.jpg,1
/Users/suleymanmini/Desktop/cilt kanseri/cilt-kanseri-teshisi-bitirme/data/raw/HAM10000_images_part_2/ISIC_0031437.jpg,0
/Users/suleymanmini/Desktop/cilt kanseri/cilt-kanseri-teshisi-bitirme/data/raw/HAM10000_images_part_2/ISIC_0029683.jpg,0
/Users/suleymanmini/Desktop/cilt kanseri/cilt-kanseri-teshisi-bitirme/data/raw/HAM10000_images_part_1/ISIC_0025155.jpg,1
/Users/suleymanmini/Desktop/cilt kanseri/cilt-kanseri-teshisi-bitirme/data/raw/HAM10000_images_part_2/ISIC_0033507.jpg,0
/Users/suleymanmini/Desktop/cilt kanseri/cilt-kanseri-teshisi-bitirme/data/raw/HAM10000_images_part_1/ISIC_0024684.jpg,0
/Users/suleymanmini/Desktop/cilt kanseri/cilt-kanseri-teshisi-bitirme/data/raw/HAM10000_images_part_1/ISIC_0029072.jpg,0
/Users/suleymanmini/Desktop/cilt kanseri/cilt-kanseri-teshisi-bitirme/data/raw/HAM10000_images_part_1/ISIC_0029036.jpg,0
/Users/suleymanmini/Desktop/cilt kanseri/cilt-kanseri-teshisi-bitirme/data/raw/HAM10000_images_part_1/ISIC_0025531.jpg,1
/Users/suleymanmini/Desktop/cilt kanseri/cilt-kanseri-teshisi-bitirme/data/raw/HAM10000_images_part_2/ISIC_0030268.jpg,0
/Users/suleymanmini/Desktop/cilt kanseri/cilt-kanseri-teshisi-bitirme/data/raw/HAM10000_images_part_2/ISIC_0029549.jpg,1
/Users/suleymanmini/Desktop/cilt kanseri/cilt-kanseri-teshisi-bitirme/data/raw/HAM10000_images_part_1/ISIC_0027896.jpg,1
/Users/suleymanmini/Desktop/cilt kanseri/cilt-kanseri-teshisi-bitirme/data/raw/HAM10000_images_part_1/ISIC_0028291.jpg,1
/Users/suleymanmini/Desktop/cilt kanseri/cilt-kanseri-teshisi-bitirme/data/raw/HAM10000_images_part_1/ISIC_0025265.jpg,1
/Users/suleymanmini/Desktop/cilt kanseri/cilt-kanseri-teshisi-bitirme/data/raw/HAM10000_images_part_2/ISIC_0030732.jpg,0
/Users/suleymanmini/Desktop/cilt kanseri/cilt-kanseri-teshisi-bitirme/data/raw/HAM10000_images_part_2/ISIC_0030230.jpg,1
/Users/suleymanmini/Desktop/cilt kanseri/cilt-kanseri-teshisi-bitirme/data/raw/HAM10000_images_part_2/ISIC_0031017.jpg,0
/Users/suleymanmini/Desktop/cilt kanseri/cilt-kanseri-teshisi-bitirme/data/raw/HAM10000_images_part_1/ISIC_0025498.jpg,0
/Users/suleymanmini/Desktop/cilt kanseri/cilt-kanseri-teshisi-bitirme/data/raw/HAM10000_images_part_1/ISIC_0028531.jpg,0
/Users/suleymanmini/Desktop/cilt kanseri/cilt-kanseri-teshisi-bitirme/data/raw/HAM10000_images_part_1/ISIC_0027536.jpg,1
/Users/suleymanmini/Desktop/cilt kanseri/cilt-kanseri-teshisi-bitirme/data/raw/HAM10000_images_part_1/ISIC_0024756.jpg,1
/Users/suleymanmini/Desktop/cilt kanseri/cilt-kanseri-teshisi-bitirme/data/raw/HAM10000_images_part_2/ISIC_0034272.jpg,0
/Users/suleymanmini/Desktop/cilt kanseri/cilt-kanseri-teshisi-bitirme/data/synthetic/generated_malign/synth_malign_00057.jpg,1
/Users/suleymanmini/Desktop/cilt kanseri/cilt-kanseri-teshisi-bitirme/data/raw/HAM10000_images_part_1/ISIC_0027672.jpg,0
/Users/suleymanmini/Desktop/cilt kanseri/cilt-kanseri-teshisi-bitirme/data/synthetic/generated_malign/synth_malign_00549.jpg,1
/Users/suleymanmini/Desktop/cilt kanseri/cilt-kanseri-teshisi-bitirme/data/raw/HAM10000_images_part_1/ISIC_0026933.jpg,0
/Users/suleymanmini/Desktop/cilt kanseri/cilt-kanseri-teshisi-bitirme/data/raw/HAM10000_images_part_1/ISIC_0026652.jpg,1
/Users/suleymanmini/Desktop/cilt kanseri/cilt-kanseri-teshisi-bitirme/data/synthetic/generated_malign/synth_malign_00956.jpg,1
/Users/suleymanmini/Desktop/cilt kanseri/cilt-kanseri-teshisi-bitirme/data/synthetic/generated_malign/synth_malign_00702.jpg,1
/Users/suleymanmini/Desktop/cilt kanseri/cilt-kanseri-teshisi-bitirme/data/raw/HAM10000_images_part_1/ISIC_0026464.jpg,0
/Users/suleymanmini/Desktop/cilt kanseri/cilt-kanseri-teshisi-bitirme/data/raw/HAM10000_images_part_1/ISIC_0027837.jpg,0
/Users/suleymanmini/Desktop/cilt kanseri/cilt-kanseri-teshisi-bitirme/data/synthetic/generated_malign/synth_malign_00503.jpg,1
/Users/suleymanmini/Desktop/cilt kanseri/cilt-kanseri-teshisi-bitirme/data/raw/HAM10000_images_part_2/ISIC_0030608.jpg,0
/Users/suleymanmini/Desktop/cilt kanseri/cilt-kanseri-teshisi-bitirme/data/raw/HAM10000_images_part_1/ISIC_0027155.jpg,1
/Users/suleymanmini/Desktop/cilt kanseri/cilt-kanseri-teshisi-bitirme/data/raw/HAM10000_images_part_1/ISIC_0025405.jpg,0
/Users/suleymanmini/Desktop/cilt kanseri/cilt-kanseri-teshisi-bitirme/data/raw/HAM10000_images_part_2/ISIC_0030156.jpg,0
/Users/suleymanmini/Desktop/cilt kanseri/cilt-kanseri-teshisi-bitirme/data/raw/HAM10000_images_part_1/ISIC_0024481.jpg,1
/Users/suleymanmini/Desktop/cilt kanseri/cilt-kanseri-teshisi-bitirme/data/raw/HAM10000_images_part_2/ISIC_0034093.jpg,1
/Users/suleymanmini/Desktop/cilt kanseri/cilt-kanseri-teshisi-bitirme/data/raw/HAM10000_images_part_2/ISIC_0029876.jpg,0
/Users/suleymanmini/Desktop/cilt kanseri/cilt-kanseri-teshisi-bitirme/data/raw/HAM10000_images_part_1/ISIC_0027246.jpg,0
/Users/suleymanmini/Desktop/cilt kanseri/cilt-kanseri-teshisi-bitirme/data/raw/HAM10000_images_part_1/ISIC_0028388.jpg,0
/Users/suleymanmini/Desktop/cilt kanseri/cilt-kanseri-teshisi-bitirme/data/raw/HAM10000_images_part_2/ISIC_0034189.jpg,0
/Users/suleymanmini/Desktop/cilt kanseri/cilt-kanseri-teshisi-bitirme/data/raw/HAM10000_images_part_2/ISIC_0029954.jpg,0
/Users/suleymanmini/Desktop/cilt kanseri/cilt-kanseri-teshisi-bitirme/data/synthetic/generated_malign/synth_malign_00512.jpg,1
/Users/suleymanmini/Desktop/cilt kanseri/cilt-kanseri-teshisi-bitirme/data/raw/HAM10000_images_part_1/ISIC_0025349.jpg,0
/Users/suleymanmini/Desktop/cilt kanseri/cilt-kanseri-teshisi-bitirme/data/raw/HAM10000_images_part_1/ISIC_0028929.jpg,1
/Users/suleymanmini/Desktop/cilt kanseri/cilt-kanseri-teshisi-bitirme/data/raw/HAM10000_images_part_1/ISIC_0025959.jpg,0
/Users/suleymanmini/Desktop/cilt kanseri/cilt-kanseri-teshisi-bitirme/data/synthetic/generated_malign/synth_malign_00952.jpg,1
/Users/suleymanmini/Desktop/cilt kanseri/cilt-kanseri-teshisi-bitirme/data/raw/HAM10000_images_part_2/ISIC_0031570.jpg,1
/Users/suleymanmini/Desktop/cilt kanseri/cilt-kanseri-teshisi-bitirme/data/raw/HAM10000_images_part_2/ISIC_0032274.jpg,0
/Users/suleymanmini/Desktop/cilt kanseri/cilt-kanseri-teshisi-bitirme/data/raw/HAM10000_images_part_1/ISIC_0025289.jpg,0
/Users/suleymanmini/Desktop/cilt kanseri/cilt-kanseri-teshisi-bitirme/data/raw/HAM10000_images_part_1/ISIC_0027216.jpg,0
/Users/suleymanmini/Desktop/cilt kanseri/cilt-kanseri-teshisi-bitirme/data/raw/HAM10000_images_part_2/ISIC_0032975.jpg,1
/Users/suleymanmini/Desktop/cilt kanseri/cilt-kanseri-teshisi-bitirme/data/raw/HAM10000_images_part_2/ISIC_0029655.jpg,1
/Users/suleymanmini/Desktop/cilt kanseri/cilt-kanseri-teshisi-bitirme/data/raw/HAM10000_images_part_2/ISIC_0030657.jpg,0
/Users/suleymanmini/Desktop/cilt kanseri/cilt-kanseri-teshisi-bitirme/data/raw/HAM10000_images_part_2/ISIC_0029617.jpg,0
/Users/suleymanmini/Desktop/cilt kanseri/cilt-kanseri-teshisi-bitirme/data/synthetic/generated_malign/synth_malign_00650.jpg,1
/Users/suleymanmini/Desktop/cilt kanseri/cilt-kanseri-teshisi-bitirme/data/raw/HAM10000_images_part_2/ISIC_0029395.jpg,0
/Users/suleymanmini/Desktop/cilt kanseri/cilt-kanseri-teshisi-bitirme/data/raw/HAM10000_images_part_2/ISIC_0031036.jpg,0
/Users/suleymanmini/Desktop/cilt kanseri/cilt-kanseri-teshisi-bitirme/data/synthetic/generated_malign/synth_malign_00250.jpg,1
/Users/suleymanmini/Desktop/cilt kanseri/cilt-kanseri-teshisi-bitirme/data/raw/HAM10000_images_part_1/ISIC_0026875.jpg,0
/Users/suleymanmini/Desktop/cilt kanseri/cilt-kanseri-teshisi-bitirme/data/synthetic/generated_malign/synth_malign_00693.jpg,1
/Users/suleymanmini/Desktop/cilt kanseri/cilt-kanseri-teshisi-bitirme/data/raw/HAM10000_images_part_1/ISIC_0029113.jpg,0
/Users/suleymanmini/Desktop/cilt kanseri/cilt-kanseri-teshisi-bitirme/data/raw/HAM10000_images_part_1/ISIC_0025104.jpg,0
/Users/suleymanmini/Desktop/cilt kanseri/cilt-kanseri-teshisi-bitirme/data/synthetic/generated_malign/synth_malign_00866.jpg,1
/Users/suleymanmini/Desktop/cilt kanseri/cilt-kanseri-teshisi-bitirme/data/raw/HAM10000_images_part_1/ISIC_0024747.jpg,0
/Users/suleymanmini/Desktop/cilt kanseri/cilt-kanseri-teshisi-bitirme/data/raw/HAM10000_images_part_1/ISIC_0028207.jpg,0
/Users/suleymanmini/Desktop/cilt kanseri/cilt-kanseri-teshisi-bitirme/data/raw/HAM10000_images_part_1/ISIC_0026838.jpg,0
/Users/suleymanmini/Desktop/cilt kanseri/cilt-kanseri-teshisi-bitirme/data/raw/HAM10000_images_part_1/ISIC_0024554.jpg,1
/Users/suleymanmini/Desktop/cilt kanseri/cilt-kanseri-teshisi-bitirme/data/raw/HAM10000_images_part_2/ISIC_0031682.jpg,0
/Users/suleymanmini/Desktop/cilt kanseri/cilt-kanseri-teshisi-bitirme/data/raw/HAM10000_images_part_1/ISIC_0029187.jpg,0
/Users/suleymanmini/Desktop/cilt kanseri/cilt-kanseri-teshisi-bitirme/data/raw/HAM10000_images_part_1/ISIC_0027780.jpg,0
/Users/suleymanmini/Desktop/cilt kanseri/cilt-kanseri-teshisi-bitirme/data/raw/HAM10000_images_part_1/ISIC_0027229.jpg,1
/Users/suleymanmini/Desktop/cilt kanseri/cilt-kanseri-teshisi-bitirme/data/raw/HAM10000_images_part_2/ISIC_0034195.jpg,0
/Users/suleymanmini/Desktop/cilt kanseri/cilt-kanseri-teshisi-bitirme/data/raw/HAM10000_images_part_1/ISIC_0026503.jpg,0
/Users/suleymanmini/Desktop/cilt kanseri/cilt-kanseri-teshisi-bitirme/data/raw/HAM10000_images_part_1/ISIC_0027011.jpg,0
/Users/suleymanmini/Desktop/cilt kanseri/cilt-kanseri-teshisi-bitirme/data/raw/HAM10000_images_part_1/ISIC_0026102.jpg,0
/Users/suleymanmini/Desktop/cilt kanseri/cilt-kanseri-teshisi-bitirme/data/raw/HAM10000_images_part_1/ISIC_0028408.jpg,0
/Users/suleymanmini/Desktop/cilt kanseri/cilt-kanseri-teshisi-bitirme/data/raw/HAM10000_images_part_2/ISIC_0034252.jpg,0
/Users/suleymanmini/Desktop/cilt kanseri/cilt-kanseri-teshisi-bitirme/data/raw/HAM10000_images_part_1/ISIC_0026346.jpg,0
/Users/suleymanmini/Desktop/cilt kanseri/cilt-kanseri-teshisi-bitirme/data/raw/HAM10000_images_part_1/ISIC_0025296.jpg,0
/Users/suleymanmini/Desktop/cilt kanseri/cilt-kanseri-teshisi-bitirme/data/synthetic/generated_malign/synth_malign_00594.jpg,1
/Users/suleymanmini/Desktop/cilt kanseri/cilt-kanseri-teshisi-bitirme/data/raw/HAM10000_images_part_2/ISIC_0033953.jpg,1
/Users/suleymanmini/Desktop/cilt kanseri/cilt-kanseri-teshisi-bitirme/data/raw/HAM10000_images_part_2/ISIC_0032859.jpg,0
/Users/suleymanmini/Desktop/cilt kanseri/cilt-kanseri-teshisi-bitirme/data/raw/HAM10000_images_part_2/ISIC_0033627.jpg,0
/Users/suleymanmini/Desktop/cilt kanseri/cilt-kanseri-teshisi-bitirme/data/raw/HAM10000_images_part_2/ISIC_0030860.jpg,0
/Users/suleymanmini/Desktop/cilt kanseri/cilt-kanseri-teshisi-bitirme/data/raw/HAM10000_images_part_1/ISIC_0028902.jpg,0
/Users/suleymanmini/Desktop/cilt kanseri/cilt-kanseri-teshisi-bitirme/data/synthetic/generated_malign/synth_malign_00400.jpg,1
/Users/suleymanmini/Desktop/cilt kanseri/cilt-kanseri-teshisi-bitirme/data/synthetic/generated_malign/synth_malign_00810.jpg,1
/Users/suleymanmini/Desktop/cilt kanseri/cilt-kanseri-teshisi-bitirme/data/raw/HAM10000_images_part_2/ISIC_0032007.jpg,0
/Users/suleymanmini/Desktop/cilt kanseri/cilt-kanseri-teshisi-bitirme/data/raw/HAM10000_images_part_2/ISIC_0034060.jpg,0
/Users/suleymanmini/Desktop/cilt kanseri/cilt-kanseri-teshisi-bitirme/data/synthetic/generated_malign/synth_malign_00526.jpg,1
/Users/suleymanmini/Desktop/cilt kanseri/cilt-kanseri-teshisi-bitirme/data/raw/HAM10000_images_part_2/ISIC_0029615.jpg,0
/Users/suleymanmini/Desktop/cilt kanseri/cilt-kanseri-teshisi-bitirme/data/raw/HAM10000_images_part_1/ISIC_0024501.jpg,0
/Users/suleymanmini/Desktop/cilt kanseri/cilt-kanseri-teshisi-bitirme/data/raw/HAM10000_images_part_1/ISIC_0024601.jpg,0
/Users/suleymanmini/Desktop/cilt kanseri/cilt-kanseri-teshisi-bitirme/data/raw/HAM10000_images_part_1/ISIC_0026928.jpg,0
/Users/suleymanmini/Desktop/cilt kanseri/cilt-kanseri-teshisi-bitirme/data/raw/HAM10000_images_part_2/ISIC_0031745.jpg,1
/Users/suleymanmini/Desktop/cilt kanseri/cilt-kanseri-teshisi-bitirme/data/raw/HAM10000_images_part_2/ISIC_0030415.jpg,0
/Users/suleymanmini/Desktop/cilt kanseri/cilt-kanseri-teshisi-bitirme/data/raw/HAM10000_images_part_1/ISIC_0024480.jpg,0
/Users/suleymanmini/Desktop/cilt kanseri/cilt-kanseri-teshisi-bitirme/data/synthetic/generated_malign/synth_malign_00039.jpg,1
/Users/suleymanmini/Desktop/cilt kanseri/cilt-kanseri-teshisi-bitirme/data/raw/HAM10000_images_part_2/ISIC_0033553.jpg,0
/Users/suleymanmini/Desktop/cilt kanseri/cilt-kanseri-teshisi-bitirme/data/raw/HAM10000_images_part_1/ISIC_0028346.jpg,0
/Users/suleymanmini/Desktop/cilt kanseri/cilt-kanseri-teshisi-bitirme/data/raw/HAM10000_images_part_2/ISIC_0031680.jpg,0
/Users/suleymanmini/Desktop/cilt kanseri/cilt-kanseri-teshisi-bitirme/data/raw/HAM10000_images_part_1/ISIC_0024584.jpg,0
/Users/suleymanmini/Desktop/cilt kanseri/cilt-kanseri-teshisi-bitirme/data/raw/HAM10000_images_part_2/ISIC_0030095.jpg,0
/Users/suleymanmini/Desktop/cilt kanseri/cilt-kanseri-teshisi-bitirme/data/raw/HAM10000_images_part_1/ISIC_0024913.jpg,1
/Users/suleymanmini/Desktop/cilt kanseri/cilt-kanseri-teshisi-bitirme/data/raw/HAM10000_images_part_2/ISIC_0030812.jpg,0
/Users/suleymanmini/Desktop/cilt kanseri/cilt-kanseri-teshisi-bitirme/data/raw/HAM10000_images_part_1/ISIC_0025783.jpg,1
/Users/suleymanmini/Desktop/cilt kanseri/cilt-kanseri-teshisi-bitirme/data/raw/HAM10000_images_part_2/ISIC_0031372.jpg,0
/Users/suleymanmini/Desktop/cilt kanseri/cilt-kanseri-teshisi-bitirme/data/raw/HAM10000_images_part_1/ISIC_0028459.jpg,0
/Users/suleymanmini/Desktop/cilt kanseri/cilt-kanseri-teshisi-bitirme/data/raw/HAM10000_images_part_2/ISIC_0030673.jpg,0
/Users/suleymanmini/Desktop/cilt kanseri/cilt-kanseri-teshisi-bitirme/data/raw/HAM10000_images_part_2/ISIC_0031671.jpg,0
/Users/suleymanmini/Desktop/cilt kanseri/cilt-kanseri-teshisi-bitirme/data/raw/HAM10000_images_part_2/ISIC_0032871.jpg,0
/Users/suleymanmini/Desktop/cilt kanseri/cilt-kanseri-teshisi-bitirme/data/synthetic/generated_malign/synth_malign_00460.jpg,1
/Users/suleymanmini/Desktop/cilt kanseri/cilt-kanseri-teshisi-bitirme/data/raw/HAM10000_images_part_2/ISIC_0031669.jpg,0
/Users/suleymanmini/Desktop/cilt kanseri/cilt-kanseri-teshisi-bitirme/data/raw/HAM10000_images_part_1/ISIC_0026209.jpg,0
/Users/suleymanmini/Desktop/cilt kanseri/cilt-kanseri-teshisi-bitirme/data/raw/HAM10000_images_part_2/ISIC_0030301.jpg,0
/Users/suleymanmini/Desktop/cilt kanseri/cilt-kanseri-teshisi-bitirme/data/raw/HAM10000_images_part_1/ISIC_0027335.jpg,0
/Users/suleymanmini/Desktop/cilt kanseri/cilt-kanseri-teshisi-bitirme/data/raw/HAM10000_images_part_1/ISIC_0027632.jpg,0
/Users/suleymanmini/Desktop/cilt kanseri/cilt-kanseri-teshisi-bitirme/data/raw/HAM10000_images_part_1/ISIC_0029271.jpg,1
/Users/suleymanmini/Desktop/cilt kanseri/cilt-kanseri-teshisi-bitirme/data/raw/HAM10000_images_part_2/ISIC_0030969.jpg,0
/Users/suleymanmini/Desktop/cilt kanseri/cilt-kanseri-teshisi-bitirme/data/raw/HAM10000_images_part_1/ISIC_0025252.jpg,0
/Users/suleymanmini/Desktop/cilt kanseri/cilt-kanseri-teshisi-bitirme/data/raw/HAM10000_images_part_1/ISIC_0024692.jpg,0
/Users/suleymanmini/Desktop/cilt kanseri/cilt-kanseri-teshisi-bitirme/data/raw/HAM10000_images_part_2/ISIC_0031182.jpg,0
/Users/suleymanmini/Desktop/cilt kanseri/cilt-kanseri-teshisi-bitirme/data/raw/HAM10000_images_part_1/ISIC_0026326.jpg,0
/Users/suleymanmini/Desktop/cilt kanseri/cilt-kanseri-teshisi-bitirme/data/raw/HAM10000_images_part_1/ISIC_0027538.jpg,0
/Users/suleymanmini/Desktop/cilt kanseri/cilt-kanseri-teshisi-bitirme/data/raw/HAM10000_images_part_1/ISIC_0025426.jpg,0
/Users/suleymanmini/Desktop/cilt kanseri/cilt-kanseri-teshisi-bitirme/data/raw/HAM10000_images_part_2/ISIC_0033449.jpg,0
/Users/suleymanmini/Desktop/cilt kanseri/cilt-kanseri-teshisi-bitirme/data/raw/HAM10000_images_part_1/ISIC_0028661.jpg,0
/Users/suleymanmini/Desktop/cilt kanseri/cilt-kanseri-teshisi-bitirme/data/raw/HAM10000_images_part_2/ISIC_0032867.jpg,0
/Users/suleymanmini/Desktop/cilt kanseri/cilt-kanseri-teshisi-bitirme/data/raw/HAM10000_images_part_2/ISIC_0032055.jpg,0
/Users/suleymanmini/Desktop/cilt kanseri/cilt-kanseri-teshisi-bitirme/data/synthetic/generated_malign/synth_malign_00800.jpg,1
/Users/suleymanmini/Desktop/cilt kanseri/cilt-kanseri-teshisi-bitirme/data/raw/HAM10000_images_part_1/ISIC_0028377.jpg,0
/Users/suleymanmini/Desktop/cilt kanseri/cilt-kanseri-teshisi-bitirme/data/raw/HAM10000_images_part_1/ISIC_0028014.jpg,0
/Users/suleymanmini/Desktop/cilt kanseri/cilt-kanseri-teshisi-bitirme/data/raw/HAM10000_images_part_1/ISIC_0025522.jpg,0
/Users/suleymanmini/Desktop/cilt kanseri/cilt-kanseri-teshisi-bitirme/data/raw/HAM10000_images_part_1/ISIC_0028450.jpg,0
/Users/suleymanmini/Desktop/cilt kanseri/cilt-kanseri-teshisi-bitirme/data/raw/HAM10000_images_part_2/ISIC_0031636.jpg,0
/Users/suleymanmini/Desktop/cilt kanseri/cilt-kanseri-teshisi-bitirme/data/raw/HAM10000_images_part_2/ISIC_0030531.jpg,0
/Users/suleymanmini/Desktop/cilt kanseri/cilt-kanseri-teshisi-bitirme/data/raw/HAM10000_images_part_2/ISIC_0033499.jpg,1
/Users/suleymanmini/Desktop/cilt kanseri/cilt-kanseri-teshisi-bitirme/data/synthetic/generated_malign/synth_malign_00478.jpg,1
/Users/suleymanmini/Desktop/cilt kanseri/cilt-kanseri-teshisi-bitirme/data/raw/HAM10000_images_part_2/ISIC_0033263.jpg,0
/Users/suleymanmini/Desktop/cilt kanseri/cilt-kanseri-teshisi-bitirme/data/synthetic/generated_malign/synth_malign_00387.jpg,1
/Users/suleymanmini/Desktop/cilt kanseri/cilt-kanseri-teshisi-bitirme/data/raw/HAM10000_images_part_2/ISIC_0030743.jpg,0
/Users/suleymanmini/Desktop/cilt kanseri/cilt-kanseri-teshisi-bitirme/data/raw/HAM10000_images_part_1/ISIC_0026779.jpg,0
/Users/suleymanmini/Desktop/cilt kanseri/cilt-kanseri-teshisi-bitirme/data/raw/HAM10000_images_part_1/ISIC_0024586.jpg,1
/Users/suleymanmini/Desktop/cilt kanseri/cilt-kanseri-teshisi-bitirme/data/raw/HAM10000_images_part_2/ISIC_0029964.jpg,0
/Users/suleymanmini/Desktop/cilt kanseri/cilt-kanseri-teshisi-bitirme/data/raw/HAM10000_images_part_1/ISIC_0026350.jpg,1
/Users/suleymanmini/Desktop/cilt kanseri/cilt-kanseri-teshisi-bitirme/data/raw/HAM10000_images_part_2/ISIC_0033361.jpg,0
/Users/suleymanmini/Desktop/cilt kanseri/cilt-kanseri-teshisi-bitirme/data/raw/HAM10000_images_part_1/ISIC_0029219.jpg,0
/Users/suleymanmini/Desktop/cilt kanseri/cilt-kanseri-teshisi-bitirme/data/raw/HAM10000_images_part_1/ISIC_0024668.jpg,0
/Users/suleymanmini/Desktop/cilt kanseri/cilt-kanseri-teshisi-bitirme/data/raw/HAM10000_images_part_2/ISIC_0029518.jpg,0
/Users/suleymanmini/Desktop/cilt kanseri/cilt-kanseri-teshisi-bitirme/data/raw/HAM10000_images_part_1/ISIC_0025146.jpg,0
/Users/suleymanmini/Desktop/cilt kanseri/cilt-kanseri-teshisi-bitirme/data/raw/HAM10000_images_part_2/ISIC_0031341.jpg,0
/Users/suleymanmini/Desktop/cilt kanseri/cilt-kanseri-teshisi-bitirme/data/raw/HAM10000_images_part_2/ISIC_0033811.jpg,1
/Users/suleymanmini/Desktop/cilt kanseri/cilt-kanseri-teshisi-bitirme/data/raw/HAM10000_images_part_1/ISIC_0028767.jpg,0
/Users/suleymanmini/Desktop/cilt kanseri/cilt-kanseri-teshisi-bitirme/data/raw/HAM10000_images_part_2/ISIC_0030545.jpg,0
/Users/suleymanmini/Desktop/cilt kanseri/cilt-kanseri-teshisi-bitirme/data/synthetic/generated_malign/synth_malign_00055.jpg,1
/Users/suleymanmini/Desktop/cilt kanseri/cilt-kanseri-teshisi-bitirme/data/raw/HAM10000_images_part_2/ISIC_0032640.jpg,0
/Users/suleymanmini/Desktop/cilt kanseri/cilt-kanseri-teshisi-bitirme/data/raw/HAM10000_images_part_2/ISIC_0030064.jpg,0
/Users/suleymanmini/Desktop/cilt kanseri/cilt-kanseri-teshisi-bitirme/data/raw/HAM10000_images_part_2/ISIC_0029905.jpg,0
/Users/suleymanmini/Desktop/cilt kanseri/cilt-kanseri-teshisi-bitirme/data/raw/HAM10000_images_part_2/ISIC_0030122.jpg,1
/Users/suleymanmini/Desktop/cilt kanseri/cilt-kanseri-teshisi-bitirme/data/raw/HAM10000_images_part_2/ISIC_0032858.jpg,0
/Users/suleymanmini/Desktop/cilt kanseri/cilt-kanseri-teshisi-bitirme/data/raw/HAM10000_images_part_1/ISIC_0027033.jpg,1
/Users/suleymanmini/Desktop/cilt kanseri/cilt-kanseri-teshisi-bitirme/data/raw/HAM10000_images_part_2/ISIC_0031519.jpg,0
/Users/suleymanmini/Desktop/cilt kanseri/cilt-kanseri-teshisi-bitirme/data/raw/HAM10000_images_part_2/ISIC_0032093.jpg,0
/Users/suleymanmini/Desktop/cilt kanseri/cilt-kanseri-teshisi-bitirme/data/raw/HAM10000_images_part_2/ISIC_0029891.jpg,0
/Users/suleymanmini/Desktop/cilt kanseri/cilt-kanseri-teshisi-bitirme/data/raw/HAM10000_images_part_1/ISIC_0027902.jpg,0
/Users/suleymanmini/Desktop/cilt kanseri/cilt-kanseri-teshisi-bitirme/data/raw/HAM10000_images_part_2/ISIC_0030411.jpg,0
/Users/suleymanmini/Desktop/cilt kanseri/cilt-kanseri-teshisi-bitirme/data/raw/HAM10000_images_part_1/ISIC_0026401.jpg,0
/Users/suleymanmini/Desktop/cilt kanseri/cilt-kanseri-teshisi-bitirme/data/raw/HAM10000_images_part_2/ISIC_0034232.jpg,0
/Users/suleymanmini/Desktop/cilt kanseri/cilt-kanseri-teshisi-bitirme/data/synthetic/generated_malign/synth_malign_00093.jpg,1
/Users/suleymanmini/Desktop/cilt kanseri/cilt-kanseri-teshisi-bitirme/data/raw/HAM10000_images_part_1/ISIC_0024941.jpg,0
/Users/suleymanmini/Desktop/cilt kanseri/cilt-kanseri-teshisi-bitirme/data/raw/HAM10000_images_part_1/ISIC_0025503.jpg,0
/Users/suleymanmini/Desktop/cilt kanseri/cilt-kanseri-teshisi-bitirme/data/raw/HAM10000_images_part_2/ISIC_0031547.jpg,0
/Users/suleymanmini/Desktop/cilt kanseri/cilt-kanseri-teshisi-bitirme/data/synthetic/generated_malign/synth_malign_00652.jpg,1
/Users/suleymanmini/Desktop/cilt kanseri/cilt-kanseri-teshisi-bitirme/data/raw/HAM10000_images_part_1/ISIC_0026190.jpg,0
/Users/suleymanmini/Desktop/cilt kanseri/cilt-kanseri-teshisi-bitirme/data/raw/HAM10000_images_part_1/ISIC_0026453.jpg,1
/Users/suleymanmini/Desktop/cilt kanseri/cilt-kanseri-teshisi-bitirme/data/raw/HAM10000_images_part_2/ISIC_0034100.jpg,1
/Users/suleymanmini/Desktop/cilt kanseri/cilt-kanseri-teshisi-bitirme/data/raw/HAM10000_images_part_1/ISIC_0026599.jpg,0
/Users/suleymanmini/Desktop/cilt kanseri/cilt-kanseri-teshisi-bitirme/data/raw/HAM10000_images_part_2/ISIC_0030594.jpg,1
/Users/suleymanmini/Desktop/cilt kanseri/cilt-kanseri-teshisi-bitirme/data/raw/HAM10000_images_part_2/ISIC_0030059.jpg,0
/Users/suleymanmini/Desktop/cilt kanseri/cilt-kanseri-teshisi-bitirme/data/raw/HAM10000_images_part_1/ISIC_0026356.jpg,0
/Users/suleymanmini/Desktop/cilt kanseri/cilt-kanseri-teshisi-bitirme/data/raw/HAM10000_images_part_2/ISIC_0031548.jpg,0
/Users/suleymanmini/Desktop/cilt kanseri/cilt-kanseri-teshisi-bitirme/data/raw/HAM10000_images_part_1/ISIC_0027156.jpg,0
/Users/suleymanmini/Desktop/cilt kanseri/cilt-kanseri-teshisi-bitirme/data/synthetic/generated_malign/synth_malign_00707.jpg,1
/Users/suleymanmini/Desktop/cilt kanseri/cilt-kanseri-teshisi-bitirme/data/raw/HAM10000_images_part_1/ISIC_0027835.jpg,0
/Users/suleymanmini/Desktop/cilt kanseri/cilt-kanseri-teshisi-bitirme/data/raw/HAM10000_images_part_2/ISIC_0032496.jpg,0
/Users/suleymanmini/Desktop/cilt kanseri/cilt-kanseri-teshisi-bitirme/data/raw/HAM10000_images_part_2/ISIC_0030898.jpg,1
/Users/suleymanmini/Desktop/cilt kanseri/cilt-kanseri-teshisi-bitirme/data/raw/HAM10000_images_part_1/ISIC_0027793.jpg,1
/Users/suleymanmini/Desktop/cilt kanseri/cilt-kanseri-teshisi-bitirme/data/raw/HAM10000_images_part_2/ISIC_0030333.jpg,1
/Users/suleymanmini/Desktop/cilt kanseri/cilt-kanseri-teshisi-bitirme/data/synthetic/generated_malign/synth_malign_00174.jpg,1
/Users/suleymanmini/Desktop/cilt kanseri/cilt-kanseri-teshisi-bitirme/data/raw/HAM10000_images_part_2/ISIC_0033478.jpg,0
/Users/suleymanmini/Desktop/cilt kanseri/cilt-kanseri-teshisi-bitirme/data/raw/HAM10000_images_part_2/ISIC_0030308.jpg,0
/Users/suleymanmini/Desktop/cilt kanseri/cilt-kanseri-teshisi-bitirme/data/synthetic/generated_malign/synth_malign_00546.jpg,1
/Users/suleymanmini/Desktop/cilt kanseri/cilt-kanseri-teshisi-bitirme/data/synthetic/generated_malign/synth_malign_00214.jpg,1
/Users/suleymanmini/Desktop/cilt kanseri/cilt-kanseri-teshisi-bitirme/data/raw/HAM10000_images_part_1/ISIC_0028209.jpg,0
/Users/suleymanmini/Desktop/cilt kanseri/cilt-kanseri-teshisi-bitirme/data/raw/HAM10000_images_part_2/ISIC_0030445.jpg,1
/Users/suleymanmini/Desktop/cilt kanseri/cilt-kanseri-teshisi-bitirme/data/raw/HAM10000_images_part_2/ISIC_0033170.jpg,0
/Users/suleymanmini/Desktop/cilt kanseri/cilt-kanseri-teshisi-bitirme/data/raw/HAM10000_images_part_1/ISIC_0024976.jpg,0
/Users/suleymanmini/Desktop/cilt kanseri/cilt-kanseri-teshisi-bitirme/data/raw/HAM10000_images_part_2/ISIC_0031315.jpg,0
/Users/suleymanmini/Desktop/cilt kanseri/cilt-kanseri-teshisi-bitirme/data/raw/HAM10000_images_part_2/ISIC_0030721.jpg,0
/Users/suleymanmini/Desktop/cilt kanseri/cilt-kanseri-teshisi-bitirme/data/synthetic/generated_malign/synth_malign_00980.jpg,1
/Users/suleymanmini/Desktop/cilt kanseri/cilt-kanseri-teshisi-bitirme/data/raw/HAM10000_images_part_2/ISIC_0029814.jpg,0
/Users/suleymanmini/Desktop/cilt kanseri/cilt-kanseri-teshisi-bitirme/data/raw/HAM10000_images_part_1/ISIC_0026038.jpg,0
/Users/suleymanmini/Desktop/cilt kanseri/cilt-kanseri-teshisi-bitirme/data/raw/HAM10000_images_part_1/ISIC_0028952.jpg,0
/Users/suleymanmini/Desktop/cilt kanseri/cilt-kanseri-teshisi-bitirme/data/raw/HAM10000_images_part_1/ISIC_0026707.jpg,0
/Users/suleymanmini/Desktop/cilt kanseri/cilt-kanseri-teshisi-bitirme/data/raw/HAM10000_images_part_1/ISIC_0029066.jpg,0
/Users/suleymanmini/Desktop/cilt kanseri/cilt-kanseri-teshisi-bitirme/data/synthetic/generated_malign/synth_malign_00019.jpg,1
/Users/suleymanmini/Desktop/cilt kanseri/cilt-kanseri-teshisi-bitirme/data/raw/HAM10000_images_part_2/ISIC_0033987.jpg,0
/Users/suleymanmini/Desktop/cilt kanseri/cilt-kanseri-teshisi-bitirme/data/raw/HAM10000_images_part_1/ISIC_0024873.jpg,0
/Users/suleymanmini/Desktop/cilt kanseri/cilt-kanseri-teshisi-bitirme/data/raw/HAM10000_images_part_2/ISIC_0031958.jpg,1
/Users/suleymanmini/Desktop/cilt kanseri/cilt-kanseri-teshisi-bitirme/data/raw/HAM10000_images_part_2/ISIC_0031363.jpg,0
/Users/suleymanmini/Desktop/cilt kanseri/cilt-kanseri-teshisi-bitirme/data/raw/HAM10000_images_part_1/ISIC_0028528.jpg,0
/Users/suleymanmini/Desktop/cilt kanseri/cilt-kanseri-teshisi-bitirme/data/raw/HAM10000_images_part_2/ISIC_0032023.jpg,0
/Users/suleymanmini/Desktop/cilt kanseri/cilt-kanseri-teshisi-bitirme/data/raw/HAM10000_images_part_2/ISIC_0033935.jpg,0
/Users/suleymanmini/Desktop/cilt kanseri/cilt-kanseri-teshisi-bitirme/data/raw/HAM10000_images_part_2/ISIC_0033753.jpg,0
/Users/suleymanmini/Desktop/cilt kanseri/cilt-kanseri-teshisi-bitirme/data/raw/HAM10000_images_part_2/ISIC_0033108.jpg,0
/Users/suleymanmini/Desktop/cilt kanseri/cilt-kanseri-teshisi-bitirme/data/raw/HAM10000_images_part_2/ISIC_0031959.jpg,0
/Users/suleymanmini/Desktop/cilt kanseri/cilt-kanseri-teshisi-bitirme/data/raw/HAM10000_images_part_2/ISIC_0030687.jpg,1
/Users/suleymanmini/Desktop/cilt kanseri/cilt-kanseri-teshisi-bitirme/data/raw/HAM10000_images_part_2/ISIC_0032261.jpg,0
/Users/suleymanmini/Desktop/cilt kanseri/cilt-kanseri-teshisi-bitirme/data/raw/HAM10000_images_part_2/ISIC_0030150.jpg,1
/Users/suleymanmini/Desktop/cilt kanseri/cilt-kanseri-teshisi-bitirme/data/raw/HAM10000_images_part_1/ISIC_0029224.jpg,0
/Users/suleymanmini/Desktop/cilt kanseri/cilt-kanseri-teshisi-bitirme/data/raw/HAM10000_images_part_2/ISIC_0030246.jpg,1
/Users/suleymanmini/Desktop/cilt kanseri/cilt-kanseri-teshisi-bitirme/data/raw/HAM10000_images_part_1/ISIC_0027165.jpg,0
/Users/suleymanmini/Desktop/cilt kanseri/cilt-kanseri-teshisi-bitirme/data/raw/HAM10000_images_part_2/ISIC_0030597.jpg,0
/Users/suleymanmini/Desktop/cilt kanseri/cilt-kanseri-teshisi-bitirme/data/raw/HAM10000_images_part_1/ISIC_0028267.jpg,0
/Users/suleymanmini/Desktop/cilt kanseri/cilt-kanseri-teshisi-bitirme/data/raw/HAM10000_images_part_2/ISIC_0029486.jpg,0
/Users/suleymanmini/Desktop/cilt kanseri/cilt-kanseri-teshisi-bitirme/data/raw/HAM10000_images_part_2/ISIC_0032407.jpg,0
/Users/suleymanmini/Desktop/cilt kanseri/cilt-kanseri-teshisi-bitirme/data/raw/HAM10000_images_part_2/ISIC_0033026.jpg,0
/Users/suleymanmini/Desktop/cilt kanseri/cilt-kanseri-teshisi-bitirme/data/raw/HAM10000_images_part_1/ISIC_0027291.jpg,1
/Users/suleymanmini/Desktop/cilt kanseri/cilt-kanseri-teshisi-bitirme/data/raw/HAM10000_images_part_1/ISIC_0026295.jpg,0
/Users/suleymanmini/Desktop/cilt kanseri/cilt-kanseri-teshisi-bitirme/data/raw/HAM10000_images_part_2/ISIC_0030977.jpg,0
/Users/suleymanmini/Desktop/cilt kanseri/cilt-kanseri-teshisi-bitirme/data/raw/HAM10000_images_part_1/ISIC_0026546.jpg,0
/Users/suleymanmini/Desktop/cilt kanseri/cilt-kanseri-teshisi-bitirme/data/raw/HAM10000_images_part_1/ISIC_0028374.jpg,0
/Users/suleymanmini/Desktop/cilt kanseri/cilt-kanseri-teshisi-bitirme/data/raw/HAM10000_images_part_2/ISIC_0034088.jpg,0
/Users/suleymanmini/Desktop/cilt kanseri/cilt-kanseri-teshisi-bitirme/data/raw/HAM10000_images_part_1/ISIC_0027341.jpg,0
/Users/suleymanmini/Desktop/cilt kanseri/cilt-kanseri-teshisi-bitirme/data/raw/HAM10000_images_part_2/ISIC_0031322.jpg,0
/Users/suleymanmini/Desktop/cilt kanseri/cilt-kanseri-teshisi-bitirme/data/raw/HAM10000_images_part_2/ISIC_0030346.jpg,0
/Users/suleymanmini/Desktop/cilt kanseri/cilt-kanseri-teshisi-bitirme/data/synthetic/generated_malign/synth_malign_00108.jpg,1
/Users/suleymanmini/Desktop/cilt kanseri/cilt-kanseri-teshisi-bitirme/data/raw/HAM10000_images_part_2/ISIC_0034209.jpg,0
/Users/suleymanmini/Desktop/cilt kanseri/cilt-kanseri-teshisi-bitirme/data/raw/HAM10000_images_part_2/ISIC_0030139.jpg,0
/Users/suleymanmini/Desktop/cilt kanseri/cilt-kanseri-teshisi-bitirme/data/raw/HAM10000_images_part_2/ISIC_0031366.jpg,0
/Users/suleymanmini/Desktop/cilt kanseri/cilt-kanseri-teshisi-bitirme/data/synthetic/generated_malign/synth_malign_00005.jpg,1
/Users/suleymanmini/Desktop/cilt kanseri/cilt-kanseri-teshisi-bitirme/data/raw/HAM10000_images_part_2/ISIC_0033539.jpg,0
/Users/suleymanmini/Desktop/cilt kanseri/cilt-kanseri-teshisi-bitirme/data/raw/HAM10000_images_part_1/ISIC_0026798.jpg,1
/Users/suleymanmini/Desktop/cilt kanseri/cilt-kanseri-teshisi-bitirme/data/raw/HAM10000_images_part_2/ISIC_0030815.jpg,0
/Users/suleymanmini/Desktop/cilt kanseri/cilt-kanseri-teshisi-bitirme/data/raw/HAM10000_images_part_1/ISIC_0025702.jpg,0
/Users/suleymanmini/Desktop/cilt kanseri/cilt-kanseri-teshisi-bitirme/data/raw/HAM10000_images_part_1/ISIC_0025960.jpg,0
/Users/suleymanmini/Desktop/cilt kanseri/cilt-kanseri-teshisi-bitirme/data/raw/HAM10000_images_part_2/ISIC_0032776.jpg,0
/Users/suleymanmini/Desktop/cilt kanseri/cilt-kanseri-teshisi-bitirme/data/raw/HAM10000_images_part_2/ISIC_0031536.jpg,0
/Users/suleymanmini/Desktop/cilt kanseri/cilt-kanseri-teshisi-bitirme/data/synthetic/generated_malign/synth_malign_00637.jpg,1
/Users/suleymanmini/Desktop/cilt kanseri/cilt-kanseri-teshisi-bitirme/data/raw/HAM10000_images_part_1/ISIC_0028266.jpg,0
/Users/suleymanmini/Desktop/cilt kanseri/cilt-kanseri-teshisi-bitirme/data/raw/HAM10000_images_part_2/ISIC_0031500.jpg,0
/Users/suleymanmini/Desktop/cilt kanseri/cilt-kanseri-teshisi-bitirme/data/raw/HAM10000_images_part_1/ISIC_0024534.jpg,0
/Users/suleymanmini/Desktop/cilt kanseri/cilt-kanseri-teshisi-bitirme/data/raw/HAM10000_images_part_1/ISIC_0026636.jpg,0
/Users/suleymanmini/Desktop/cilt kanseri/cilt-kanseri-teshisi-bitirme/data/raw/HAM10000_images_part_1/ISIC_0024661.jpg,0
/Users/suleymanmini/Desktop/cilt kanseri/cilt-kanseri-teshisi-bitirme/data/raw/HAM10000_images_part_1/ISIC_0027256.jpg,0
/Users/suleymanmini/Desktop/cilt kanseri/cilt-kanseri-teshisi-bitirme/data/raw/HAM10000_images_part_2/ISIC_0030056.jpg,0
/Users/suleymanmini/Desktop/cilt kanseri/cilt-kanseri-teshisi-bitirme/data/raw/HAM10000_images_part_1/ISIC_0025494.jpg,0
/Users/suleymanmini/Desktop/cilt kanseri/cilt-kanseri-teshisi-bitirme/data/raw/HAM10000_images_part_1/ISIC_0028130.jpg,0
/Users/suleymanmini/Desktop/cilt kanseri/cilt-kanseri-teshisi-bitirme/data/raw/HAM10000_images_part_1/ISIC_0028798.jpg,0
/Users/suleymanmini/Desktop/cilt kanseri/cilt-kanseri-teshisi-bitirme/data/raw/HAM10000_images_part_1/ISIC_0025439.jpg,1
/Users/suleymanmini/Desktop/cilt kanseri/cilt-kanseri-teshisi-bitirme/data/raw/HAM10000_images_part_2/ISIC_0031100.jpg,0
/Users/suleymanmini/Desktop/cilt kanseri/cilt-kanseri-teshisi-bitirme/data/synthetic/generated_malign/synth_malign_00975.jpg,1
/Users/suleymanmini/Desktop/cilt kanseri/cilt-kanseri-teshisi-bitirme/data/raw/HAM10000_images_part_2/ISIC_0029458.jpg,0
/Users/suleymanmini/Desktop/cilt kanseri/cilt-kanseri-teshisi-bitirme/data/raw/HAM10000_images_part_2/ISIC_0032139.jpg,1
/Users/suleymanmini/Desktop/cilt kanseri/cilt-kanseri-teshisi-bitirme/data/raw/HAM10000_images_part_1/ISIC_0025905.jpg,0
/Users/suleymanmini/Desktop/cilt kanseri/cilt-kanseri-teshisi-bitirme/data/synthetic/generated_malign/synth_malign_00381.jpg,1
/Users/suleymanmini/Desktop/cilt kanseri/cilt-kanseri-teshisi-bitirme/data/raw/HAM10000_images_part_1/ISIC_0027529.jpg,1
/Users/suleymanmini/Desktop/cilt kanseri/cilt-kanseri-teshisi-bitirme/data/raw/HAM10000_images_part_1/ISIC_0027628.jpg,0
/Users/suleymanmini/Desktop/cilt kanseri/cilt-kanseri-teshisi-bitirme/data/raw/HAM10000_images_part_2/ISIC_0030517.jpg,0
/Users/suleymanmini/Desktop/cilt kanseri/cilt-kanseri-teshisi-bitirme/data/raw/HAM10000_images_part_1/ISIC_0025284.jpg,0
/Users/suleymanmini/Desktop/cilt kanseri/cilt-kanseri-teshisi-bitirme/data/raw/HAM10000_images_part_1/ISIC_0027121.jpg,0
/Users/suleymanmini/Desktop/cilt kanseri/cilt-kanseri-teshisi-bitirme/data/raw/HAM10000_images_part_1/ISIC_0026575.jpg,1
/Users/suleymanmini/Desktop/cilt kanseri/cilt-kanseri-teshisi-bitirme/data/raw/HAM10000_images_part_2/ISIC_0031954.jpg,0
/Users/suleymanmini/Desktop/cilt kanseri/cilt-kanseri-teshisi-bitirme/data/raw/HAM10000_images_part_1/ISIC_0026539.jpg,0
/Users/suleymanmini/Desktop/cilt kanseri/cilt-kanseri-teshisi-bitirme/data/raw/HAM10000_images_part_2/ISIC_0033180.jpg,1
/Users/suleymanmini/Desktop/cilt kanseri/cilt-kanseri-teshisi-bitirme/data/raw/HAM10000_images_part_2/ISIC_0030708.jpg,0
/Users/suleymanmini/Desktop/cilt kanseri/cilt-kanseri-teshisi-bitirme/data/raw/HAM10000_images_part_1/ISIC_0028636.jpg,0
/Users/suleymanmini/Desktop/cilt kanseri/cilt-kanseri-teshisi-bitirme/data/raw/HAM10000_images_part_2/ISIC_0029342.jpg,1
/Users/suleymanmini/Desktop/cilt kanseri/cilt-kanseri-teshisi-bitirme/data/raw/HAM10000_images_part_2/ISIC_0029328.jpg,0
/Users/suleymanmini/Desktop/cilt kanseri/cilt-kanseri-teshisi-bitirme/data/synthetic/generated_malign/synth_malign_00986.jpg,1
/Users/suleymanmini/Desktop/cilt kanseri/cilt-kanseri-teshisi-bitirme/data/raw/HAM10000_images_part_1/ISIC_0028610.jpg,0
/Users/suleymanmini/Desktop/cilt kanseri/cilt-kanseri-teshisi-bitirme/data/raw/HAM10000_images_part_1/ISIC_0028785.jpg,0
/Users/suleymanmini/Desktop/cilt kanseri/cilt-kanseri-teshisi-bitirme/data/raw/HAM10000_images_part_1/ISIC_0029060.jpg,0
/Users/suleymanmini/Desktop/cilt kanseri/cilt-kanseri-teshisi-bitirme/data/raw/HAM10000_images_part_1/ISIC_0027077.jpg,0
/Users/suleymanmini/Desktop/cilt kanseri/cilt-kanseri-teshisi-bitirme/data/synthetic/generated_malign/synth_malign_00474.jpg,1
/Users/suleymanmini/Desktop/cilt kanseri/cilt-kanseri-teshisi-bitirme/data/raw/HAM10000_images_part_1/ISIC_0027943.jpg,0
/Users/suleymanmini/Desktop/cilt kanseri/cilt-kanseri-teshisi-bitirme/data/raw/HAM10000_images_part_1/ISIC_0026395.jpg,1
/Users/suleymanmini/Desktop/cilt kanseri/cilt-kanseri-teshisi-bitirme/data/raw/HAM10000_images_part_1/ISIC_0028444.jpg,0
/Users/suleymanmini/Desktop/cilt kanseri/cilt-kanseri-teshisi-bitirme/data/synthetic/generated_malign/synth_malign_00348.jpg,1
/Users/suleymanmini/Desktop/cilt kanseri/cilt-kanseri-teshisi-bitirme/data/raw/HAM10000_images_part_2/ISIC_0032240.jpg,0
/Users/suleymanmini/Desktop/cilt kanseri/cilt-kanseri-teshisi-bitirme/data/raw/HAM10000_images_part_1/ISIC_0024496.jpg,1
/Users/suleymanmini/Desktop/cilt kanseri/cilt-kanseri-teshisi-bitirme/data/raw/HAM10000_images_part_1/ISIC_0028089.jpg,0
/Users/suleymanmini/Desktop/cilt kanseri/cilt-kanseri-teshisi-bitirme/data/raw/HAM10000_images_part_1/ISIC_0026037.jpg,0
/Users/suleymanmini/Desktop/cilt kanseri/cilt-kanseri-teshisi-bitirme/data/raw/HAM10000_images_part_1/ISIC_0028134.jpg,0
/Users/suleymanmini/Desktop/cilt kanseri/cilt-kanseri-teshisi-bitirme/data/raw/HAM10000_images_part_2/ISIC_0030104.jpg,0
/Users/suleymanmini/Desktop/cilt kanseri/cilt-kanseri-teshisi-bitirme/data/raw/HAM10000_images_part_2/ISIC_0030464.jpg,0
/Users/suleymanmini/Desktop/cilt kanseri/cilt-kanseri-teshisi-bitirme/data/raw/HAM10000_images_part_1/ISIC_0028704.jpg,0
/Users/suleymanmini/Desktop/cilt kanseri/cilt-kanseri-teshisi-bitirme/data/raw/HAM10000_images_part_1/ISIC_0026449.jpg,0
/Users/suleymanmini/Desktop/cilt kanseri/cilt-kanseri-teshisi-bitirme/data/raw/HAM10000_images_part_2/ISIC_0030534.jpg,0
/Users/suleymanmini/Desktop/cilt kanseri/cilt-kanseri-teshisi-bitirme/data/raw/HAM10000_images_part_1/ISIC_0028286.jpg,0
/Users/suleymanmini/Desktop/cilt kanseri/cilt-kanseri-teshisi-bitirme/data/raw/HAM10000_images_part_1/ISIC_0029102.jpg,0
/Users/suleymanmini/Desktop/cilt kanseri/cilt-kanseri-teshisi-bitirme/data/raw/HAM10000_images_part_2/ISIC_0034183.jpg,1
/Users/suleymanmini/Desktop/cilt kanseri/cilt-kanseri-teshisi-bitirme/data/raw/HAM10000_images_part_2/ISIC_0033624.jpg,1
/Users/suleymanmini/Desktop/cilt kanseri/cilt-kanseri-teshisi-bitirme/data/raw/HAM10000_images_part_2/ISIC_0032597.jpg,1
/Users/suleymanmini/Desktop/cilt kanseri/cilt-kanseri-teshisi-bitirme/data/raw/HAM10000_images_part_2/ISIC_0030243.jpg,0
/Users/suleymanmini/Desktop/cilt kanseri/cilt-kanseri-teshisi-bitirme/data/raw/HAM10000_images_part_2/ISIC_0029725.jpg,0
/Users/suleymanmini/Desktop/cilt kanseri/cilt-kanseri-teshisi-bitirme/data/synthetic/generated_malign/synth_malign_00338.jpg,1
/Users/suleymanmini/Desktop/cilt kanseri/cilt-kanseri-teshisi-bitirme/data/raw/HAM10000_images_part_2/ISIC_0031724.jpg,0
/Users/suleymanmini/Desktop/cilt kanseri/cilt-kanseri-teshisi-bitirme/data/synthetic/generated_malign/synth_malign_00728.jpg,1
/Users/suleymanmini/Desktop/cilt kanseri/cilt-kanseri-teshisi-bitirme/data/raw/HAM10000_images_part_1/ISIC_0027526.jpg,1
/Users/suleymanmini/Desktop/cilt kanseri/cilt-kanseri-teshisi-bitirme/data/raw/HAM10000_images_part_2/ISIC_0030324.jpg,1
/Users/suleymanmini/Desktop/cilt kanseri/cilt-kanseri-teshisi-bitirme/data/raw/HAM10000_images_part_2/ISIC_0031032.jpg,0
/Users/suleymanmini/Desktop/cilt kanseri/cilt-kanseri-teshisi-bitirme/data/raw/HAM10000_images_part_2/ISIC_0031882.jpg,0
/Users/suleymanmini/Desktop/cilt kanseri/cilt-kanseri-teshisi-bitirme/data/raw/HAM10000_images_part_1/ISIC_0026620.jpg,0
/Users/suleymanmini/Desktop/cilt kanseri/cilt-kanseri-teshisi-bitirme/data/raw/HAM10000_images_part_2/ISIC_0032115.jpg,0
/Users/suleymanmini/Desktop/cilt kanseri/cilt-kanseri-teshisi-bitirme/data/raw/HAM10000_images_part_1/ISIC_0025064.jpg,0
/Users/suleymanmini/Desktop/cilt kanseri/cilt-kanseri-teshisi-bitirme/data/raw/HAM10000_images_part_1/ISIC_0028868.jpg,0
/Users/suleymanmini/Desktop/cilt kanseri/cilt-kanseri-teshisi-bitirme/data/raw/HAM10000_images_part_2/ISIC_0031730.jpg,0
/Users/suleymanmini/Desktop/cilt kanseri/cilt-kanseri-teshisi-bitirme/data/raw/HAM10000_images_part_1/ISIC_0026661.jpg,0
/Users/suleymanmini/Desktop/cilt kanseri/cilt-kanseri-teshisi-bitirme/data/raw/HAM10000_images_part_2/ISIC_0032063.jpg,0
/Users/suleymanmini/Desktop/cilt kanseri/cilt-kanseri-teshisi-bitirme/data/raw/HAM10000_images_part_1/ISIC_0027133.jpg,0
/Users/suleymanmini/Desktop/cilt kanseri/cilt-kanseri-teshisi-bitirme/data/raw/HAM10000_images_part_2/ISIC_0029351.jpg,0
/Users/suleymanmini/Desktop/cilt kanseri/cilt-kanseri-teshisi-bitirme/data/raw/HAM10000_images_part_1/ISIC_0029179.jpg,0
/Users/suleymanmini/Desktop/cilt kanseri/cilt-kanseri-teshisi-bitirme/data/raw/HAM10000_images_part_2/ISIC_0032879.jpg,1
/Users/suleymanmini/Desktop/cilt kanseri/cilt-kanseri-teshisi-bitirme/data/raw/HAM10000_images_part_1/ISIC_0029016.jpg,0
/Users/suleymanmini/Desktop/cilt kanseri/cilt-kanseri-teshisi-bitirme/data/synthetic/generated_malign/synth_malign_00465.jpg,1
/Users/suleymanmini/Desktop/cilt kanseri/cilt-kanseri-teshisi-bitirme/data/raw/HAM10000_images_part_2/ISIC_0031982.jpg,0
/Users/suleymanmini/Desktop/cilt kanseri/cilt-kanseri-teshisi-bitirme/data/raw/HAM10000_images_part_1/ISIC_0025160.jpg,0
/Users/suleymanmini/Desktop/cilt kanseri/cilt-kanseri-teshisi-bitirme/data/raw/HAM10000_images_part_2/ISIC_0030908.jpg,0
/Users/suleymanmini/Desktop/cilt kanseri/cilt-kanseri-teshisi-bitirme/data/raw/HAM10000_images_part_2/ISIC_0033116.jpg,0
/Users/suleymanmini/Desktop/cilt kanseri/cilt-kanseri-teshisi-bitirme/data/raw/HAM10000_images_part_2/ISIC_0033750.jpg,0
/Users/suleymanmini/Desktop/cilt kanseri/cilt-kanseri-teshisi-bitirme/data/synthetic/generated_malign/synth_malign_00001.jpg,1
/Users/suleymanmini/Desktop/cilt kanseri/cilt-kanseri-teshisi-bitirme/data/raw/HAM10000_images_part_2/ISIC_0030764.jpg,0
/Users/suleymanmini/Desktop/cilt kanseri/cilt-kanseri-teshisi-bitirme/data/raw/HAM10000_images_part_1/ISIC_0028449.jpg,0
/Users/suleymanmini/Desktop/cilt kanseri/cilt-kanseri-teshisi-bitirme/data/raw/HAM10000_images_part_2/ISIC_0033357.jpg,0
/Users/suleymanmini/Desktop/cilt kanseri/cilt-kanseri-teshisi-bitirme/data/raw/HAM10000_images_part_1/ISIC_0028915.jpg,1
/Users/suleymanmini/Desktop/cilt kanseri/cilt-kanseri-teshisi-bitirme/data/raw/HAM10000_images_part_1/ISIC_0025509.jpg,1
/Users/suleymanmini/Desktop/cilt kanseri/cilt-kanseri-teshisi-bitirme/data/raw/HAM10000_images_part_2/ISIC_0033335.jpg,0
/Users/suleymanmini/Desktop/cilt kanseri/cilt-kanseri-teshisi-bitirme/data/raw/HAM10000_images_part_1/ISIC_0029194.jpg,0
/Users/suleymanmini/Desktop/cilt kanseri/cilt-kanseri-teshisi-bitirme/data/raw/HAM10000_images_part_2/ISIC_0031448.jpg,0
/Users/suleymanmini/Desktop/cilt kanseri/cilt-kanseri-teshisi-bitirme/data/raw/HAM10000_images_part_2/ISIC_0032614.jpg,0
/Users/suleymanmini/Desktop/cilt kanseri/cilt-kanseri-teshisi-bitirme/data/raw/HAM10000_images_part_2/ISIC_0031951.jpg,0
/Users/suleymanmini/Desktop/cilt kanseri/cilt-kanseri-teshisi-bitirme/data/raw/HAM10000_images_part_1/ISIC_0028300.jpg,0
/Users/suleymanmini/Desktop/cilt kanseri/cilt-kanseri-teshisi-bitirme/data/raw/HAM10000_images_part_1/ISIC_0025842.jpg,0
/Users/suleymanmini/Desktop/cilt kanseri/cilt-kanseri-teshisi-bitirme/data/raw/HAM10000_images_part_1/ISIC_0026472.jpg,0
/Users/suleymanmini/Desktop/cilt kanseri/cilt-kanseri-teshisi-bitirme/data/raw/HAM10000_images_part_1/ISIC_0027137.jpg,0
/Users/suleymanmini/Desktop/cilt kanseri/cilt-kanseri-teshisi-bitirme/data/synthetic/generated_malign/synth_malign_00547.jpg,1
/Users/suleymanmini/Desktop/cilt kanseri/cilt-kanseri-teshisi-bitirme/data/raw/HAM10000_images_part_2/ISIC_0033181.jpg,0
/Users/suleymanmini/Desktop/cilt kanseri/cilt-kanseri-teshisi-bitirme/data/raw/HAM10000_images_part_1/ISIC_0027798.jpg,0
/Users/suleymanmini/Desktop/cilt kanseri/cilt-kanseri-teshisi-bitirme/data/raw/HAM10000_images_part_2/ISIC_0033334.jpg,0
/Users/suleymanmini/Desktop/cilt kanseri/cilt-kanseri-teshisi-bitirme/data/raw/HAM10000_images_part_1/ISIC_0027029.jpg,0
/Users/suleymanmini/Desktop/cilt kanseri/cilt-kanseri-teshisi-bitirme/data/synthetic/generated_malign/synth_malign_00189.jpg,1
/Users/suleymanmini/Desktop/cilt kanseri/cilt-kanseri-teshisi-bitirme/data/raw/HAM10000_images_part_1/ISIC_0026992.jpg,1
/Users/suleymanmini/Desktop/cilt kanseri/cilt-kanseri-teshisi-bitirme/data/raw/HAM10000_images_part_2/ISIC_0031231.jpg,0
/Users/suleymanmini/Desktop/cilt kanseri/cilt-kanseri-teshisi-bitirme/data/synthetic/generated_malign/synth_malign_00646.jpg,1
/Users/suleymanmini/Desktop/cilt kanseri/cilt-kanseri-teshisi-bitirme/data/raw/HAM10000_images_part_1/ISIC_0027242.jpg,0
/Users/suleymanmini/Desktop/cilt kanseri/cilt-kanseri-teshisi-bitirme/data/raw/HAM10000_images_part_1/ISIC_0029296.jpg,0
/Users/suleymanmini/Desktop/cilt kanseri/cilt-kanseri-teshisi-bitirme/data/raw/HAM10000_images_part_2/ISIC_0032189.jpg,0
/Users/suleymanmini/Desktop/cilt kanseri/cilt-kanseri-teshisi-bitirme/data/raw/HAM10000_images_part_1/ISIC_0026383.jpg,0
/Users/suleymanmini/Desktop/cilt kanseri/cilt-kanseri-teshisi-bitirme/data/raw/HAM10000_images_part_1/ISIC_0029191.jpg,0
/Users/suleymanmini/Desktop/cilt kanseri/cilt-kanseri-teshisi-bitirme/data/raw/HAM10000_images_part_1/ISIC_0028294.jpg,0
/Users/suleymanmini/Desktop/cilt kanseri/cilt-kanseri-teshisi-bitirme/data/raw/HAM10000_images_part_1/ISIC_0025604.jpg,0
/Users/suleymanmini/Desktop/cilt kanseri/cilt-kanseri-teshisi-bitirme/data/raw/HAM10000_images_part_1/ISIC_0027730.jpg,0
/Users/suleymanmini/Desktop/cilt kanseri/cilt-kanseri-teshisi-bitirme/data/raw/HAM10000_images_part_2/ISIC_0033112.jpg,0
/Users/suleymanmini/Desktop/cilt kanseri/cilt-kanseri-teshisi-bitirme/data/raw/HAM10000_images_part_1/ISIC_0029077.jpg,0
/Users/suleymanmini/Desktop/cilt kanseri/cilt-kanseri-teshisi-bitirme/data/raw/HAM10000_images_part_2/ISIC_0031572.jpg,0
/Users/suleymanmini/Desktop/cilt kanseri/cilt-kanseri-teshisi-bitirme/data/raw/HAM10000_images_part_1/ISIC_0024515.jpg,1
/Users/suleymanmini/Desktop/cilt kanseri/cilt-kanseri-teshisi-bitirme/data/synthetic/generated_malign/synth_malign_00521.jpg,1
/Users/suleymanmini/Desktop/cilt kanseri/cilt-kanseri-teshisi-bitirme/data/raw/HAM10000_images_part_2/ISIC_0034166.jpg,0
/Users/suleymanmini/Desktop/cilt kanseri/cilt-kanseri-teshisi-bitirme/data/raw/HAM10000_images_part_1/ISIC_0027193.jpg,0
/Users/suleymanmini/Desktop/cilt kanseri/cilt-kanseri-teshisi-bitirme/data/raw/HAM10000_images_part_1/ISIC_0026663.jpg,0
/Users/suleymanmini/Desktop/cilt kanseri/cilt-kanseri-teshisi-bitirme/data/raw/HAM10000_images_part_2/ISIC_0033204.jpg,1
/Users/suleymanmini/Desktop/cilt kanseri/cilt-kanseri-teshisi-bitirme/data/raw/HAM10000_images_part_2/ISIC_0031993.jpg,1
/Users/suleymanmini/Desktop/cilt kanseri/cilt-kanseri-teshisi-bitirme/data/synthetic/generated_malign/synth_malign_00462.jpg,1
/Users/suleymanmini/Desktop/cilt kanseri/cilt-kanseri-teshisi-bitirme/data/raw/HAM10000_images_part_2/ISIC_0032284.jpg,0
/Users/suleymanmini/Desktop/cilt kanseri/cilt-kanseri-teshisi-bitirme/data/raw/HAM10000_images_part_2/ISIC_0032500.jpg,0
/Users/suleymanmini/Desktop/cilt kanseri/cilt-kanseri-teshisi-bitirme/data/raw/HAM10000_images_part_2/ISIC_0031310.jpg,1
/Users/suleymanmini/Desktop/cilt kanseri/cilt-kanseri-teshisi-bitirme/data/raw/HAM10000_images_part_2/ISIC_0034157.jpg,0
/Users/suleymanmini/Desktop/cilt kanseri/cilt-kanseri-teshisi-bitirme/data/raw/HAM10000_images_part_2/ISIC_0033646.jpg,0
/Users/suleymanmini/Desktop/cilt kanseri/cilt-kanseri-teshisi-bitirme/data/raw/HAM10000_images_part_2/ISIC_0032121.jpg,0
/Users/suleymanmini/Desktop/cilt kanseri/cilt-kanseri-teshisi-bitirme/data/raw/HAM10000_images_part_1/ISIC_0027140.jpg,0
/Users/suleymanmini/Desktop/cilt kanseri/cilt-kanseri-teshisi-bitirme/data/raw/HAM10000_images_part_2/ISIC_0030648.jpg,0
/Users/suleymanmini/Desktop/cilt kanseri/cilt-kanseri-teshisi-bitirme/data/raw/HAM10000_images_part_2/ISIC_0032330.jpg,0
/Users/suleymanmini/Desktop/cilt kanseri/cilt-kanseri-teshisi-bitirme/data/raw/HAM10000_images_part_2/ISIC_0032479.jpg,0
/Users/suleymanmini/Desktop/cilt kanseri/cilt-kanseri-teshisi-bitirme/data/raw/HAM10000_images_part_1/ISIC_0025443.jpg,0
/Users/suleymanmini/Desktop/cilt kanseri/cilt-kanseri-teshisi-bitirme/data/raw/HAM10000_images_part_1/ISIC_0026488.jpg,0
/Users/suleymanmini/Desktop/cilt kanseri/cilt-kanseri-teshisi-bitirme/data/synthetic/generated_malign/synth_malign_00538.jpg,1
/Users/suleymanmini/Desktop/cilt kanseri/cilt-kanseri-teshisi-bitirme/data/raw/HAM10000_images_part_1/ISIC_0029075.jpg,0
/Users/suleymanmini/Desktop/cilt kanseri/cilt-kanseri-teshisi-bitirme/data/raw/HAM10000_images_part_2/ISIC_0029822.jpg,0
/Users/suleymanmini/Desktop/cilt kanseri/cilt-kanseri-teshisi-bitirme/data/raw/HAM10000_images_part_1/ISIC_0026971.jpg,0
/Users/suleymanmini/Desktop/cilt kanseri/cilt-kanseri-teshisi-bitirme/data/raw/HAM10000_images_part_2/ISIC_0029462.jpg,1
/Users/suleymanmini/Desktop/cilt kanseri/cilt-kanseri-teshisi-bitirme/data/synthetic/generated_malign/synth_malign_00749.jpg,1
/Users/suleymanmini/Desktop/cilt kanseri/cilt-kanseri-teshisi-bitirme/data/raw/HAM10000_images_part_2/ISIC_0031953.jpg,1
/Users/suleymanmini/Desktop/cilt kanseri/cilt-kanseri-teshisi-bitirme/data/raw/HAM10000_images_part_1/ISIC_0027026.jpg,0
/Users/suleymanmini/Desktop/cilt kanseri/cilt-kanseri-teshisi-bitirme/data/raw/HAM10000_images_part_1/ISIC_0025247.jpg,1
/Users/suleymanmini/Desktop/cilt kanseri/cilt-kanseri-teshisi-bitirme/data/raw/HAM10000_images_part_2/ISIC_0030169.jpg,0
/Users/suleymanmini/Desktop/cilt kanseri/cilt-kanseri-teshisi-bitirme/data/raw/HAM10000_images_part_2/ISIC_0032017.jpg,1
/Users/suleymanmini/Desktop/cilt kanseri/cilt-kanseri-teshisi-bitirme/data/synthetic/generated_malign/synth_malign_00119.jpg,1
/Users/suleymanmini/Desktop/cilt kanseri/cilt-kanseri-teshisi-bitirme/data/raw/HAM10000_images_part_2/ISIC_0031695.jpg,0
/Users/suleymanmini/Desktop/cilt kanseri/cilt-kanseri-teshisi-bitirme/data/raw/HAM10000_images_part_1/ISIC_0028030.jpg,0
/Users/suleymanmini/Desktop/cilt kanseri/cilt-kanseri-teshisi-bitirme/data/raw/HAM10000_images_part_2/ISIC_0030232.jpg,0
/Users/suleymanmini/Desktop/cilt kanseri/cilt-kanseri-teshisi-bitirme/data/raw/HAM10000_images_part_2/ISIC_0031160.jpg,0
/Users/suleymanmini/Desktop/cilt kanseri/cilt-kanseri-teshisi-bitirme/data/synthetic/generated_malign/synth_malign_00084.jpg,1
/Users/suleymanmini/Desktop/cilt kanseri/cilt-kanseri-teshisi-bitirme/data/raw/HAM10000_images_part_2/ISIC_0031978.jpg,0
/Users/suleymanmini/Desktop/cilt kanseri/cilt-kanseri-teshisi-bitirme/data/raw/HAM10000_images_part_1/ISIC_0026718.jpg,0
/Users/suleymanmini/Desktop/cilt kanseri/cilt-kanseri-teshisi-bitirme/data/raw/HAM10000_images_part_1/ISIC_0027423.jpg,0
/Users/suleymanmini/Desktop/cilt kanseri/cilt-kanseri-teshisi-bitirme/data/raw/HAM10000_images_part_1/ISIC_0027961.jpg,0
/Users/suleymanmini/Desktop/cilt kanseri/cilt-kanseri-teshisi-bitirme/data/raw/HAM10000_images_part_2/ISIC_0032977.jpg,0
/Users/suleymanmini/Desktop/cilt kanseri/cilt-kanseri-teshisi-bitirme/data/raw/HAM10000_images_part_1/ISIC_0027602.jpg,0
/Users/suleymanmini/Desktop/cilt kanseri/cilt-kanseri-teshisi-bitirme/data/raw/HAM10000_images_part_2/ISIC_0034198.jpg,0
/Users/suleymanmini/Desktop/cilt kanseri/cilt-kanseri-teshisi-bitirme/data/raw/HAM10000_images_part_1/ISIC_0028353.jpg,0
/Users/suleymanmini/Desktop/cilt kanseri/cilt-kanseri-teshisi-bitirme/data/raw/HAM10000_images_part_2/ISIC_0030561.jpg,0
/Users/suleymanmini/Desktop/cilt kanseri/cilt-kanseri-teshisi-bitirme/data/raw/HAM10000_images_part_1/ISIC_0026691.jpg,0
/Users/suleymanmini/Desktop/cilt kanseri/cilt-kanseri-teshisi-bitirme/data/raw/HAM10000_images_part_2/ISIC_0032986.jpg,0
/Users/suleymanmini/Desktop/cilt kanseri/cilt-kanseri-teshisi-bitirme/data/raw/HAM10000_images_part_1/ISIC_0029054.jpg,0
/Users/suleymanmini/Desktop/cilt kanseri/cilt-kanseri-teshisi-bitirme/data/raw/HAM10000_images_part_2/ISIC_0033254.jpg,0
/Users/suleymanmini/Desktop/cilt kanseri/cilt-kanseri-teshisi-bitirme/data/raw/HAM10000_images_part_1/ISIC_0024641.jpg,0
/Users/suleymanmini/Desktop/cilt kanseri/cilt-kanseri-teshisi-bitirme/data/raw/HAM10000_images_part_2/ISIC_0029890.jpg,0
/Users/suleymanmini/Desktop/cilt kanseri/cilt-kanseri-teshisi-bitirme/data/raw/HAM10000_images_part_1/ISIC_0024475.jpg,0
/Users/suleymanmini/Desktop/cilt kanseri/cilt-kanseri-teshisi-bitirme/data/raw/HAM10000_images_part_2/ISIC_0032668.jpg,0
/Users/suleymanmini/Desktop/cilt kanseri/cilt-kanseri-teshisi-bitirme/data/synthetic/generated_malign/synth_malign_00021.jpg,1
/Users/suleymanmini/Desktop/cilt kanseri/cilt-kanseri-teshisi-bitirme/data/synthetic/generated_malign/synth_malign_00807.jpg,1
/Users/suleymanmini/Desktop/cilt kanseri/cilt-kanseri-teshisi-bitirme/data/synthetic/generated_malign/synth_malign_00882.jpg,1
/Users/suleymanmini/Desktop/cilt kanseri/cilt-kanseri-teshisi-bitirme/data/raw/HAM10000_images_part_2/ISIC_0031701.jpg,0
/Users/suleymanmini/Desktop/cilt kanseri/cilt-kanseri-teshisi-bitirme/data/raw/HAM10000_images_part_2/ISIC_0032562.jpg,0
/Users/suleymanmini/Desktop/cilt kanseri/cilt-kanseri-teshisi-bitirme/data/raw/HAM10000_images_part_2/ISIC_0029383.jpg,0
/Users/suleymanmini/Desktop/cilt kanseri/cilt-kanseri-teshisi-bitirme/data/raw/HAM10000_images_part_1/ISIC_0025974.jpg,0
/Users/suleymanmini/Desktop/cilt kanseri/cilt-kanseri-teshisi-bitirme/data/synthetic/generated_malign/synth_malign_00514.jpg,1
/Users/suleymanmini/Desktop/cilt kanseri/cilt-kanseri-teshisi-bitirme/data/raw/HAM10000_images_part_2/ISIC_0032809.jpg,0
/Users/suleymanmini/Desktop/cilt kanseri/cilt-kanseri-teshisi-bitirme/data/raw/HAM10000_images_part_1/ISIC_0025595.jpg,0
/Users/suleymanmini/Desktop/cilt kanseri/cilt-kanseri-teshisi-bitirme/data/raw/HAM10000_images_part_1/ISIC_0026986.jpg,0
/Users/suleymanmini/Desktop/cilt kanseri/cilt-kanseri-teshisi-bitirme/data/raw/HAM10000_images_part_1/ISIC_0028142.jpg,0
/Users/suleymanmini/Desktop/cilt kanseri/cilt-kanseri-teshisi-bitirme/data/raw/HAM10000_images_part_2/ISIC_0031590.jpg,0
/Users/suleymanmini/Desktop/cilt kanseri/cilt-kanseri-teshisi-bitirme/data/raw/HAM10000_images_part_1/ISIC_0025371.jpg,0
/Users/suleymanmini/Desktop/cilt kanseri/cilt-kanseri-teshisi-bitirme/data/raw/HAM10000_images_part_1/ISIC_0024874.jpg,0
/Users/suleymanmini/Desktop/cilt kanseri/cilt-kanseri-teshisi-bitirme/data/raw/HAM10000_images_part_2/ISIC_0030828.jpg,1
/Users/suleymanmini/Desktop/cilt kanseri/cilt-kanseri-teshisi-bitirme/data/raw/HAM10000_images_part_2/ISIC_0031644.jpg,0
/Users/suleymanmini/Desktop/cilt kanseri/cilt-kanseri-teshisi-bitirme/data/synthetic/generated_malign/synth_malign_00556.jpg,1
/Users/suleymanmini/Desktop/cilt kanseri/cilt-kanseri-teshisi-bitirme/data/raw/HAM10000_images_part_2/ISIC_0032428.jpg,0
/Users/suleymanmini/Desktop/cilt kanseri/cilt-kanseri-teshisi-bitirme/data/raw/HAM10000_images_part_2/ISIC_0031224.jpg,0
/Users/suleymanmini/Desktop/cilt kanseri/cilt-kanseri-teshisi-bitirme/data/synthetic/generated_malign/synth_malign_00883.jpg,1
/Users/suleymanmini/Desktop/cilt kanseri/cilt-kanseri-teshisi-bitirme/data/raw/HAM10000_images_part_1/ISIC_0027963.jpg,0
/Users/suleymanmini/Desktop/cilt kanseri/cilt-kanseri-teshisi-bitirme/data/raw/HAM10000_images_part_2/ISIC_0031463.jpg,0
/Users/suleymanmini/Desktop/cilt kanseri/cilt-kanseri-teshisi-bitirme/data/synthetic/generated_malign/synth_malign_00860.jpg,1
/Users/suleymanmini/Desktop/cilt kanseri/cilt-kanseri-teshisi-bitirme/data/raw/HAM10000_images_part_1/ISIC_0025530.jpg,1
/Users/suleymanmini/Desktop/cilt kanseri/cilt-kanseri-teshisi-bitirme/data/raw/HAM10000_images_part_1/ISIC_0025567.jpg,0
/Users/suleymanmini/Desktop/cilt kanseri/cilt-kanseri-teshisi-bitirme/data/raw/HAM10000_images_part_1/ISIC_0028723.jpg,0
/Users/suleymanmini/Desktop/cilt kanseri/cilt-kanseri-teshisi-bitirme/data/raw/HAM10000_images_part_2/ISIC_0031698.jpg,1
/Users/suleymanmini/Desktop/cilt kanseri/cilt-kanseri-teshisi-bitirme/data/raw/HAM10000_images_part_1/ISIC_0028274.jpg,0
/Users/suleymanmini/Desktop/cilt kanseri/cilt-kanseri-teshisi-bitirme/data/raw/HAM10000_images_part_1/ISIC_0028429.jpg,0
/Users/suleymanmini/Desktop/cilt kanseri/cilt-kanseri-teshisi-bitirme/data/raw/HAM10000_images_part_2/ISIC_0033101.jpg,0
/Users/suleymanmini/Desktop/cilt kanseri/cilt-kanseri-teshisi-bitirme/data/raw/HAM10000_images_part_2/ISIC_0031781.jpg,0
/Users/suleymanmini/Desktop/cilt kanseri/cilt-kanseri-teshisi-bitirme/data/raw/HAM10000_images_part_2/ISIC_0031240.jpg,0
/Users/suleymanmini/Desktop/cilt kanseri/cilt-kanseri-teshisi-bitirme/data/raw/HAM10000_images_part_2/ISIC_0032218.jpg,0
/Users/suleymanmini/Desktop/cilt kanseri/cilt-kanseri-teshisi-bitirme/data/raw/HAM10000_images_part_1/ISIC_0027505.jpg,0
/Users/suleymanmini/Desktop/cilt kanseri/cilt-kanseri-teshisi-bitirme/data/raw/HAM10000_images_part_2/ISIC_0033564.jpg,0
/Users/suleymanmini/Desktop/cilt kanseri/cilt-kanseri-teshisi-bitirme/data/raw/HAM10000_images_part_1/ISIC_0024472.jpg,1
/Users/suleymanmini/Desktop/cilt kanseri/cilt-kanseri-teshisi-bitirme/data/raw/HAM10000_images_part_2/ISIC_0032365.jpg,0
/Users/suleymanmini/Desktop/cilt kanseri/cilt-kanseri-teshisi-bitirme/data/synthetic/generated_malign/synth_malign_00244.jpg,1
/Users/suleymanmini/Desktop/cilt kanseri/cilt-kanseri-teshisi-bitirme/data/raw/HAM10000_images_part_1/ISIC_0028022.jpg,1
/Users/suleymanmini/Desktop/cilt kanseri/cilt-kanseri-teshisi-bitirme/data/raw/HAM10000_images_part_1/ISIC_0026008.jpg,0
/Users/suleymanmini/Desktop/cilt kanseri/cilt-kanseri-teshisi-bitirme/data/raw/HAM10000_images_part_2/ISIC_0033936.jpg,0
/Users/suleymanmini/Desktop/cilt kanseri/cilt-kanseri-teshisi-bitirme/data/raw/HAM10000_images_part_2/ISIC_0030631.jpg,0
/Users/suleymanmini/Desktop/cilt kanseri/cilt-kanseri-teshisi-bitirme/data/raw/HAM10000_images_part_1/ISIC_0027870.jpg,0
/Users/suleymanmini/Desktop/cilt kanseri/cilt-kanseri-teshisi-bitirme/data/raw/HAM10000_images_part_2/ISIC_0033907.jpg,0
/Users/suleymanmini/Desktop/cilt kanseri/cilt-kanseri-teshisi-bitirme/data/raw/HAM10000_images_part_2/ISIC_0033713.jpg,1
/Users/suleymanmini/Desktop/cilt kanseri/cilt-kanseri-teshisi-bitirme/data/raw/HAM10000_images_part_1/ISIC_0026364.jpg,0
/Users/suleymanmini/Desktop/cilt kanseri/cilt-kanseri-teshisi-bitirme/data/raw/HAM10000_images_part_1/ISIC_0025489.jpg,1
/Users/suleymanmini/Desktop/cilt kanseri/cilt-kanseri-teshisi-bitirme/data/raw/HAM10000_images_part_1/ISIC_0026951.jpg,0
/Users/suleymanmini/Desktop/cilt kanseri/cilt-kanseri-teshisi-bitirme/data/raw/HAM10000_images_part_2/ISIC_0029503.jpg,0
/Users/suleymanmini/Desktop/cilt kanseri/cilt-kanseri-teshisi-bitirme/data/raw/HAM10000_images_part_2/ISIC_0032384.jpg,1
/Users/suleymanmini/Desktop/cilt kanseri/cilt-kanseri-teshisi-bitirme/data/raw/HAM10000_images_part_1/ISIC_0024532.jpg,0
/Users/suleymanmini/Desktop/cilt kanseri/cilt-kanseri-teshisi-bitirme/data/synthetic/generated_malign/synth_malign_00017.jpg,1
/Users/suleymanmini/Desktop/cilt kanseri/cilt-kanseri-teshisi-bitirme/data/raw/HAM10000_images_part_1/ISIC_0025728.jpg,0
/Users/suleymanmini/Desktop/cilt kanseri/cilt-kanseri-teshisi-bitirme/data/raw/HAM10000_images_part_1/ISIC_0025563.jpg,0
/Users/suleymanmini/Desktop/cilt kanseri/cilt-kanseri-teshisi-bitirme/data/raw/HAM10000_images_part_2/ISIC_0029449.jpg,0
/Users/suleymanmini/Desktop/cilt kanseri/cilt-kanseri-teshisi-bitirme/data/raw/HAM10000_images_part_1/ISIC_0027846.jpg,1
/Users/suleymanmini/Desktop/cilt kanseri/cilt-kanseri-teshisi-bitirme/data/raw/HAM10000_images_part_2/ISIC_0033664.jpg,0
/Users/suleymanmini/Desktop/cilt kanseri/cilt-kanseri-teshisi-bitirme/data/raw/HAM10000_images_part_1/ISIC_0024764.jpg,0
/Users/suleymanmini/Desktop/cilt kanseri/cilt-kanseri-teshisi-bitirme/data/raw/HAM10000_images_part_1/ISIC_0026447.jpg,0
/Users/suleymanmini/Desktop/cilt kanseri/cilt-kanseri-teshisi-bitirme/data/synthetic/generated_malign/synth_malign_00152.jpg,1
/Users/suleymanmini/Desktop/cilt kanseri/cilt-kanseri-teshisi-bitirme/data/raw/HAM10000_images_part_2/ISIC_0031966.jpg,0
/Users/suleymanmini/Desktop/cilt kanseri/cilt-kanseri-teshisi-bitirme/data/raw/HAM10000_images_part_2/ISIC_0033349.jpg,0
/Users/suleymanmini/Desktop/cilt kanseri/cilt-kanseri-teshisi-bitirme/data/raw/HAM10000_images_part_2/ISIC_0033457.jpg,0
/Users/suleymanmini/Desktop/cilt kanseri/cilt-kanseri-teshisi-bitirme/data/raw/HAM10000_images_part_2/ISIC_0031087.jpg,1
/Users/suleymanmini/Desktop/cilt kanseri/cilt-kanseri-teshisi-bitirme/data/synthetic/generated_malign/synth_malign_00832.jpg,1
/Users/suleymanmini/Desktop/cilt kanseri/cilt-kanseri-teshisi-bitirme/data/raw/HAM10000_images_part_1/ISIC_0027149.jpg,1
/Users/suleymanmini/Desktop/cilt kanseri/cilt-kanseri-teshisi-bitirme/data/raw/HAM10000_images_part_2/ISIC_0029382.jpg,0
/Users/suleymanmini/Desktop/cilt kanseri/cilt-kanseri-teshisi-bitirme/data/raw/HAM10000_images_part_1/ISIC_0025157.jpg,0
/Users/suleymanmini/Desktop/cilt kanseri/cilt-kanseri-teshisi-bitirme/data/raw/HAM10000_images_part_1/ISIC_0028526.jpg,0
/Users/suleymanmini/Desktop/cilt kanseri/cilt-kanseri-teshisi-bitirme/data/raw/HAM10000_images_part_1/ISIC_0026565.jpg,0
/Users/suleymanmini/Desktop/cilt kanseri/cilt-kanseri-teshisi-bitirme/data/raw/HAM10000_images_part_1/ISIC_0027134.jpg,0
/Users/suleymanmini/Desktop/cilt kanseri/cilt-kanseri-teshisi-bitirme/data/raw/HAM10000_images_part_2/ISIC_0029810.jpg,0
/Users/suleymanmini/Desktop/cilt kanseri/cilt-kanseri-teshisi-bitirme/data/raw/HAM10000_images_part_1/ISIC_0026467.jpg,0
/Users/suleymanmini/Desktop/cilt kanseri/cilt-kanseri-teshisi-bitirme/data/raw/HAM10000_images_part_1/ISIC_0024329.jpg,1
/Users/suleymanmini/Desktop/cilt kanseri/cilt-kanseri-teshisi-bitirme/data/raw/HAM10000_images_part_1/ISIC_0027908.jpg,0
/Users/suleymanmini/Desktop/cilt kanseri/cilt-kanseri-teshisi-bitirme/data/raw/HAM10000_images_part_1/ISIC_0027465.jpg,0
/Users/suleymanmini/Desktop/cilt kanseri/cilt-kanseri-teshisi-bitirme/data/raw/HAM10000_images_part_2/ISIC_0032611.jpg,1
/Users/suleymanmini/Desktop/cilt kanseri/cilt-kanseri-teshisi-bitirme/data/raw/HAM10000_images_part_1/ISIC_0027039.jpg,0
/Users/suleymanmini/Desktop/cilt kanseri/cilt-kanseri-teshisi-bitirme/data/synthetic/generated_malign/synth_malign_00692.jpg,1
/Users/suleymanmini/Desktop/cilt kanseri/cilt-kanseri-teshisi-bitirme/data/raw/HAM10000_images_part_1/ISIC_0026846.jpg,0
/Users/suleymanmini/Desktop/cilt kanseri/cilt-kanseri-teshisi-bitirme/data/raw/HAM10000_images_part_2/ISIC_0031064.jpg,0
/Users/suleymanmini/Desktop/cilt kanseri/cilt-kanseri-teshisi-bitirme/data/synthetic/generated_malign/synth_malign_00154.jpg,1
/Users/suleymanmini/Desktop/cilt kanseri/cilt-kanseri-teshisi-bitirme/data/raw/HAM10000_images_part_2/ISIC_0032831.jpg,0
/Users/suleymanmini/Desktop/cilt kanseri/cilt-kanseri-teshisi-bitirme/data/raw/HAM10000_images_part_1/ISIC_0027605.jpg,0
/Users/suleymanmini/Desktop/cilt kanseri/cilt-kanseri-teshisi-bitirme/data/raw/HAM10000_images_part_1/ISIC_0026446.jpg,0
/Users/suleymanmini/Desktop/cilt kanseri/cilt-kanseri-teshisi-bitirme/data/raw/HAM10000_images_part_2/ISIC_0031015.jpg,0
/Users/suleymanmini/Desktop/cilt kanseri/cilt-kanseri-teshisi-bitirme/data/raw/HAM10000_images_part_2/ISIC_0032712.jpg,0
/Users/suleymanmini/Desktop/cilt kanseri/cilt-kanseri-teshisi-bitirme/data/raw/HAM10000_images_part_1/ISIC_0027828.jpg,0
/Users/suleymanmini/Desktop/cilt kanseri/cilt-kanseri-teshisi-bitirme/data/raw/HAM10000_images_part_2/ISIC_0030466.jpg,0
/Users/suleymanmini/Desktop/cilt kanseri/cilt-kanseri-teshisi-bitirme/data/raw/HAM10000_images_part_1/ISIC_0026693.jpg,0
/Users/suleymanmini/Desktop/cilt kanseri/cilt-kanseri-teshisi-bitirme/data/raw/HAM10000_images_part_1/ISIC_0029294.jpg,0
/Users/suleymanmini/Desktop/cilt kanseri/cilt-kanseri-teshisi-bitirme/data/raw/HAM10000_images_part_1/ISIC_0024742.jpg,0
/Users/suleymanmini/Desktop/cilt kanseri/cilt-kanseri-teshisi-bitirme/data/raw/HAM10000_images_part_1/ISIC_0025263.jpg,0
/Users/suleymanmini/Desktop/cilt kanseri/cilt-kanseri-teshisi-bitirme/data/raw/HAM10000_images_part_2/ISIC_0034253.jpg,1
/Users/suleymanmini/Desktop/cilt kanseri/cilt-kanseri-teshisi-bitirme/data/raw/HAM10000_images_part_1/ISIC_0024935.jpg,0
/Users/suleymanmini/Desktop/cilt kanseri/cilt-kanseri-teshisi-bitirme/data/raw/HAM10000_images_part_1/ISIC_0027094.jpg,0
/Users/suleymanmini/Desktop/cilt kanseri/cilt-kanseri-teshisi-bitirme/data/raw/HAM10000_images_part_1/ISIC_0029257.jpg,0
/Users/suleymanmini/Desktop/cilt kanseri/cilt-kanseri-teshisi-bitirme/data/raw/HAM10000_images_part_1/ISIC_0026880.jpg,0
/Users/suleymanmini/Desktop/cilt kanseri/cilt-kanseri-teshisi-bitirme/data/synthetic/generated_malign/synth_malign_00104.jpg,1
/Users/suleymanmini/Desktop/cilt kanseri/cilt-kanseri-teshisi-bitirme/data/raw/HAM10000_images_part_1/ISIC_0029277.jpg,0
/Users/suleymanmini/Desktop/cilt kanseri/cilt-kanseri-teshisi-bitirme/data/raw/HAM10000_images_part_2/ISIC_0030697.jpg,0
/Users/suleymanmini/Desktop/cilt kanseri/cilt-kanseri-teshisi-bitirme/data/raw/HAM10000_images_part_1/ISIC_0024580.jpg,0
/Users/suleymanmini/Desktop/cilt kanseri/cilt-kanseri-teshisi-bitirme/data/raw/HAM10000_images_part_1/ISIC_0026811.jpg,1
/Users/suleymanmini/Desktop/cilt kanseri/cilt-kanseri-teshisi-bitirme/data/raw/HAM10000_images_part_2/ISIC_0031452.jpg,0
/Users/suleymanmini/Desktop/cilt kanseri/cilt-kanseri-teshisi-bitirme/data/raw/HAM10000_images_part_1/ISIC_0025568.jpg,0
/Users/suleymanmini/Desktop/cilt kanseri/cilt-kanseri-teshisi-bitirme/data/raw/HAM10000_images_part_1/ISIC_0025170.jpg,0
/Users/suleymanmini/Desktop/cilt kanseri/cilt-kanseri-teshisi-bitirme/data/raw/HAM10000_images_part_1/ISIC_0026432.jpg,0
/Users/suleymanmini/Desktop/cilt kanseri/cilt-kanseri-teshisi-bitirme/data/raw/HAM10000_images_part_1/ISIC_0025816.jpg,0
/Users/suleymanmini/Desktop/cilt kanseri/cilt-kanseri-teshisi-bitirme/data/raw/HAM10000_images_part_2/ISIC_0033670.jpg,1
/Users/suleymanmini/Desktop/cilt kanseri/cilt-kanseri-teshisi-bitirme/data/synthetic/generated_malign/synth_malign_00308.jpg,1
/Users/suleymanmini/Desktop/cilt kanseri/cilt-kanseri-teshisi-bitirme/data/raw/HAM10000_images_part_2/ISIC_0031111.jpg,0
/Users/suleymanmini/Desktop/cilt kanseri/cilt-kanseri-teshisi-bitirme/data/raw/HAM10000_images_part_2/ISIC_0029883.jpg,0
/Users/suleymanmini/Desktop/cilt kanseri/cilt-kanseri-teshisi-bitirme/data/synthetic/generated_malign/synth_malign_00978.jpg,1
/Users/suleymanmini/Desktop/cilt kanseri/cilt-kanseri-teshisi-bitirme/data/raw/HAM10000_images_part_2/ISIC_0029332.jpg,0
/Users/suleymanmini/Desktop/cilt kanseri/cilt-kanseri-teshisi-bitirme/data/raw/HAM10000_images_part_1/ISIC_0024437.jpg,0
/Users/suleymanmini/Desktop/cilt kanseri/cilt-kanseri-teshisi-bitirme/data/raw/HAM10000_images_part_1/ISIC_0025833.jpg,0
/Users/suleymanmini/Desktop/cilt kanseri/cilt-kanseri-teshisi-bitirme/data/synthetic/generated_malign/synth_malign_00446.jpg,1
/Users/suleymanmini/Desktop/cilt kanseri/cilt-kanseri-teshisi-bitirme/data/raw/HAM10000_images_part_2/ISIC_0030516.jpg,0
/Users/suleymanmini/Desktop/cilt kanseri/cilt-kanseri-teshisi-bitirme/data/raw/HAM10000_images_part_2/ISIC_0029776.jpg,0
/Users/suleymanmini/Desktop/cilt kanseri/cilt-kanseri-teshisi-bitirme/data/synthetic/generated_malign/synth_malign_00823.jpg,1
/Users/suleymanmini/Desktop/cilt kanseri/cilt-kanseri-teshisi-bitirme/data/raw/HAM10000_images_part_2/ISIC_0033593.jpg,1
/Users/suleymanmini/Desktop/cilt kanseri/cilt-kanseri-teshisi-bitirme/data/raw/HAM10000_images_part_2/ISIC_0030636.jpg,0
/Users/suleymanmini/Desktop/cilt kanseri/cilt-kanseri-teshisi-bitirme/data/raw/HAM10000_images_part_1/ISIC_0024903.jpg,0
/Users/suleymanmini/Desktop/cilt kanseri/cilt-kanseri-teshisi-bitirme/data/synthetic/generated_malign/synth_malign_00395.jpg,1
/Users/suleymanmini/Desktop/cilt kanseri/cilt-kanseri-teshisi-bitirme/data/raw/HAM10000_images_part_1/ISIC_0025967.jpg,0
/Users/suleymanmini/Desktop/cilt kanseri/cilt-kanseri-teshisi-bitirme/data/synthetic/generated_malign/synth_malign_00663.jpg,1
/Users/suleymanmini/Desktop/cilt kanseri/cilt-kanseri-teshisi-bitirme/data/raw/HAM10000_images_part_2/ISIC_0033594.jpg,1
/Users/suleymanmini/Desktop/cilt kanseri/cilt-kanseri-teshisi-bitirme/data/raw/HAM10000_images_part_2/ISIC_0032279.jpg,0
/Users/suleymanmini/Desktop/cilt kanseri/cilt-kanseri-teshisi-bitirme/data/synthetic/generated_malign/synth_malign_00077.jpg,1
/Users/suleymanmini/Desktop/cilt kanseri/cilt-kanseri-teshisi-bitirme/data/synthetic/generated_malign/synth_malign_00186.jpg,1
/Users/suleymanmini/Desktop/cilt kanseri/cilt-kanseri-teshisi-bitirme/data/raw/HAM10000_images_part_2/ISIC_0029620.jpg,0
/Users/suleymanmini/Desktop/cilt kanseri/cilt-kanseri-teshisi-bitirme/data/raw/HAM10000_images_part_2/ISIC_0029861.jpg,0
/Users/suleymanmini/Desktop/cilt kanseri/cilt-kanseri-teshisi-bitirme/data/raw/HAM10000_images_part_1/ISIC_0026059.jpg,0
/Users/suleymanmini/Desktop/cilt kanseri/cilt-kanseri-teshisi-bitirme/data/raw/HAM10000_images_part_2/ISIC_0033332.jpg,0
/Users/suleymanmini/Desktop/cilt kanseri/cilt-kanseri-teshisi-bitirme/data/raw/HAM10000_images_part_2/ISIC_0030335.jpg,1
/Users/suleymanmini/Desktop/cilt kanseri/cilt-kanseri-teshisi-bitirme/data/raw/HAM10000_images_part_2/ISIC_0031930.jpg,0
/Users/suleymanmini/Desktop/cilt kanseri/cilt-kanseri-teshisi-bitirme/data/raw/HAM10000_images_part_1/ISIC_0027079.jpg,0
/Users/suleymanmini/Desktop/cilt kanseri/cilt-kanseri-teshisi-bitirme/data/raw/HAM10000_images_part_1/ISIC_0028832.jpg,0
/Users/suleymanmini/Desktop/cilt kanseri/cilt-kanseri-teshisi-bitirme/data/raw/HAM10000_images_part_2/ISIC_0030376.jpg,0
/Users/suleymanmini/Desktop/cilt kanseri/cilt-kanseri-teshisi-bitirme/data/raw/HAM10000_images_part_1/ISIC_0027488.jpg,0
/Users/suleymanmini/Desktop/cilt kanseri/cilt-kanseri-teshisi-bitirme/data/synthetic/generated_malign/synth_malign_00937.jpg,1
/Users/suleymanmini/Desktop/cilt kanseri/cilt-kanseri-teshisi-bitirme/data/raw/HAM10000_images_part_2/ISIC_0029919.jpg,1
/Users/suleymanmini/Desktop/cilt kanseri/cilt-kanseri-teshisi-bitirme/data/raw/HAM10000_images_part_1/ISIC_0027792.jpg,0
/Users/suleymanmini/Desktop/cilt kanseri/cilt-kanseri-teshisi-bitirme/data/raw/HAM10000_images_part_2/ISIC_0030035.jpg,0
/Users/suleymanmini/Desktop/cilt kanseri/cilt-kanseri-teshisi-bitirme/data/raw/HAM10000_images_part_1/ISIC_0027228.jpg,0
/Users/suleymanmini/Desktop/cilt kanseri/cilt-kanseri-teshisi-bitirme/data/raw/HAM10000_images_part_1/ISIC_0025941.jpg,1
/Users/suleymanmini/Desktop/cilt kanseri/cilt-kanseri-teshisi-bitirme/data/synthetic/generated_malign/synth_malign_00543.jpg,1
/Users/suleymanmini/Desktop/cilt kanseri/cilt-kanseri-teshisi-bitirme/data/raw/HAM10000_images_part_1/ISIC_0025087.jpg,0
/Users/suleymanmini/Desktop/cilt kanseri/cilt-kanseri-teshisi-bitirme/data/raw/HAM10000_images_part_2/ISIC_0030153.jpg,0
/Users/suleymanmini/Desktop/cilt kanseri/cilt-kanseri-teshisi-bitirme/data/raw/HAM10000_images_part_1/ISIC_0028516.jpg,0
/Users/suleymanmini/Desktop/cilt kanseri/cilt-kanseri-teshisi-bitirme/data/raw/HAM10000_images_part_1/ISIC_0027721.jpg,1
/Users/suleymanmini/Desktop/cilt kanseri/cilt-kanseri-teshisi-bitirme/data/raw/HAM10000_images_part_1/ISIC_0026742.jpg,0
/Users/suleymanmini/Desktop/cilt kanseri/cilt-kanseri-teshisi-bitirme/data/raw/HAM10000_images_part_1/ISIC_0028617.jpg,0
/Users/suleymanmini/Desktop/cilt kanseri/cilt-kanseri-teshisi-bitirme/data/raw/HAM10000_images_part_2/ISIC_0030938.jpg,0
/Users/suleymanmini/Desktop/cilt kanseri/cilt-kanseri-teshisi-bitirme/data/raw/HAM10000_images_part_2/ISIC_0031884.jpg,0
/Users/suleymanmini/Desktop/cilt kanseri/cilt-kanseri-teshisi-bitirme/data/raw/HAM10000_images_part_1/ISIC_0026961.jpg,0
/Users/suleymanmini/Desktop/cilt kanseri/cilt-kanseri-teshisi-bitirme/data/raw/HAM10000_images_part_1/ISIC_0027336.jpg,0
/Users/suleymanmini/Desktop/cilt kanseri/cilt-kanseri-teshisi-bitirme/data/raw/HAM10000_images_part_1/ISIC_0025122.jpg,0
/Users/suleymanmini/Desktop/cilt kanseri/cilt-kanseri-teshisi-bitirme/data/synthetic/generated_malign/synth_malign_00296.jpg,1
/Users/suleymanmini/Desktop/cilt kanseri/cilt-kanseri-teshisi-bitirme/data/raw/HAM10000_images_part_2/ISIC_0031984.jpg,0
/Users/suleymanmini/Desktop/cilt kanseri/cilt-kanseri-teshisi-bitirme/data/raw/HAM10000_images_part_1/ISIC_0029147.jpg,0
/Users/suleymanmini/Desktop/cilt kanseri/cilt-kanseri-teshisi-bitirme/data/raw/HAM10000_images_part_1/ISIC_0027411.jpg,0
/Users/suleymanmini/Desktop/cilt kanseri/cilt-kanseri-teshisi-bitirme/data/raw/HAM10000_images_part_2/ISIC_0032550.jpg,1
/Users/suleymanmini/Desktop/cilt kanseri/cilt-kanseri-teshisi-bitirme/data/raw/HAM10000_images_part_2/ISIC_0032337.jpg,0
/Users/suleymanmini/Desktop/cilt kanseri/cilt-kanseri-teshisi-bitirme/data/raw/HAM10000_images_part_2/ISIC_0029622.jpg,0
/Users/suleymanmini/Desktop/cilt kanseri/cilt-kanseri-teshisi-bitirme/data/raw/HAM10000_images_part_1/ISIC_0025142.jpg,0
/Users/suleymanmini/Desktop/cilt kanseri/cilt-kanseri-teshisi-bitirme/data/raw/HAM10000_images_part_2/ISIC_0033063.jpg,1
/Users/suleymanmini/Desktop/cilt kanseri/cilt-kanseri-teshisi-bitirme/data/raw/HAM10000_images_part_2/ISIC_0030551.jpg,0
/Users/suleymanmini/Desktop/cilt kanseri/cilt-kanseri-teshisi-bitirme/data/raw/HAM10000_images_part_1/ISIC_0024794.jpg,0
/Users/suleymanmini/Desktop/cilt kanseri/cilt-kanseri-teshisi-bitirme/data/raw/HAM10000_images_part_2/ISIC_0032272.jpg,0
/Users/suleymanmini/Desktop/cilt kanseri/cilt-kanseri-teshisi-bitirme/data/raw/HAM10000_images_part_1/ISIC_0028114.jpg,1
/Users/suleymanmini/Desktop/cilt kanseri/cilt-kanseri-teshisi-bitirme/data/raw/HAM10000_images_part_2/ISIC_0030665.jpg,0
/Users/suleymanmini/Desktop/cilt kanseri/cilt-kanseri-teshisi-bitirme/data/raw/HAM10000_images_part_1/ISIC_0024610.jpg,0
/Users/suleymanmini/Desktop/cilt kanseri/cilt-kanseri-teshisi-bitirme/data/raw/HAM10000_images_part_1/ISIC_0024809.jpg,0
/Users/suleymanmini/Desktop/cilt kanseri/cilt-kanseri-teshisi-bitirme/data/raw/HAM10000_images_part_2/ISIC_0030298.jpg,0
/Users/suleymanmini/Desktop/cilt kanseri/cilt-kanseri-teshisi-bitirme/data/raw/HAM10000_images_part_2/ISIC_0030942.jpg,0
/Users/suleymanmini/Desktop/cilt kanseri/cilt-kanseri-teshisi-bitirme/data/raw/HAM10000_images_part_1/ISIC_0024752.jpg,0
/Users/suleymanmini/Desktop/cilt kanseri/cilt-kanseri-teshisi-bitirme/data/synthetic/generated_malign/synth_malign_00493.jpg,1
/Users/suleymanmini/Desktop/cilt kanseri/cilt-kanseri-teshisi-bitirme/data/raw/HAM10000_images_part_2/ISIC_0031787.jpg,0
/Users/suleymanmini/Desktop/cilt kanseri/cilt-kanseri-teshisi-bitirme/data/raw/HAM10000_images_part_1/ISIC_0026739.jpg,0
/Users/suleymanmini/Desktop/cilt kanseri/cilt-kanseri-teshisi-bitirme/data/raw/HAM10000_images_part_2/ISIC_0031093.jpg,0
/Users/suleymanmini/Desktop/cilt kanseri/cilt-kanseri-teshisi-bitirme/data/raw/HAM10000_images_part_2/ISIC_0030100.jpg,0
/Users/suleymanmini/Desktop/cilt kanseri/cilt-kanseri-teshisi-bitirme/data/raw/HAM10000_images_part_2/ISIC_0034048.jpg,1
/Users/suleymanmini/Desktop/cilt kanseri/cilt-kanseri-teshisi-bitirme/data/synthetic/generated_malign/synth_malign_00580.jpg,1
/Users/suleymanmini/Desktop/cilt kanseri/cilt-kanseri-teshisi-bitirme/data/raw/HAM10000_images_part_2/ISIC_0030791.jpg,0
/Users/suleymanmini/Desktop/cilt kanseri/cilt-kanseri-teshisi-bitirme/data/raw/HAM10000_images_part_1/ISIC_0025161.jpg,0
/Users/suleymanmini/Desktop/cilt kanseri/cilt-kanseri-teshisi-bitirme/data/raw/HAM10000_images_part_1/ISIC_0026967.jpg,0
/Users/suleymanmini/Desktop/cilt kanseri/cilt-kanseri-teshisi-bitirme/data/raw/HAM10000_images_part_1/ISIC_0026086.jpg,1
/Users/suleymanmini/Desktop/cilt kanseri/cilt-kanseri-teshisi-bitirme/data/synthetic/generated_malign/synth_malign_00043.jpg,1
/Users/suleymanmini/Desktop/cilt kanseri/cilt-kanseri-teshisi-bitirme/data/raw/HAM10000_images_part_2/ISIC_0030508.jpg,0
/Users/suleymanmini/Desktop/cilt kanseri/cilt-kanseri-teshisi-bitirme/data/raw/HAM10000_images_part_1/ISIC_0026909.jpg,1
/Users/suleymanmini/Desktop/cilt kanseri/cilt-kanseri-teshisi-bitirme/data/raw/HAM10000_images_part_1/ISIC_0028764.jpg,1
/Users/suleymanmini/Desktop/cilt kanseri/cilt-kanseri-teshisi-bitirme/data/raw/HAM10000_images_part_1/ISIC_0024710.jpg,1
/Users/suleymanmini/Desktop/cilt kanseri/cilt-kanseri-teshisi-bitirme/data/raw/HAM10000_images_part_2/ISIC_0032127.jpg,0
/Users/suleymanmini/Desktop/cilt kanseri/cilt-kanseri-teshisi-bitirme/data/raw/HAM10000_images_part_1/ISIC_0028587.jpg,0
/Users/suleymanmini/Desktop/cilt kanseri/cilt-kanseri-teshisi-bitirme/data/raw/HAM10000_images_part_1/ISIC_0024548.jpg,0
/Users/suleymanmini/Desktop/cilt kanseri/cilt-kanseri-teshisi-bitirme/data/raw/HAM10000_images_part_1/ISIC_0026382.jpg,0
/Users/suleymanmini/Desktop/cilt kanseri/cilt-kanseri-teshisi-bitirme/data/raw/HAM10000_images_part_1/ISIC_0027346.jpg,0
/Users/suleymanmini/Desktop/cilt kanseri/cilt-kanseri-teshisi-bitirme/data/raw/HAM10000_images_part_1/ISIC_0026138.jpg,1
/Users/suleymanmini/Desktop/cilt kanseri/cilt-kanseri-teshisi-bitirme/data/raw/HAM10000_images_part_2/ISIC_0033515.jpg,0
/Users/suleymanmini/Desktop/cilt kanseri/cilt-kanseri-teshisi-bitirme/data/raw/HAM10000_images_part_1/ISIC_0026189.jpg,0
/Users/suleymanmini/Desktop/cilt kanseri/cilt-kanseri-teshisi-bitirme/data/raw/HAM10000_images_part_2/ISIC_0032576.jpg,0
/Users/suleymanmini/Desktop/cilt kanseri/cilt-kanseri-teshisi-bitirme/data/raw/HAM10000_images_part_1/ISIC_0024571.jpg,1
/Users/suleymanmini/Desktop/cilt kanseri/cilt-kanseri-teshisi-bitirme/data/synthetic/generated_malign/synth_malign_00029.jpg,1
/Users/suleymanmini/Desktop/cilt kanseri/cilt-kanseri-teshisi-bitirme/data/synthetic/generated_malign/synth_malign_00439.jpg,1
/Users/suleymanmini/Desktop/cilt kanseri/cilt-kanseri-teshisi-bitirme/data/raw/HAM10000_images_part_2/ISIC_0030195.jpg,0
/Users/suleymanmini/Desktop/cilt kanseri/cilt-kanseri-teshisi-bitirme/data/raw/HAM10000_images_part_1/ISIC_0027332.jpg,0
/Users/suleymanmini/Desktop/cilt kanseri/cilt-kanseri-teshisi-bitirme/data/raw/HAM10000_images_part_1/ISIC_0027559.jpg,0
/Users/suleymanmini/Desktop/cilt kanseri/cilt-kanseri-teshisi-bitirme/data/raw/HAM10000_images_part_2/ISIC_0030098.jpg,0
/Users/suleymanmini/Desktop/cilt kanseri/cilt-kanseri-teshisi-bitirme/data/raw/HAM10000_images_part_2/ISIC_0032414.jpg,1
/Users/suleymanmini/Desktop/cilt kanseri/cilt-kanseri-teshisi-bitirme/data/raw/HAM10000_images_part_1/ISIC_0027989.jpg,0
/Users/suleymanmini/Desktop/cilt kanseri/cilt-kanseri-teshisi-bitirme/data/raw/HAM10000_images_part_2/ISIC_0031835.jpg,0
/Users/suleymanmini/Desktop/cilt kanseri/cilt-kanseri-teshisi-bitirme/data/raw/HAM10000_images_part_1/ISIC_0027227.jpg,0
/Users/suleymanmini/Desktop/cilt kanseri/cilt-kanseri-teshisi-bitirme/data/raw/HAM10000_images_part_2/ISIC_0033838.jpg,0
/Users/suleymanmini/Desktop/cilt kanseri/cilt-kanseri-teshisi-bitirme/data/raw/HAM10000_images_part_2/ISIC_0032502.jpg,0
/Users/suleymanmini/Desktop/cilt kanseri/cilt-kanseri-teshisi-bitirme/data/raw/HAM10000_images_part_1/ISIC_0028064.jpg,0
/Users/suleymanmini/Desktop/cilt kanseri/cilt-kanseri-teshisi-bitirme/data/raw/HAM10000_images_part_1/ISIC_0029189.jpg,0
/Users/suleymanmini/Desktop/cilt kanseri/cilt-kanseri-teshisi-bitirme/data/raw/HAM10000_images_part_1/ISIC_0028003.jpg,1
/Users/suleymanmini/Desktop/cilt kanseri/cilt-kanseri-teshisi-bitirme/data/raw/HAM10000_images_part_2/ISIC_0029712.jpg,0
/Users/suleymanmini/Desktop/cilt kanseri/cilt-kanseri-teshisi-bitirme/data/raw/HAM10000_images_part_2/ISIC_0030234.jpg,0
/Users/suleymanmini/Desktop/cilt kanseri/cilt-kanseri-teshisi-bitirme/data/raw/HAM10000_images_part_1/ISIC_0028076.jpg,1
/Users/suleymanmini/Desktop/cilt kanseri/cilt-kanseri-teshisi-bitirme/data/raw/HAM10000_images_part_1/ISIC_0028741.jpg,0
/Users/suleymanmini/Desktop/cilt kanseri/cilt-kanseri-teshisi-bitirme/data/raw/HAM10000_images_part_1/ISIC_0026854.jpg,0
/Users/suleymanmini/Desktop/cilt kanseri/cilt-kanseri-teshisi-bitirme/data/raw/HAM10000_images_part_2/ISIC_0032266.jpg,0
/Users/suleymanmini/Desktop/cilt kanseri/cilt-kanseri-teshisi-bitirme/data/raw/HAM10000_images_part_1/ISIC_0025873.jpg,0
/Users/suleymanmini/Desktop/cilt kanseri/cilt-kanseri-teshisi-bitirme/data/raw/HAM10000_images_part_2/ISIC_0032118.jpg,0
/Users/suleymanmini/Desktop/cilt kanseri/cilt-kanseri-teshisi-bitirme/data/raw/HAM10000_images_part_1/ISIC_0024346.jpg,0
/Users/suleymanmini/Desktop/cilt kanseri/cilt-kanseri-teshisi-bitirme/data/raw/HAM10000_images_part_2/ISIC_0031103.jpg,0
/Users/suleymanmini/Desktop/cilt kanseri/cilt-kanseri-teshisi-bitirme/data/raw/HAM10000_images_part_2/ISIC_0032117.jpg,0
/Users/suleymanmini/Desktop/cilt kanseri/cilt-kanseri-teshisi-bitirme/data/raw/HAM10000_images_part_1/ISIC_0025423.jpg,0
/Users/suleymanmini/Desktop/cilt kanseri/cilt-kanseri-teshisi-bitirme/data/raw/HAM10000_images_part_1/ISIC_0026408.jpg,0
/Users/suleymanmini/Desktop/cilt kanseri/cilt-kanseri-teshisi-bitirme/data/raw/HAM10000_images_part_1/ISIC_0026004.jpg,0
/Users/suleymanmini/Desktop/cilt kanseri/cilt-kanseri-teshisi-bitirme/data/raw/HAM10000_images_part_2/ISIC_0030589.jpg,0
/Users/suleymanmini/Desktop/cilt kanseri/cilt-kanseri-teshisi-bitirme/data/raw/HAM10000_images_part_1/ISIC_0026584.jpg,0
/Users/suleymanmini/Desktop/cilt kanseri/cilt-kanseri-teshisi-bitirme/data/raw/HAM10000_images_part_2/ISIC_0031563.jpg,0
/Users/suleymanmini/Desktop/cilt kanseri/cilt-kanseri-teshisi-bitirme/data/raw/HAM10000_images_part_1/ISIC_0025396.jpg,0
/Users/suleymanmini/Desktop/cilt kanseri/cilt-kanseri-teshisi-bitirme/data/raw/HAM10000_images_part_1/ISIC_0028145.jpg,0
/Users/suleymanmini/Desktop/cilt kanseri/cilt-kanseri-teshisi-bitirme/data/raw/HAM10000_images_part_2/ISIC_0031198.jpg,1
/Users/suleymanmini/Desktop/cilt kanseri/cilt-kanseri-teshisi-bitirme/data/raw/HAM10000_images_part_2/ISIC_0034314.jpg,0
/Users/suleymanmini/Desktop/cilt kanseri/cilt-kanseri-teshisi-bitirme/data/raw/HAM10000_images_part_1/ISIC_0028783.jpg,0
/Users/suleymanmini/Desktop/cilt kanseri/cilt-kanseri-teshisi-bitirme/data/raw/HAM10000_images_part_2/ISIC_0029446.jpg,0
/Users/suleymanmini/Desktop/cilt kanseri/cilt-kanseri-teshisi-bitirme/data/raw/HAM10000_images_part_1/ISIC_0027510.jpg,0
/Users/suleymanmini/Desktop/cilt kanseri/cilt-kanseri-teshisi-bitirme/data/raw/HAM10000_images_part_1/ISIC_0024311.jpg,0
/Users/suleymanmini/Desktop/cilt kanseri/cilt-kanseri-teshisi-bitirme/data/raw/HAM10000_images_part_1/ISIC_0026050.jpg,0
/Users/suleymanmini/Desktop/cilt kanseri/cilt-kanseri-teshisi-bitirme/data/raw/HAM10000_images_part_2/ISIC_0032862.jpg,1
/Users/suleymanmini/Desktop/cilt kanseri/cilt-kanseri-teshisi-bitirme/data/raw/HAM10000_images_part_1/ISIC_0025337.jpg,0
/Users/suleymanmini/Desktop/cilt kanseri/cilt-kanseri-teshisi-bitirme/data/raw/HAM10000_images_part_1/ISIC_0025400.jpg,0
/Users/suleymanmini/Desktop/cilt kanseri/cilt-kanseri-teshisi-bitirme/data/synthetic/generated_malign/synth_malign_00028.jpg,1
/Users/suleymanmini/Desktop/cilt kanseri/cilt-kanseri-teshisi-bitirme/data/raw/HAM10000_images_part_2/ISIC_0029582.jpg,1
/Users/suleymanmini/Desktop/cilt kanseri/cilt-kanseri-teshisi-bitirme/data/raw/HAM10000_images_part_2/ISIC_0029478.jpg,0
/Users/suleymanmini/Desktop/cilt kanseri/cilt-kanseri-teshisi-bitirme/data/synthetic/generated_malign/synth_malign_00689.jpg,1
/Users/suleymanmini/Desktop/cilt kanseri/cilt-kanseri-teshisi-bitirme/data/synthetic/generated_malign/synth_malign_00657.jpg,1
/Users/suleymanmini/Desktop/cilt kanseri/cilt-kanseri-teshisi-bitirme/data/raw/HAM10000_images_part_2/ISIC_0029882.jpg,0
/Users/suleymanmini/Desktop/cilt kanseri/cilt-kanseri-teshisi-bitirme/data/raw/HAM10000_images_part_2/ISIC_0033569.jpg,1
/Users/suleymanmini/Desktop/cilt kanseri/cilt-kanseri-teshisi-bitirme/data/raw/HAM10000_images_part_2/ISIC_0032088.jpg,0
/Users/suleymanmini/Desktop/cilt kanseri/cilt-kanseri-teshisi-bitirme/data/raw/HAM10000_images_part_2/ISIC_0034168.jpg,0
/Users/suleymanmini/Desktop/cilt kanseri/cilt-kanseri-teshisi-bitirme/data/raw/HAM10000_images_part_1/ISIC_0025660.jpg,0
/Users/suleymanmini/Desktop/cilt kanseri/cilt-kanseri-teshisi-bitirme/data/raw/HAM10000_images_part_1/ISIC_0029116.jpg,0
/Users/suleymanmini/Desktop/cilt kanseri/cilt-kanseri-teshisi-bitirme/data/raw/HAM10000_images_part_1/ISIC_0024387.jpg,0
/Users/suleymanmini/Desktop/cilt kanseri/cilt-kanseri-teshisi-bitirme/data/raw/HAM10000_images_part_1/ISIC_0028892.jpg,0
/Users/suleymanmini/Desktop/cilt kanseri/cilt-kanseri-teshisi-bitirme/data/raw/HAM10000_images_part_1/ISIC_0028780.jpg,0
/Users/suleymanmini/Desktop/cilt kanseri/cilt-kanseri-teshisi-bitirme/data/raw/HAM10000_images_part_1/ISIC_0025736.jpg,0
/Users/suleymanmini/Desktop/cilt kanseri/cilt-kanseri-teshisi-bitirme/data/raw/HAM10000_images_part_2/ISIC_0031108.jpg,1
/Users/suleymanmini/Desktop/cilt kanseri/cilt-kanseri-teshisi-bitirme/data/raw/HAM10000_images_part_1/ISIC_0027061.jpg,0
/Users/suleymanmini/Desktop/cilt kanseri/cilt-kanseri-teshisi-bitirme/data/raw/HAM10000_images_part_1/ISIC_0025669.jpg,0
/Users/suleymanmini/Desktop/cilt kanseri/cilt-kanseri-teshisi-bitirme/data/synthetic/generated_malign/synth_malign_00085.jpg,1
/Users/suleymanmini/Desktop/cilt kanseri/cilt-kanseri-teshisi-bitirme/data/raw/HAM10000_images_part_1/ISIC_0028201.jpg,0
/Users/suleymanmini/Desktop/cilt kanseri/cilt-kanseri-teshisi-bitirme/data/raw/HAM10000_images_part_2/ISIC_0030371.jpg,0
/Users/suleymanmini/Desktop/cilt kanseri/cilt-kanseri-teshisi-bitirme/data/synthetic/generated_malign/synth_malign_00768.jpg,1
/Users/suleymanmini/Desktop/cilt kanseri/cilt-kanseri-teshisi-bitirme/data/raw/HAM10000_images_part_2/ISIC_0033577.jpg,0
/Users/suleymanmini/Desktop/cilt kanseri/cilt-kanseri-teshisi-bitirme/data/raw/HAM10000_images_part_2/ISIC_0030228.jpg,0
/Users/suleymanmini/Desktop/cilt kanseri/cilt-kanseri-teshisi-bitirme/data/raw/HAM10000_images_part_1/ISIC_0027729.jpg,0
/Users/suleymanmini/Desktop/cilt kanseri/cilt-kanseri-teshisi-bitirme/data/raw/HAM10000_images_part_1/ISIC_0025590.jpg,0
/Users/suleymanmini/Desktop/cilt kanseri/cilt-kanseri-teshisi-bitirme/data/raw/HAM10000_images_part_2/ISIC_0033663.jpg,1
/Users/suleymanmini/Desktop/cilt kanseri/cilt-kanseri-teshisi-bitirme/data/raw/HAM10000_images_part_1/ISIC_0024613.jpg,0
/Users/suleymanmini/Desktop/cilt kanseri/cilt-kanseri-teshisi-bitirme/data/raw/HAM10000_images_part_2/ISIC_0031456.jpg,0
/Users/suleymanmini/Desktop/cilt kanseri/cilt-kanseri-teshisi-bitirme/data/raw/HAM10000_images_part_2/ISIC_0029842.jpg,0
/Users/suleymanmini/Desktop/cilt kanseri/cilt-kanseri-teshisi-bitirme/data/raw/HAM10000_images_part_1/ISIC_0027639.jpg,0
/Users/suleymanmini/Desktop/cilt kanseri/cilt-kanseri-teshisi-bitirme/data/raw/HAM10000_images_part_2/ISIC_0033896.jpg,0
/Users/suleymanmini/Desktop/cilt kanseri/cilt-kanseri-teshisi-bitirme/data/raw/HAM10000_images_part_1/ISIC_0026626.jpg,1
/Users/suleymanmini/Desktop/cilt kanseri/cilt-kanseri-teshisi-bitirme/data/raw/HAM10000_images_part_1/ISIC_0025538.jpg,0
/Users/suleymanmini/Desktop/cilt kanseri/cilt-kanseri-teshisi-bitirme/data/raw/HAM10000_images_part_1/ISIC_0029274.jpg,0
/Users/suleymanmini/Desktop/cilt kanseri/cilt-kanseri-teshisi-bitirme/data/raw/HAM10000_images_part_1/ISIC_0026577.jpg,0
/Users/suleymanmini/Desktop/cilt kanseri/cilt-kanseri-teshisi-bitirme/data/raw/HAM10000_images_part_2/ISIC_0029685.jpg,0
/Users/suleymanmini/Desktop/cilt kanseri/cilt-kanseri-teshisi-bitirme/data/raw/HAM10000_images_part_2/ISIC_0033589.jpg,0
/Users/suleymanmini/Desktop/cilt kanseri/cilt-kanseri-teshisi-bitirme/data/raw/HAM10000_images_part_2/ISIC_0033126.jpg,0
/Users/suleymanmini/Desktop/cilt kanseri/cilt-kanseri-teshisi-bitirme/data/raw/HAM10000_images_part_1/ISIC_0028870.jpg,0
/Users/suleymanmini/Desktop/cilt kanseri/cilt-kanseri-teshisi-bitirme/data/raw/HAM10000_images_part_2/ISIC_0030616.jpg,1
/Users/suleymanmini/Desktop/cilt kanseri/cilt-kanseri-teshisi-bitirme/data/synthetic/generated_malign/synth_malign_00018.jpg,1
/Users/suleymanmini/Desktop/cilt kanseri/cilt-kanseri-teshisi-bitirme/data/raw/HAM10000_images_part_1/ISIC_0028507.jpg,0
/Users/suleymanmini/Desktop/cilt kanseri/cilt-kanseri-teshisi-bitirme/data/raw/HAM10000_images_part_1/ISIC_0028792.jpg,0
/Users/suleymanmini/Desktop/cilt kanseri/cilt-kanseri-teshisi-bitirme/data/raw/HAM10000_images_part_1/ISIC_0027099.jpg,0
/Users/suleymanmini/Desktop/cilt kanseri/cilt-kanseri-teshisi-bitirme/data/synthetic/generated_malign/synth_malign_00276.jpg,1
/Users/suleymanmini/Desktop/cilt kanseri/cilt-kanseri-teshisi-bitirme/data/raw/HAM10000_images_part_1/ISIC_0025153.jpg,1
/Users/suleymanmini/Desktop/cilt kanseri/cilt-kanseri-teshisi-bitirme/data/raw/HAM10000_images_part_2/ISIC_0034017.jpg,0
/Users/suleymanmini/Desktop/cilt kanseri/cilt-kanseri-teshisi-bitirme/data/raw/HAM10000_images_part_1/ISIC_0026964.jpg,0
/Users/suleymanmini/Desktop/cilt kanseri/cilt-kanseri-teshisi-bitirme/data/raw/HAM10000_images_part_1/ISIC_0025641.jpg,0
/Users/suleymanmini/Desktop/cilt kanseri/cilt-kanseri-teshisi-bitirme/data/raw/HAM10000_images_part_2/ISIC_0029505.jpg,0
/Users/suleymanmini/Desktop/cilt kanseri/cilt-kanseri-teshisi-bitirme/data/raw/HAM10000_images_part_1/ISIC_0028885.jpg,0
/Users/suleymanmini/Desktop/cilt kanseri/cilt-kanseri-teshisi-bitirme/data/raw/HAM10000_images_part_2/ISIC_0029635.jpg,0
/Users/suleymanmini/Desktop/cilt kanseri/cilt-kanseri-teshisi-bitirme/data/raw/HAM10000_images_part_1/ISIC_0027171.jpg,1
/Users/suleymanmini/Desktop/cilt kanseri/cilt-kanseri-teshisi-bitirme/data/raw/HAM10000_images_part_2/ISIC_0032483.jpg,0
/Users/suleymanmini/Desktop/cilt kanseri/cilt-kanseri-teshisi-bitirme/data/raw/HAM10000_images_part_1/ISIC_0025987.jpg,1
/Users/suleymanmini/Desktop/cilt kanseri/cilt-kanseri-teshisi-bitirme/data/raw/HAM10000_images_part_1/ISIC_0027593.jpg,0
/Users/suleymanmini/Desktop/cilt kanseri/cilt-kanseri-teshisi-bitirme/data/raw/HAM10000_images_part_1/ISIC_0027348.jpg,0
/Users/suleymanmini/Desktop/cilt kanseri/cilt-kanseri-teshisi-bitirme/data/raw/HAM10000_images_part_2/ISIC_0033671.jpg,0
/Users/suleymanmini/Desktop/cilt kanseri/cilt-kanseri-teshisi-bitirme/data/raw/HAM10000_images_part_1/ISIC_0027414.jpg,0
/Users/suleymanmini/Desktop/cilt kanseri/cilt-kanseri-teshisi-bitirme/data/raw/HAM10000_images_part_1/ISIC_0024547.jpg,0
/Users/suleymanmini/Desktop/cilt kanseri/cilt-kanseri-teshisi-bitirme/data/synthetic/generated_malign/synth_malign_00644.jpg,1
/Users/suleymanmini/Desktop/cilt kanseri/cilt-kanseri-teshisi-bitirme/data/raw/HAM10000_images_part_2/ISIC_0032354.jpg,0
/Users/suleymanmini/Desktop/cilt kanseri/cilt-kanseri-teshisi-bitirme/data/raw/HAM10000_images_part_1/ISIC_0028539.jpg,0
/Users/suleymanmini/Desktop/cilt kanseri/cilt-kanseri-teshisi-bitirme/data/synthetic/generated_malign/synth_malign_00888.jpg,1
/Users/suleymanmini/Desktop/cilt kanseri/cilt-kanseri-teshisi-bitirme/data/raw/HAM10000_images_part_1/ISIC_0026075.jpg,0
/Users/suleymanmini/Desktop/cilt kanseri/cilt-kanseri-teshisi-bitirme/data/raw/HAM10000_images_part_2/ISIC_0034179.jpg,0
/Users/suleymanmini/Desktop/cilt kanseri/cilt-kanseri-teshisi-bitirme/data/raw/HAM10000_images_part_2/ISIC_0030132.jpg,0
/Users/suleymanmini/Desktop/cilt kanseri/cilt-kanseri-teshisi-bitirme/data/raw/HAM10000_images_part_2/ISIC_0034193.jpg,0
/Users/suleymanmini/Desktop/cilt kanseri/cilt-kanseri-teshisi-bitirme/data/raw/HAM10000_images_part_1/ISIC_0028927.jpg,0
/Users/suleymanmini/Desktop/cilt kanseri/cilt-kanseri-teshisi-bitirme/data/raw/HAM10000_images_part_1/ISIC_0026823.jpg,1
/Users/suleymanmini/Desktop/cilt kanseri/cilt-kanseri-teshisi-bitirme/data/raw/HAM10000_images_part_2/ISIC_0031119.jpg,1
/Users/suleymanmini/Desktop/cilt kanseri/cilt-kanseri-teshisi-bitirme/data/raw/HAM10000_images_part_2/ISIC_0031442.jpg,1
/Users/suleymanmini/Desktop/cilt kanseri/cilt-kanseri-teshisi-bitirme/data/raw/HAM10000_images_part_1/ISIC_0024460.jpg,0
/Users/suleymanmini/Desktop/cilt kanseri/cilt-kanseri-teshisi-bitirme/data/raw/HAM10000_images_part_1/ISIC_0027000.jpg,0
/Users/suleymanmini/Desktop/cilt kanseri/cilt-kanseri-teshisi-bitirme/data/raw/HAM10000_images_part_1/ISIC_0025297.jpg,0
/Users/suleymanmini/Desktop/cilt kanseri/cilt-kanseri-teshisi-bitirme/data/raw/HAM10000_images_part_1/ISIC_0029287.jpg,0
/Users/suleymanmini/Desktop/cilt kanseri/cilt-kanseri-teshisi-bitirme/data/raw/HAM10000_images_part_2/ISIC_0032041.jpg,0
/Users/suleymanmini/Desktop/cilt kanseri/cilt-kanseri-teshisi-bitirme/data/raw/HAM10000_images_part_2/ISIC_0031150.jpg,0
/Users/suleymanmini/Desktop/cilt kanseri/cilt-kanseri-teshisi-bitirme/data/raw/HAM10000_images_part_2/ISIC_0031349.jpg,0
/Users/suleymanmini/Desktop/cilt kanseri/cilt-kanseri-teshisi-bitirme/data/raw/HAM10000_images_part_1/ISIC_0029212.jpg,1
/Users/suleymanmini/Desktop/cilt kanseri/cilt-kanseri-teshisi-bitirme/data/raw/HAM10000_images_part_1/ISIC_0028896.jpg,0
/Users/suleymanmini/Desktop/cilt kanseri/cilt-kanseri-teshisi-bitirme/data/raw/HAM10000_images_part_2/ISIC_0033032.jpg,0
/Users/suleymanmini/Desktop/cilt kanseri/cilt-kanseri-teshisi-bitirme/data/raw/HAM10000_images_part_2/ISIC_0032460.jpg,0
/Users/suleymanmini/Desktop/cilt kanseri/cilt-kanseri-teshisi-bitirme/data/raw/HAM10000_images_part_2/ISIC_0030744.jpg,0
/Users/suleymanmini/Desktop/cilt kanseri/cilt-kanseri-teshisi-bitirme/data/raw/HAM10000_images_part_2/ISIC_0029368.jpg,0
/Users/suleymanmini/Desktop/cilt kanseri/cilt-kanseri-teshisi-bitirme/data/raw/HAM10000_images_part_2/ISIC_0034289.jpg,1
/Users/suleymanmini/Desktop/cilt kanseri/cilt-kanseri-teshisi-bitirme/data/raw/HAM10000_images_part_1/ISIC_0026088.jpg,0
/Users/suleymanmini/Desktop/cilt kanseri/cilt-kanseri-teshisi-bitirme/data/raw/HAM10000_images_part_1/ISIC_0024599.jpg,0
/Users/suleymanmini/Desktop/cilt kanseri/cilt-kanseri-teshisi-bitirme/data/raw/HAM10000_images_part_2/ISIC_0030680.jpg,0
/Users/suleymanmini/Desktop/cilt kanseri/cilt-kanseri-teshisi-bitirme/data/synthetic/generated_malign/synth_malign_00463.jpg,1
/Users/suleymanmini/Desktop/cilt kanseri/cilt-kanseri-teshisi-bitirme/data/raw/HAM10000_images_part_1/ISIC_0027738.jpg,0
/Users/suleymanmini/Desktop/cilt kanseri/cilt-kanseri-teshisi-bitirme/data/raw/HAM10000_images_part_1/ISIC_0029007.jpg,0
/Users/suleymanmini/Desktop/cilt kanseri/cilt-kanseri-teshisi-bitirme/data/raw/HAM10000_images_part_2/ISIC_0030557.jpg,0
/Users/suleymanmini/Desktop/cilt kanseri/cilt-kanseri-teshisi-bitirme/data/raw/HAM10000_images_part_1/ISIC_0024820.jpg,0
/Users/suleymanmini/Desktop/cilt kanseri/cilt-kanseri-teshisi-bitirme/data/raw/HAM10000_images_part_1/ISIC_0029018.jpg,0
/Users/suleymanmini/Desktop/cilt kanseri/cilt-kanseri-teshisi-bitirme/data/synthetic/generated_malign/synth_malign_00585.jpg,1
/Users/suleymanmini/Desktop/cilt kanseri/cilt-kanseri-teshisi-bitirme/data/raw/HAM10000_images_part_1/ISIC_0024354.jpg,0
/Users/suleymanmini/Desktop/cilt kanseri/cilt-kanseri-teshisi-bitirme/data/raw/HAM10000_images_part_1/ISIC_0029202.jpg,0
/Users/suleymanmini/Desktop/cilt kanseri/cilt-kanseri-teshisi-bitirme/data/raw/HAM10000_images_part_1/ISIC_0029111.jpg,0
/Users/suleymanmini/Desktop/cilt kanseri/cilt-kanseri-teshisi-bitirme/data/raw/HAM10000_images_part_2/ISIC_0032554.jpg,0
/Users/suleymanmini/Desktop/cilt kanseri/cilt-kanseri-teshisi-bitirme/data/raw/HAM10000_images_part_1/ISIC_0029129.jpg,1
/Users/suleymanmini/Desktop/cilt kanseri/cilt-kanseri-teshisi-bitirme/data/raw/HAM10000_images_part_2/ISIC_0032327.jpg,0
/Users/suleymanmini/Desktop/cilt kanseri/cilt-kanseri-teshisi-bitirme/data/raw/HAM10000_images_part_2/ISIC_0032716.jpg,1
/Users/suleymanmini/Desktop/cilt kanseri/cilt-kanseri-teshisi-bitirme/data/raw/HAM10000_images_part_1/ISIC_0024772.jpg,0
/Users/suleymanmini/Desktop/cilt kanseri/cilt-kanseri-teshisi-bitirme/data/raw/HAM10000_images_part_2/ISIC_0031460.jpg,0
/Users/suleymanmini/Desktop/cilt kanseri/cilt-kanseri-teshisi-bitirme/data/raw/HAM10000_images_part_2/ISIC_0030396.jpg,0
/Users/suleymanmini/Desktop/cilt kanseri/cilt-kanseri-teshisi-bitirme/data/raw/HAM10000_images_part_1/ISIC_0026324.jpg,1
/Users/suleymanmini/Desktop/cilt kanseri/cilt-kanseri-teshisi-bitirme/data/raw/HAM10000_images_part_2/ISIC_0033383.jpg,0
/Users/suleymanmini/Desktop/cilt kanseri/cilt-kanseri-teshisi-bitirme/data/raw/HAM10000_images_part_1/ISIC_0028812.jpg,0
/Users/suleymanmini/Desktop/cilt kanseri/cilt-kanseri-teshisi-bitirme/data/raw/HAM10000_images_part_1/ISIC_0025662.jpg,0
/Users/suleymanmini/Desktop/cilt kanseri/cilt-kanseri-teshisi-bitirme/data/raw/HAM10000_images_part_1/ISIC_0025073.jpg,0
/Users/suleymanmini/Desktop/cilt kanseri/cilt-kanseri-teshisi-bitirme/data/raw/HAM10000_images_part_2/ISIC_0034249.jpg,0
/Users/suleymanmini/Desktop/cilt kanseri/cilt-kanseri-teshisi-bitirme/data/raw/HAM10000_images_part_1/ISIC_0026493.jpg,0
/Users/suleymanmini/Desktop/cilt kanseri/cilt-kanseri-teshisi-bitirme/data/synthetic/generated_malign/synth_malign_00774.jpg,1
/Users/suleymanmini/Desktop/cilt kanseri/cilt-kanseri-teshisi-bitirme/data/raw/HAM10000_images_part_2/ISIC_0031301.jpg,0
/Users/suleymanmini/Desktop/cilt kanseri/cilt-kanseri-teshisi-bitirme/data/raw/HAM10000_images_part_1/ISIC_0025725.jpg,0
/Users/suleymanmini/Desktop/cilt kanseri/cilt-kanseri-teshisi-bitirme/data/raw/HAM10000_images_part_2/ISIC_0030295.jpg,0
/Users/suleymanmini/Desktop/cilt kanseri/cilt-kanseri-teshisi-bitirme/data/raw/HAM10000_images_part_2/ISIC_0030655.jpg,1
/Users/suleymanmini/Desktop/cilt kanseri/cilt-kanseri-teshisi-bitirme/data/raw/HAM10000_images_part_1/ISIC_0024990.jpg,0
/Users/suleymanmini/Desktop/cilt kanseri/cilt-kanseri-teshisi-bitirme/data/raw/HAM10000_images_part_1/ISIC_0028675.jpg,0
/Users/suleymanmini/Desktop/cilt kanseri/cilt-kanseri-teshisi-bitirme/data/raw/HAM10000_images_part_2/ISIC_0033407.jpg,0
/Users/suleymanmini/Desktop/cilt kanseri/cilt-kanseri-teshisi-bitirme/data/raw/HAM10000_images_part_1/ISIC_0027624.jpg,0
/Users/suleymanmini/Desktop/cilt kanseri/cilt-kanseri-teshisi-bitirme/data/raw/HAM10000_images_part_2/ISIC_0032953.jpg,0
/Users/suleymanmini/Desktop/cilt kanseri/cilt-kanseri-teshisi-bitirme/data/raw/HAM10000_images_part_1/ISIC_0028607.jpg,0
/Users/suleymanmini/Desktop/cilt kanseri/cilt-kanseri-teshisi-bitirme/data/raw/HAM10000_images_part_1/ISIC_0024372.jpg,1
/Users/suleymanmini/Desktop/cilt kanseri/cilt-kanseri-teshisi-bitirme/data/raw/HAM10000_images_part_2/ISIC_0033514.jpg,0
/Users/suleymanmini/Desktop/cilt kanseri/cilt-kanseri-teshisi-bitirme/data/raw/HAM10000_images_part_1/ISIC_0026159.jpg,0
/Users/suleymanmini/Desktop/cilt kanseri/cilt-kanseri-teshisi-bitirme/data/raw/HAM10000_images_part_2/ISIC_0033036.jpg,0
/Users/suleymanmini/Desktop/cilt kanseri/cilt-kanseri-teshisi-bitirme/data/raw/HAM10000_images_part_2/ISIC_0029773.jpg,0
/Users/suleymanmini/Desktop/cilt kanseri/cilt-kanseri-teshisi-bitirme/data/raw/HAM10000_images_part_1/ISIC_0028934.jpg,0
/Users/suleymanmini/Desktop/cilt kanseri/cilt-kanseri-teshisi-bitirme/data/raw/HAM10000_images_part_1/ISIC_0029081.jpg,1
/Users/suleymanmini/Desktop/cilt kanseri/cilt-kanseri-teshisi-bitirme/data/raw/HAM10000_images_part_2/ISIC_0030525.jpg,0
/Users/suleymanmini/Desktop/cilt kanseri/cilt-kanseri-teshisi-bitirme/data/raw/HAM10000_images_part_2/ISIC_0034177.jpg,0
/Users/suleymanmini/Desktop/cilt kanseri/cilt-kanseri-teshisi-bitirme/data/raw/HAM10000_images_part_2/ISIC_0029374.jpg,0
/Users/suleymanmini/Desktop/cilt kanseri/cilt-kanseri-teshisi-bitirme/data/raw/HAM10000_images_part_2/ISIC_0031340.jpg,0
/Users/suleymanmini/Desktop/cilt kanseri/cilt-kanseri-teshisi-bitirme/data/raw/HAM10000_images_part_2/ISIC_0032136.jpg,0
/Users/suleymanmini/Desktop/cilt kanseri/cilt-kanseri-teshisi-bitirme/data/raw/HAM10000_images_part_1/ISIC_0026754.jpg,1
/Users/suleymanmini/Desktop/cilt kanseri/cilt-kanseri-teshisi-bitirme/data/raw/HAM10000_images_part_1/ISIC_0027148.jpg,0
/Users/suleymanmini/Desktop/cilt kanseri/cilt-kanseri-teshisi-bitirme/data/raw/HAM10000_images_part_1/ISIC_0026339.jpg,0
/Users/suleymanmini/Desktop/cilt kanseri/cilt-kanseri-teshisi-bitirme/data/raw/HAM10000_images_part_2/ISIC_0033340.jpg,0
/Users/suleymanmini/Desktop/cilt kanseri/cilt-kanseri-teshisi-bitirme/data/raw/HAM10000_images_part_1/ISIC_0027592.jpg,0
/Users/suleymanmini/Desktop/cilt kanseri/cilt-kanseri-teshisi-bitirme/data/raw/HAM10000_images_part_2/ISIC_0030013.jpg,0
/Users/suleymanmini/Desktop/cilt kanseri/cilt-kanseri-teshisi-bitirme/data/raw/HAM10000_images_part_1/ISIC_0025826.jpg,1
/Users/suleymanmini/Desktop/cilt kanseri/cilt-kanseri-teshisi-bitirme/data/raw/HAM10000_images_part_2/ISIC_0033938.jpg,1
/Users/suleymanmini/Desktop/cilt kanseri/cilt-kanseri-teshisi-bitirme/data/raw/HAM10000_images_part_1/ISIC_0026932.jpg,0
/Users/suleymanmini/Desktop/cilt kanseri/cilt-kanseri-teshisi-bitirme/data/raw/HAM10000_images_part_2/ISIC_0031142.jpg,0
/Users/suleymanmini/Desktop/cilt kanseri/cilt-kanseri-teshisi-bitirme/data/raw/HAM10000_images_part_1/ISIC_0025232.jpg,0
/Users/suleymanmini/Desktop/cilt kanseri/cilt-kanseri-teshisi-bitirme/data/raw/HAM10000_images_part_2/ISIC_0031665.jpg,0
/Users/suleymanmini/Desktop/cilt kanseri/cilt-kanseri-teshisi-bitirme/data/raw/HAM10000_images_part_2/ISIC_0032130.jpg,0
/Users/suleymanmini/Desktop/cilt kanseri/cilt-kanseri-teshisi-bitirme/data/raw/HAM10000_images_part_2/ISIC_0032564.jpg,1
/Users/suleymanmini/Desktop/cilt kanseri/cilt-kanseri-teshisi-bitirme/data/raw/HAM10000_images_part_1/ISIC_0024466.jpg,0
/Users/suleymanmini/Desktop/cilt kanseri/cilt-kanseri-teshisi-bitirme/data/raw/HAM10000_images_part_1/ISIC_0025715.jpg,0
/Users/suleymanmini/Desktop/cilt kanseri/cilt-kanseri-teshisi-bitirme/data/raw/HAM10000_images_part_1/ISIC_0026548.jpg,0
/Users/suleymanmini/Desktop/cilt kanseri/cilt-kanseri-teshisi-bitirme/data/raw/HAM10000_images_part_1/ISIC_0027930.jpg,1
/Users/suleymanmini/Desktop/cilt kanseri/cilt-kanseri-teshisi-bitirme/data/raw/HAM10000_images_part_2/ISIC_0032472.jpg,0
/Users/suleymanmini/Desktop/cilt kanseri/cilt-kanseri-teshisi-bitirme/data/raw/HAM10000_images_part_2/ISIC_0031840.jpg,0
/Users/suleymanmini/Desktop/cilt kanseri/cilt-kanseri-teshisi-bitirme/data/raw/HAM10000_images_part_2/ISIC_0030046.jpg,0
/Users/suleymanmini/Desktop/cilt kanseri/cilt-kanseri-teshisi-bitirme/data/raw/HAM10000_images_part_2/ISIC_0030155.jpg,0
/Users/suleymanmini/Desktop/cilt kanseri/cilt-kanseri-teshisi-bitirme/data/raw/HAM10000_images_part_1/ISIC_0029067.jpg,1
/Users/suleymanmini/Desktop/cilt kanseri/cilt-kanseri-teshisi-bitirme/data/raw/HAM10000_images_part_2/ISIC_0030128.jpg,0
/Users/suleymanmini/Desktop/cilt kanseri/cilt-kanseri-teshisi-bitirme/data/raw/HAM10000_images_part_2/ISIC_0031045.jpg,0
/Users/suleymanmini/Desktop/cilt kanseri/cilt-kanseri-teshisi-bitirme/data/raw/HAM10000_images_part_2/ISIC_0030973.jpg,0
/Users/suleymanmini/Desktop/cilt kanseri/cilt-kanseri-teshisi-bitirme/data/synthetic/generated_malign/synth_malign_00257.jpg,1
/Users/suleymanmini/Desktop/cilt kanseri/cilt-kanseri-teshisi-bitirme/data/raw/HAM10000_images_part_1/ISIC_0028016.jpg,0
/Users/suleymanmini/Desktop/cilt kanseri/cilt-kanseri-teshisi-bitirme/data/raw/HAM10000_images_part_1/ISIC_0024797.jpg,0
/Users/suleymanmini/Desktop/cilt kanseri/cilt-kanseri-teshisi-bitirme/data/raw/HAM10000_images_part_2/ISIC_0033464.jpg,0
/Users/suleymanmini/Desktop/cilt kanseri/cilt-kanseri-teshisi-bitirme/data/raw/HAM10000_images_part_2/ISIC_0029331.jpg,1
/Users/suleymanmini/Desktop/cilt kanseri/cilt-kanseri-teshisi-bitirme/data/raw/HAM10000_images_part_1/ISIC_0025062.jpg,0
/Users/suleymanmini/Desktop/cilt kanseri/cilt-kanseri-teshisi-bitirme/data/raw/HAM10000_images_part_1/ISIC_0027665.jpg,0
/Users/suleymanmini/Desktop/cilt kanseri/cilt-kanseri-teshisi-bitirme/data/raw/HAM10000_images_part_2/ISIC_0029754.jpg,0
/Users/suleymanmini/Desktop/cilt kanseri/cilt-kanseri-teshisi-bitirme/data/raw/HAM10000_images_part_1/ISIC_0024643.jpg,0
/Users/suleymanmini/Desktop/cilt kanseri/cilt-kanseri-teshisi-bitirme/data/raw/HAM10000_images_part_2/ISIC_0032828.jpg,0
/Users/suleymanmini/Desktop/cilt kanseri/cilt-kanseri-teshisi-bitirme/data/synthetic/generated_malign/synth_malign_00473.jpg,1
/Users/suleymanmini/Desktop/cilt kanseri/cilt-kanseri-teshisi-bitirme/data/raw/HAM10000_images_part_2/ISIC_0031199.jpg,0
/Users/suleymanmini/Desktop/cilt kanseri/cilt-kanseri-teshisi-bitirme/data/raw/HAM10000_images_part_2/ISIC_0031423.jpg,0
/Users/suleymanmini/Desktop/cilt kanseri/cilt-kanseri-teshisi-bitirme/data/raw/HAM10000_images_part_1/ISIC_0027382.jpg,0
/Users/suleymanmini/Desktop/cilt kanseri/cilt-kanseri-teshisi-bitirme/data/raw/HAM10000_images_part_2/ISIC_0031670.jpg,1
/Users/suleymanmini/Desktop/cilt kanseri/cilt-kanseri-teshisi-bitirme/data/raw/HAM10000_images_part_2/ISIC_0031639.jpg,0
/Users/suleymanmini/Desktop/cilt kanseri/cilt-kanseri-teshisi-bitirme/data/raw/HAM10000_images_part_2/ISIC_0032226.jpg,0
/Users/suleymanmini/Desktop/cilt kanseri/cilt-kanseri-teshisi-bitirme/data/raw/HAM10000_images_part_1/ISIC_0028521.jpg,0
/Users/suleymanmini/Desktop/cilt kanseri/cilt-kanseri-teshisi-bitirme/data/raw/HAM10000_images_part_1/ISIC_0029027.jpg,0
/Users/suleymanmini/Desktop/cilt kanseri/cilt-kanseri-teshisi-bitirme/data/synthetic/generated_malign/synth_malign_00086.jpg,1
/Users/suleymanmini/Desktop/cilt kanseri/cilt-kanseri-teshisi-bitirme/data/raw/HAM10000_images_part_2/ISIC_0033789.jpg,0
/Users/suleymanmini/Desktop/cilt kanseri/cilt-kanseri-teshisi-bitirme/data/raw/HAM10000_images_part_2/ISIC_0029940.jpg,0
/Users/suleymanmini/Desktop/cilt kanseri/cilt-kanseri-teshisi-bitirme/data/raw/HAM10000_images_part_1/ISIC_0028715.jpg,0
/Users/suleymanmini/Desktop/cilt kanseri/cilt-kanseri-teshisi-bitirme/data/raw/HAM10000_images_part_2/ISIC_0030890.jpg,0
/Users/suleymanmini/Desktop/cilt kanseri/cilt-kanseri-teshisi-bitirme/data/raw/HAM10000_images_part_1/ISIC_0025394.jpg,1
/Users/suleymanmini/Desktop/cilt kanseri/cilt-kanseri-teshisi-bitirme/data/raw/HAM10000_images_part_1/ISIC_0025696.jpg,1
/Users/suleymanmini/Desktop/cilt kanseri/cilt-kanseri-teshisi-bitirme/data/raw/HAM10000_images_part_1/ISIC_0028000.jpg,0
/Users/suleymanmini/Desktop/cilt kanseri/cilt-kanseri-teshisi-bitirme/data/raw/HAM10000_images_part_2/ISIC_0033305.jpg,0
/Users/suleymanmini/Desktop/cilt kanseri/cilt-kanseri-teshisi-bitirme/data/raw/HAM10000_images_part_1/ISIC_0027801.jpg,0
/Users/suleymanmini/Desktop/cilt kanseri/cilt-kanseri-teshisi-bitirme/data/raw/HAM10000_images_part_1/ISIC_0026425.jpg,0
/Users/suleymanmini/Desktop/cilt kanseri/cilt-kanseri-teshisi-bitirme/data/raw/HAM10000_images_part_1/ISIC_0026220.jpg,0
/Users/suleymanmini/Desktop/cilt kanseri/cilt-kanseri-teshisi-bitirme/data/raw/HAM10000_images_part_1/ISIC_0026762.jpg,0
/Users/suleymanmini/Desktop/cilt kanseri/cilt-kanseri-teshisi-bitirme/data/raw/HAM10000_images_part_1/ISIC_0025569.jpg,0
/Users/suleymanmini/Desktop/cilt kanseri/cilt-kanseri-teshisi-bitirme/data/raw/HAM10000_images_part_1/ISIC_0029299.jpg,0
/Users/suleymanmini/Desktop/cilt kanseri/cilt-kanseri-teshisi-bitirme/data/raw/HAM10000_images_part_2/ISIC_0032690.jpg,1
/Users/suleymanmini/Desktop/cilt kanseri/cilt-kanseri-teshisi-bitirme/data/raw/HAM10000_images_part_2/ISIC_0031435.jpg,0
/Users/suleymanmini/Desktop/cilt kanseri/cilt-kanseri-teshisi-bitirme/data/synthetic/generated_malign/synth_malign_00432.jpg,1
/Users/suleymanmini/Desktop/cilt kanseri/cilt-kanseri-teshisi-bitirme/data/raw/HAM10000_images_part_2/ISIC_0032332.jpg,0
/Users/suleymanmini/Desktop/cilt kanseri/cilt-kanseri-teshisi-bitirme/data/raw/HAM10000_images_part_2/ISIC_0033651.jpg,1
/Users/suleymanmini/Desktop/cilt kanseri/cilt-kanseri-teshisi-bitirme/data/raw/HAM10000_images_part_1/ISIC_0024348.jpg,0
/Users/suleymanmini/Desktop/cilt kanseri/cilt-kanseri-teshisi-bitirme/data/raw/HAM10000_images_part_2/ISIC_0032329.jpg,1
/Users/suleymanmini/Desktop/cilt kanseri/cilt-kanseri-teshisi-bitirme/data/synthetic/generated_malign/synth_malign_00362.jpg,1
/Users/suleymanmini/Desktop/cilt kanseri/cilt-kanseri-teshisi-bitirme/data/raw/HAM10000_images_part_1/ISIC_0028193.jpg,0
/Users/suleymanmini/Desktop/cilt kanseri/cilt-kanseri-teshisi-bitirme/data/raw/HAM10000_images_part_1/ISIC_0026751.jpg,0
/Users/suleymanmini/Desktop/cilt kanseri/cilt-kanseri-teshisi-bitirme/data/raw/HAM10000_images_part_1/ISIC_0027468.jpg,0
/Users/suleymanmini/Desktop/cilt kanseri/cilt-kanseri-teshisi-bitirme/data/raw/HAM10000_images_part_2/ISIC_0033690.jpg,0
/Users/suleymanmini/Desktop/cilt kanseri/cilt-kanseri-teshisi-bitirme/data/raw/HAM10000_images_part_1/ISIC_0027223.jpg,0
/Users/suleymanmini/Desktop/cilt kanseri/cilt-kanseri-teshisi-bitirme/data/raw/HAM10000_images_part_2/ISIC_0030008.jpg,0
/Users/suleymanmini/Desktop/cilt kanseri/cilt-kanseri-teshisi-bitirme/data/raw/HAM10000_images_part_1/ISIC_0028731.jpg,0
/Users/suleymanmini/Desktop/cilt kanseri/cilt-kanseri-teshisi-bitirme/data/raw/HAM10000_images_part_2/ISIC_0031232.jpg,0
/Users/suleymanmini/Desktop/cilt kanseri/cilt-kanseri-teshisi-bitirme/data/raw/HAM10000_images_part_1/ISIC_0027750.jpg,0
/Users/suleymanmini/Desktop/cilt kanseri/cilt-kanseri-teshisi-bitirme/data/raw/HAM10000_images_part_2/ISIC_0029396.jpg,0
/Users/suleymanmini/Desktop/cilt kanseri/cilt-kanseri-teshisi-bitirme/data/raw/HAM10000_images_part_1/ISIC_0025412.jpg,0
/Users/suleymanmini/Desktop/cilt kanseri/cilt-kanseri-teshisi-bitirme/data/raw/HAM10000_images_part_1/ISIC_0027995.jpg,0
/Users/suleymanmini/Desktop/cilt kanseri/cilt-kanseri-teshisi-bitirme/data/raw/HAM10000_images_part_2/ISIC_0032231.jpg,0
/Users/suleymanmini/Desktop/cilt kanseri/cilt-kanseri-teshisi-bitirme/data/raw/HAM10000_images_part_2/ISIC_0032714.jpg,0
/Users/suleymanmini/Desktop/cilt kanseri/cilt-kanseri-teshisi-bitirme/data/raw/HAM10000_images_part_1/ISIC_0026655.jpg,0
/Users/suleymanmini/Desktop/cilt kanseri/cilt-kanseri-teshisi-bitirme/data/raw/HAM10000_images_part_1/ISIC_0026267.jpg,0
/Users/suleymanmini/Desktop/cilt kanseri/cilt-kanseri-teshisi-bitirme/data/raw/HAM10000_images_part_1/ISIC_0025513.jpg,1
/Users/suleymanmini/Desktop/cilt kanseri/cilt-kanseri-teshisi-bitirme/data/raw/HAM10000_images_part_2/ISIC_0030958.jpg,0
/Users/suleymanmini/Desktop/cilt kanseri/cilt-kanseri-teshisi-bitirme/data/raw/HAM10000_images_part_2/ISIC_0031360.jpg,0
/Users/suleymanmini/Desktop/cilt kanseri/cilt-kanseri-teshisi-bitirme/data/raw/HAM10000_images_part_1/ISIC_0028724.jpg,0
/Users/suleymanmini/Desktop/cilt kanseri/cilt-kanseri-teshisi-bitirme/data/raw/HAM10000_images_part_2/ISIC_0031811.jpg,0
/Users/suleymanmini/Desktop/cilt kanseri/cilt-kanseri-teshisi-bitirme/data/raw/HAM10000_images_part_2/ISIC_0031139.jpg,0
/Users/suleymanmini/Desktop/cilt kanseri/cilt-kanseri-teshisi-bitirme/data/synthetic/generated_malign/synth_malign_00295.jpg,1
/Users/suleymanmini/Desktop/cilt kanseri/cilt-kanseri-teshisi-bitirme/data/raw/HAM10000_images_part_1/ISIC_0024350.jpg,0
/Users/suleymanmini/Desktop/cilt kanseri/cilt-kanseri-teshisi-bitirme/data/raw/HAM10000_images_part_2/ISIC_0029647.jpg,1
/Users/suleymanmini/Desktop/cilt kanseri/cilt-kanseri-teshisi-bitirme/data/raw/HAM10000_images_part_2/ISIC_0031589.jpg,0
/Users/suleymanmini/Desktop/cilt kanseri/cilt-kanseri-teshisi-bitirme/data/raw/HAM10000_images_part_1/ISIC_0028413.jpg,0
/Users/suleymanmini/Desktop/cilt kanseri/cilt-kanseri-teshisi-bitirme/data/raw/HAM10000_images_part_1/ISIC_0029241.jpg,1
/Users/suleymanmini/Desktop/cilt kanseri/cilt-kanseri-teshisi-bitirme/data/raw/HAM10000_images_part_2/ISIC_0031754.jpg,0
/Users/suleymanmini/Desktop/cilt kanseri/cilt-kanseri-teshisi-bitirme/data/raw/HAM10000_images_part_2/ISIC_0034091.jpg,0
/Users/suleymanmini/Desktop/cilt kanseri/cilt-kanseri-teshisi-bitirme/data/raw/HAM10000_images_part_1/ISIC_0026000.jpg,0
/Users/suleymanmini/Desktop/cilt kanseri/cilt-kanseri-teshisi-bitirme/data/synthetic/generated_malign/synth_malign_00505.jpg,1
/Users/suleymanmini/Desktop/cilt kanseri/cilt-kanseri-teshisi-bitirme/data/raw/HAM10000_images_part_2/ISIC_0029559.jpg,0
/Users/suleymanmini/Desktop/cilt kanseri/cilt-kanseri-teshisi-bitirme/data/raw/HAM10000_images_part_1/ISIC_0028982.jpg,0
/Users/suleymanmini/Desktop/cilt kanseri/cilt-kanseri-teshisi-bitirme/data/raw/HAM10000_images_part_1/ISIC_0024909.jpg,0
/Users/suleymanmini/Desktop/cilt kanseri/cilt-kanseri-teshisi-bitirme/data/raw/HAM10000_images_part_1/ISIC_0027743.jpg,0
/Users/suleymanmini/Desktop/cilt kanseri/cilt-kanseri-teshisi-bitirme/data/raw/HAM10000_images_part_1/ISIC_0027765.jpg,0
/Users/suleymanmini/Desktop/cilt kanseri/cilt-kanseri-teshisi-bitirme/data/raw/HAM10000_images_part_2/ISIC_0034016.jpg,0
/Users/suleymanmini/Desktop/cilt kanseri/cilt-kanseri-teshisi-bitirme/data/raw/HAM10000_images_part_1/ISIC_0024669.jpg,0
/Users/suleymanmini/Desktop/cilt kanseri/cilt-kanseri-teshisi-bitirme/data/synthetic/generated_malign/synth_malign_00366.jpg,1
/Users/suleymanmini/Desktop/cilt kanseri/cilt-kanseri-teshisi-bitirme/data/raw/HAM10000_images_part_2/ISIC_0029833.jpg,0
/Users/suleymanmini/Desktop/cilt kanseri/cilt-kanseri-teshisi-bitirme/data/raw/HAM10000_images_part_1/ISIC_0026807.jpg,0
/Users/suleymanmini/Desktop/cilt kanseri/cilt-kanseri-teshisi-bitirme/data/raw/HAM10000_images_part_1/ISIC_0026186.jpg,0
/Users/suleymanmini/Desktop/cilt kanseri/cilt-kanseri-teshisi-bitirme/data/raw/HAM10000_images_part_1/ISIC_0028987.jpg,0
/Users/suleymanmini/Desktop/cilt kanseri/cilt-kanseri-teshisi-bitirme/data/raw/HAM10000_images_part_1/ISIC_0024647.jpg,1
/Users/suleymanmini/Desktop/cilt kanseri/cilt-kanseri-teshisi-bitirme/data/raw/HAM10000_images_part_1/ISIC_0025434.jpg,0
/Users/suleymanmini/Desktop/cilt kanseri/cilt-kanseri-teshisi-bitirme/data/raw/HAM10000_images_part_1/ISIC_0026898.jpg,0
/Users/suleymanmini/Desktop/cilt kanseri/cilt-kanseri-teshisi-bitirme/data/raw/HAM10000_images_part_1/ISIC_0027472.jpg,0
/Users/suleymanmini/Desktop/cilt kanseri/cilt-kanseri-teshisi-bitirme/data/raw/HAM10000_images_part_1/ISIC_0024513.jpg,0
/Users/suleymanmini/Desktop/cilt kanseri/cilt-kanseri-teshisi-bitirme/data/raw/HAM10000_images_part_2/ISIC_0029404.jpg,0
/Users/suleymanmini/Desktop/cilt kanseri/cilt-kanseri-teshisi-bitirme/data/raw/HAM10000_images_part_2/ISIC_0029878.jpg,0
/Users/suleymanmini/Desktop/cilt kanseri/cilt-kanseri-teshisi-bitirme/data/raw/HAM10000_images_part_1/ISIC_0028971.jpg,0
/Users/suleymanmini/Desktop/cilt kanseri/cilt-kanseri-teshisi-bitirme/data/raw/HAM10000_images_part_1/ISIC_0027258.jpg,0
/Users/suleymanmini/Desktop/cilt kanseri/cilt-kanseri-teshisi-bitirme/data/synthetic/generated_malign/synth_malign_00333.jpg,1
/Users/suleymanmini/Desktop/cilt kanseri/cilt-kanseri-teshisi-bitirme/data/raw/HAM10000_images_part_2/ISIC_0033755.jpg,0
/Users/suleymanmini/Desktop/cilt kanseri/cilt-kanseri-teshisi-bitirme/data/raw/HAM10000_images_part_2/ISIC_0029896.jpg,0
/Users/suleymanmini/Desktop/cilt kanseri/cilt-kanseri-teshisi-bitirme/data/raw/HAM10000_images_part_1/ISIC_0024675.jpg,1
/Users/suleymanmini/Desktop/cilt kanseri/cilt-kanseri-teshisi-bitirme/data/raw/HAM10000_images_part_1/ISIC_0026793.jpg,0
/Users/suleymanmini/Desktop/cilt kanseri/cilt-kanseri-teshisi-bitirme/data/raw/HAM10000_images_part_1/ISIC_0026730.jpg,0
/Users/suleymanmini/Desktop/cilt kanseri/cilt-kanseri-teshisi-bitirme/data/raw/HAM10000_images_part_2/ISIC_0029664.jpg,0
/Users/suleymanmini/Desktop/cilt kanseri/cilt-kanseri-teshisi-bitirme/data/raw/HAM10000_images_part_2/ISIC_0030971.jpg,0
/Users/suleymanmini/Desktop/cilt kanseri/cilt-kanseri-teshisi-bitirme/data/raw/HAM10000_images_part_1/ISIC_0025659.jpg,0
/Users/suleymanmini/Desktop/cilt kanseri/cilt-kanseri-teshisi-bitirme/data/raw/HAM10000_images_part_1/ISIC_0027439.jpg,0
/Users/suleymanmini/Desktop/cilt kanseri/cilt-kanseri-teshisi-bitirme/data/raw/HAM10000_images_part_1/ISIC_0029071.jpg,0
/Users/suleymanmini/Desktop/cilt kanseri/cilt-kanseri-teshisi-bitirme/data/raw/HAM10000_images_part_1/ISIC_0026882.jpg,0
/Users/suleymanmini/Desktop/cilt kanseri/cilt-kanseri-teshisi-bitirme/data/raw/HAM10000_images_part_2/ISIC_0032954.jpg,0
/Users/suleymanmini/Desktop/cilt kanseri/cilt-kanseri-teshisi-bitirme/data/raw/HAM10000_images_part_2/ISIC_0032764.jpg,0
/Users/suleymanmini/Desktop/cilt kanseri/cilt-kanseri-teshisi-bitirme/data/raw/HAM10000_images_part_1/ISIC_0027022.jpg,0
/Users/suleymanmini/Desktop/cilt kanseri/cilt-kanseri-teshisi-bitirme/data/raw/HAM10000_images_part_2/ISIC_0030529.jpg,0
/Users/suleymanmini/Desktop/cilt kanseri/cilt-kanseri-teshisi-bitirme/data/raw/HAM10000_images_part_1/ISIC_0029030.jpg,0
/Users/suleymanmini/Desktop/cilt kanseri/cilt-kanseri-teshisi-bitirme/data/raw/HAM10000_images_part_2/ISIC_0030605.jpg,0
/Users/suleymanmini/Desktop/cilt kanseri/cilt-kanseri-teshisi-bitirme/data/raw/HAM10000_images_part_2/ISIC_0034187.jpg,0
/Users/suleymanmini/Desktop/cilt kanseri/cilt-kanseri-teshisi-bitirme/data/raw/HAM10000_images_part_1/ISIC_0025814.jpg,1
/Users/suleymanmini/Desktop/cilt kanseri/cilt-kanseri-teshisi-bitirme/data/raw/HAM10000_images_part_1/ISIC_0026169.jpg,0
/Users/suleymanmini/Desktop/cilt kanseri/cilt-kanseri-teshisi-bitirme/data/synthetic/generated_malign/synth_malign_00886.jpg,1
/Users/suleymanmini/Desktop/cilt kanseri/cilt-kanseri-teshisi-bitirme/data/raw/HAM10000_images_part_2/ISIC_0030113.jpg,0
/Users/suleymanmini/Desktop/cilt kanseri/cilt-kanseri-teshisi-bitirme/data/raw/HAM10000_images_part_1/ISIC_0028117.jpg,0
/Users/suleymanmini/Desktop/cilt kanseri/cilt-kanseri-teshisi-bitirme/data/raw/HAM10000_images_part_1/ISIC_0024891.jpg,0
/Users/suleymanmini/Desktop/cilt kanseri/cilt-kanseri-teshisi-bitirme/data/raw/HAM10000_images_part_1/ISIC_0025482.jpg,0
/Users/suleymanmini/Desktop/cilt kanseri/cilt-kanseri-teshisi-bitirme/data/raw/HAM10000_images_part_2/ISIC_0029603.jpg,0
/Users/suleymanmini/Desktop/cilt kanseri/cilt-kanseri-teshisi-bitirme/data/raw/HAM10000_images_part_1/ISIC_0025181.jpg,0
/Users/suleymanmini/Desktop/cilt kanseri/cilt-kanseri-teshisi-bitirme/data/raw/HAM10000_images_part_1/ISIC_0028319.jpg,0
/Users/suleymanmini/Desktop/cilt kanseri/cilt-kanseri-teshisi-bitirme/data/raw/HAM10000_images_part_2/ISIC_0030322.jpg,0
/Users/suleymanmini/Desktop/cilt kanseri/cilt-kanseri-teshisi-bitirme/data/raw/HAM10000_images_part_1/ISIC_0028074.jpg,0
/Users/suleymanmini/Desktop/cilt kanseri/cilt-kanseri-teshisi-bitirme/data/raw/HAM10000_images_part_1/ISIC_0026172.jpg,0
/Users/suleymanmini/Desktop/cilt kanseri/cilt-kanseri-teshisi-bitirme/data/synthetic/generated_malign/synth_malign_00775.jpg,1
/Users/suleymanmini/Desktop/cilt kanseri/cilt-kanseri-teshisi-bitirme/data/raw/HAM10000_images_part_2/ISIC_0033461.jpg,0
/Users/suleymanmini/Desktop/cilt kanseri/cilt-kanseri-teshisi-bitirme/data/raw/HAM10000_images_part_1/ISIC_0024525.jpg,1
/Users/suleymanmini/Desktop/cilt kanseri/cilt-kanseri-teshisi-bitirme/data/raw/HAM10000_images_part_2/ISIC_0029692.jpg,0
/Users/suleymanmini/Desktop/cilt kanseri/cilt-kanseri-teshisi-bitirme/data/raw/HAM10000_images_part_2/ISIC_0032198.jpg,0
/Users/suleymanmini/Desktop/cilt kanseri/cilt-kanseri-teshisi-bitirme/data/raw/HAM10000_images_part_2/ISIC_0033326.jpg,0
/Users/suleymanmini/Desktop/cilt kanseri/cilt-kanseri-teshisi-bitirme/data/raw/HAM10000_images_part_1/ISIC_0026277.jpg,0
/Users/suleymanmini/Desktop/cilt kanseri/cilt-kanseri-teshisi-bitirme/data/raw/HAM10000_images_part_2/ISIC_0033958.jpg,0
/Users/suleymanmini/Desktop/cilt kanseri/cilt-kanseri-teshisi-bitirme/data/raw/HAM10000_images_part_1/ISIC_0027716.jpg,0
/Users/suleymanmini/Desktop/cilt kanseri/cilt-kanseri-teshisi-bitirme/data/raw/HAM10000_images_part_1/ISIC_0025753.jpg,0
/Users/suleymanmini/Desktop/cilt kanseri/cilt-kanseri-teshisi-bitirme/data/raw/HAM10000_images_part_1/ISIC_0024572.jpg,1
/Users/suleymanmini/Desktop/cilt kanseri/cilt-kanseri-teshisi-bitirme/data/raw/HAM10000_images_part_1/ISIC_0025463.jpg,0
/Users/suleymanmini/Desktop/cilt kanseri/cilt-kanseri-teshisi-bitirme/data/raw/HAM10000_images_part_1/ISIC_0026054.jpg,0
/Users/suleymanmini/Desktop/cilt kanseri/cilt-kanseri-teshisi-bitirme/data/raw/HAM10000_images_part_2/ISIC_0033983.jpg,0
/Users/suleymanmini/Desktop/cilt kanseri/cilt-kanseri-teshisi-bitirme/data/raw/HAM10000_images_part_1/ISIC_0026576.jpg,0
/Users/suleymanmini/Desktop/cilt kanseri/cilt-kanseri-teshisi-bitirme/data/raw/HAM10000_images_part_1/ISIC_0026518.jpg,0
/Users/suleymanmini/Desktop/cilt kanseri/cilt-kanseri-teshisi-bitirme/data/raw/HAM10000_images_part_1/ISIC_0028746.jpg,1
/Users/suleymanmini/Desktop/cilt kanseri/cilt-kanseri-teshisi-bitirme/data/synthetic/generated_malign/synth_malign_00861.jpg,1
/Users/suleymanmini/Desktop/cilt kanseri/cilt-kanseri-teshisi-bitirme/data/raw/HAM10000_images_part_2/ISIC_0033736.jpg,0
/Users/suleymanmini/Desktop/cilt kanseri/cilt-kanseri-teshisi-bitirme/data/raw/HAM10000_images_part_2/ISIC_0030340.jpg,0
/Users/suleymanmini/Desktop/cilt kanseri/cilt-kanseri-teshisi-bitirme/data/raw/HAM10000_images_part_1/ISIC_0027203.jpg,0
/Users/suleymanmini/Desktop/cilt kanseri/cilt-kanseri-teshisi-bitirme/data/raw/HAM10000_images_part_2/ISIC_0031907.jpg,0
/Users/suleymanmini/Desktop/cilt kanseri/cilt-kanseri-teshisi-bitirme/data/raw/HAM10000_images_part_1/ISIC_0029234.jpg,0
/Users/suleymanmini/Desktop/cilt kanseri/cilt-kanseri-teshisi-bitirme/data/raw/HAM10000_images_part_1/ISIC_0025752.jpg,1
/Users/suleymanmini/Desktop/cilt kanseri/cilt-kanseri-teshisi-bitirme/data/raw/HAM10000_images_part_2/ISIC_0029366.jpg,0
/Users/suleymanmini/Desktop/cilt kanseri/cilt-kanseri-teshisi-bitirme/data/raw/HAM10000_images_part_2/ISIC_0029413.jpg,0
/Users/suleymanmini/Desktop/cilt kanseri/cilt-kanseri-teshisi-bitirme/data/raw/HAM10000_images_part_1/ISIC_0027905.jpg,0
/Users/suleymanmini/Desktop/cilt kanseri/cilt-kanseri-teshisi-bitirme/data/raw/HAM10000_images_part_2/ISIC_0031885.jpg,0
/Users/suleymanmini/Desktop/cilt kanseri/cilt-kanseri-teshisi-bitirme/data/synthetic/generated_malign/synth_malign_00803.jpg,1
/Users/suleymanmini/Desktop/cilt kanseri/cilt-kanseri-teshisi-bitirme/data/raw/HAM10000_images_part_2/ISIC_0033607.jpg,1
/Users/suleymanmini/Desktop/cilt kanseri/cilt-kanseri-teshisi-bitirme/data/raw/HAM10000_images_part_1/ISIC_0024383.jpg,0
/Users/suleymanmini/Desktop/cilt kanseri/cilt-kanseri-teshisi-bitirme/data/raw/HAM10000_images_part_2/ISIC_0030288.jpg,0
/Users/suleymanmini/Desktop/cilt kanseri/cilt-kanseri-teshisi-bitirme/data/raw/HAM10000_images_part_1/ISIC_0028393.jpg,1
/Users/suleymanmini/Desktop/cilt kanseri/cilt-kanseri-teshisi-bitirme/data/synthetic/generated_malign/synth_malign_00267.jpg,1
/Users/suleymanmini/Desktop/cilt kanseri/cilt-kanseri-teshisi-bitirme/data/raw/HAM10000_images_part_2/ISIC_0029629.jpg,0
/Users/suleymanmini/Desktop/cilt kanseri/cilt-kanseri-teshisi-bitirme/data/raw/HAM10000_images_part_1/ISIC_0026649.jpg,0
/Users/suleymanmini/Desktop/cilt kanseri/cilt-kanseri-teshisi-bitirme/data/raw/HAM10000_images_part_1/ISIC_0028534.jpg,0
/Users/suleymanmini/Desktop/cilt kanseri/cilt-kanseri-teshisi-bitirme/data/raw/HAM10000_images_part_1/ISIC_0026828.jpg,0
/Users/suleymanmini/Desktop/cilt kanseri/cilt-kanseri-teshisi-bitirme/data/raw/HAM10000_images_part_1/ISIC_0026033.jpg,0
/Users/suleymanmini/Desktop/cilt kanseri/cilt-kanseri-teshisi-bitirme/data/raw/HAM10000_images_part_2/ISIC_0029477.jpg,0
/Users/suleymanmini/Desktop/cilt kanseri/cilt-kanseri-teshisi-bitirme/data/raw/HAM10000_images_part_1/ISIC_0027170.jpg,0
/Users/suleymanmini/Desktop/cilt kanseri/cilt-kanseri-teshisi-bitirme/data/raw/HAM10000_images_part_1/ISIC_0026229.jpg,1
/Users/suleymanmini/Desktop/cilt kanseri/cilt-kanseri-teshisi-bitirme/data/raw/HAM10000_images_part_1/ISIC_0026092.jpg,0
/Users/suleymanmini/Desktop/cilt kanseri/cilt-kanseri-teshisi-bitirme/data/synthetic/generated_malign/synth_malign_00963.jpg,1
/Users/suleymanmini/Desktop/cilt kanseri/cilt-kanseri-teshisi-bitirme/data/raw/HAM10000_images_part_1/ISIC_0028035.jpg,1
/Users/suleymanmini/Desktop/cilt kanseri/cilt-kanseri-teshisi-bitirme/data/raw/HAM10000_images_part_2/ISIC_0032425.jpg,1
/Users/suleymanmini/Desktop/cilt kanseri/cilt-kanseri-teshisi-bitirme/data/raw/HAM10000_images_part_1/ISIC_0025279.jpg,0
/Users/suleymanmini/Desktop/cilt kanseri/cilt-kanseri-teshisi-bitirme/data/raw/HAM10000_images_part_2/ISIC_0032842.jpg,0
/Users/suleymanmini/Desktop/cilt kanseri/cilt-kanseri-teshisi-bitirme/data/synthetic/generated_malign/synth_malign_00653.jpg,1
/Users/suleymanmini/Desktop/cilt kanseri/cilt-kanseri-teshisi-bitirme/data/raw/HAM10000_images_part_1/ISIC_0026363.jpg,0
/Users/suleymanmini/Desktop/cilt kanseri/cilt-kanseri-teshisi-bitirme/data/raw/HAM10000_images_part_1/ISIC_0028243.jpg,0
/Users/suleymanmini/Desktop/cilt kanseri/cilt-kanseri-teshisi-bitirme/data/raw/HAM10000_images_part_1/ISIC_0025914.jpg,0
/Users/suleymanmini/Desktop/cilt kanseri/cilt-kanseri-teshisi-bitirme/data/raw/HAM10000_images_part_1/ISIC_0027581.jpg,0
/Users/suleymanmini/Desktop/cilt kanseri/cilt-kanseri-teshisi-bitirme/data/raw/HAM10000_images_part_1/ISIC_0025009.jpg,0
/Users/suleymanmini/Desktop/cilt kanseri/cilt-kanseri-teshisi-bitirme/data/raw/HAM10000_images_part_2/ISIC_0029922.jpg,0
/Users/suleymanmini/Desktop/cilt kanseri/cilt-kanseri-teshisi-bitirme/data/raw/HAM10000_images_part_1/ISIC_0027261.jpg,1
/Users/suleymanmini/Desktop/cilt kanseri/cilt-kanseri-teshisi-bitirme/data/raw/HAM10000_images_part_2/ISIC_0033712.jpg,0
/Users/suleymanmini/Desktop/cilt kanseri/cilt-kanseri-teshisi-bitirme/data/raw/HAM10000_images_part_1/ISIC_0027814.jpg,1
/Users/suleymanmini/Desktop/cilt kanseri/cilt-kanseri-teshisi-bitirme/data/synthetic/generated_malign/synth_malign_00765.jpg,1
/Users/suleymanmini/Desktop/cilt kanseri/cilt-kanseri-teshisi-bitirme/data/synthetic/generated_malign/synth_malign_00275.jpg,1
/Users/suleymanmini/Desktop/cilt kanseri/cilt-kanseri-teshisi-bitirme/data/raw/HAM10000_images_part_1/ISIC_0028514.jpg,0
/Users/suleymanmini/Desktop/cilt kanseri/cilt-kanseri-teshisi-bitirme/data/raw/HAM10000_images_part_1/ISIC_0028512.jpg,1
/Users/suleymanmini/Desktop/cilt kanseri/cilt-kanseri-teshisi-bitirme/data/raw/HAM10000_images_part_1/ISIC_0028760.jpg,1
/Users/suleymanmini/Desktop/cilt kanseri/cilt-kanseri-teshisi-bitirme/data/raw/HAM10000_images_part_2/ISIC_0033313.jpg,0
/Users/suleymanmini/Desktop/cilt kanseri/cilt-kanseri-teshisi-bitirme/data/raw/HAM10000_images_part_2/ISIC_0033437.jpg,0
/Users/suleymanmini/Desktop/cilt kanseri/cilt-kanseri-teshisi-bitirme/data/raw/HAM10000_images_part_1/ISIC_0028317.jpg,1
/Users/suleymanmini/Desktop/cilt kanseri/cilt-kanseri-teshisi-bitirme/data/raw/HAM10000_images_part_1/ISIC_0025625.jpg,0
/Users/suleymanmini/Desktop/cilt kanseri/cilt-kanseri-teshisi-bitirme/data/raw/HAM10000_images_part_2/ISIC_0029537.jpg,0
/Users/suleymanmini/Desktop/cilt kanseri/cilt-kanseri-teshisi-bitirme/data/raw/HAM10000_images_part_1/ISIC_0025440.jpg,0
/Users/suleymanmini/Desktop/cilt kanseri/cilt-kanseri-teshisi-bitirme/data/raw/HAM10000_images_part_2/ISIC_0034015.jpg,1
/Users/suleymanmini/Desktop/cilt kanseri/cilt-kanseri-teshisi-bitirme/data/raw/HAM10000_images_part_1/ISIC_0026402.jpg,0
/Users/suleymanmini/Desktop/cilt kanseri/cilt-kanseri-teshisi-bitirme/data/raw/HAM10000_images_part_2/ISIC_0030001.jpg,0
/Users/suleymanmini/Desktop/cilt kanseri/cilt-kanseri-teshisi-bitirme/data/raw/HAM10000_images_part_1/ISIC_0024399.jpg,0
/Users/suleymanmini/Desktop/cilt kanseri/cilt-kanseri-teshisi-bitirme/data/raw/HAM10000_images_part_2/ISIC_0029481.jpg,0
/Users/suleymanmini/Desktop/cilt kanseri/cilt-kanseri-teshisi-bitirme/data/raw/HAM10000_images_part_2/ISIC_0031785.jpg,0
/Users/suleymanmini/Desktop/cilt kanseri/cilt-kanseri-teshisi-bitirme/data/raw/HAM10000_images_part_1/ISIC_0027761.jpg,0
/Users/suleymanmini/Desktop/cilt kanseri/cilt-kanseri-teshisi-bitirme/data/raw/HAM10000_images_part_1/ISIC_0028574.jpg,0
/Users/suleymanmini/Desktop/cilt kanseri/cilt-kanseri-teshisi-bitirme/data/synthetic/generated_malign/synth_malign_00552.jpg,1
/Users/suleymanmini/Desktop/cilt kanseri/cilt-kanseri-teshisi-bitirme/data/raw/HAM10000_images_part_2/ISIC_0031220.jpg,0
/Users/suleymanmini/Desktop/cilt kanseri/cilt-kanseri-teshisi-bitirme/data/raw/HAM10000_images_part_2/ISIC_0032533.jpg,1
/Users/suleymanmini/Desktop/cilt kanseri/cilt-kanseri-teshisi-bitirme/data/raw/HAM10000_images_part_1/ISIC_0027435.jpg,0
/Users/suleymanmini/Desktop/cilt kanseri/cilt-kanseri-teshisi-bitirme/data/raw/HAM10000_images_part_2/ISIC_0031264.jpg,0
/Users/suleymanmini/Desktop/cilt kanseri/cilt-kanseri-teshisi-bitirme/data/raw/HAM10000_images_part_1/ISIC_0025612.jpg,0
/Users/suleymanmini/Desktop/cilt kanseri/cilt-kanseri-teshisi-bitirme/data/raw/HAM10000_images_part_1/ISIC_0025020.jpg,0
/Users/suleymanmini/Desktop/cilt kanseri/cilt-kanseri-teshisi-bitirme/data/raw/HAM10000_images_part_1/ISIC_0027274.jpg,0
/Users/suleymanmini/Desktop/cilt kanseri/cilt-kanseri-teshisi-bitirme/data/raw/HAM10000_images_part_1/ISIC_0026296.jpg,1
/Users/suleymanmini/Desktop/cilt kanseri/cilt-kanseri-teshisi-bitirme/data/raw/HAM10000_images_part_2/ISIC_0030521.jpg,1
/Users/suleymanmini/Desktop/cilt kanseri/cilt-kanseri-teshisi-bitirme/data/raw/HAM10000_images_part_1/ISIC_0027910.jpg,0
/Users/suleymanmini/Desktop/cilt kanseri/cilt-kanseri-teshisi-bitirme/data/raw/HAM10000_images_part_2/ISIC_0033175.jpg,1
/Users/suleymanmini/Desktop/cilt kanseri/cilt-kanseri-teshisi-bitirme/data/synthetic/generated_malign/synth_malign_00307.jpg,1
/Users/suleymanmini/Desktop/cilt kanseri/cilt-kanseri-teshisi-bitirme/data/raw/HAM10000_images_part_1/ISIC_0025504.jpg,0
/Users/suleymanmini/Desktop/cilt kanseri/cilt-kanseri-teshisi-bitirme/data/raw/HAM10000_images_part_1/ISIC_0028515.jpg,0
/Users/suleymanmini/Desktop/cilt kanseri/cilt-kanseri-teshisi-bitirme/data/synthetic/generated_malign/synth_malign_00688.jpg,1
/Users/suleymanmini/Desktop/cilt kanseri/cilt-kanseri-teshisi-bitirme/data/synthetic/generated_malign/synth_malign_00225.jpg,1
/Users/suleymanmini/Desktop/cilt kanseri/cilt-kanseri-teshisi-bitirme/data/raw/HAM10000_images_part_2/ISIC_0030826.jpg,1
/Users/suleymanmini/Desktop/cilt kanseri/cilt-kanseri-teshisi-bitirme/data/raw/HAM10000_images_part_2/ISIC_0031253.jpg,0
/Users/suleymanmini/Desktop/cilt kanseri/cilt-kanseri-teshisi-bitirme/data/raw/HAM10000_images_part_1/ISIC_0025954.jpg,0
/Users/suleymanmini/Desktop/cilt kanseri/cilt-kanseri-teshisi-bitirme/data/raw/HAM10000_images_part_1/ISIC_0026315.jpg,0
/Users/suleymanmini/Desktop/cilt kanseri/cilt-kanseri-teshisi-bitirme/data/raw/HAM10000_images_part_2/ISIC_0030870.jpg,0
/Users/suleymanmini/Desktop/cilt kanseri/cilt-kanseri-teshisi-bitirme/data/raw/HAM10000_images_part_1/ISIC_0028735.jpg,0
/Users/suleymanmini/Desktop/cilt kanseri/cilt-kanseri-teshisi-bitirme/data/raw/HAM10000_images_part_1/ISIC_0026653.jpg,0
/Users/suleymanmini/Desktop/cilt kanseri/cilt-kanseri-teshisi-bitirme/data/raw/HAM10000_images_part_2/ISIC_0030044.jpg,0
/Users/suleymanmini/Desktop/cilt kanseri/cilt-kanseri-teshisi-bitirme/data/raw/HAM10000_images_part_2/ISIC_0030502.jpg,0
/Users/suleymanmini/Desktop/cilt kanseri/cilt-kanseri-teshisi-bitirme/data/raw/HAM10000_images_part_1/ISIC_0029273.jpg,0
/Users/suleymanmini/Desktop/cilt kanseri/cilt-kanseri-teshisi-bitirme/data/raw/HAM10000_images_part_2/ISIC_0030825.jpg,1
/Users/suleymanmini/Desktop/cilt kanseri/cilt-kanseri-teshisi-bitirme/data/raw/HAM10000_images_part_1/ISIC_0024908.jpg,0
/Users/suleymanmini/Desktop/cilt kanseri/cilt-kanseri-teshisi-bitirme/data/raw/HAM10000_images_part_1/ISIC_0029005.jpg,0
/Users/suleymanmini/Desktop/cilt kanseri/cilt-kanseri-teshisi-bitirme/data/raw/HAM10000_images_part_1/ISIC_0026889.jpg,0
/Users/suleymanmini/Desktop/cilt kanseri/cilt-kanseri-teshisi-bitirme/data/raw/HAM10000_images_part_2/ISIC_0031342.jpg,0
/Users/suleymanmini/Desktop/cilt kanseri/cilt-kanseri-teshisi-bitirme/data/raw/HAM10000_images_part_1/ISIC_0027397.jpg,0
/Users/suleymanmini/Desktop/cilt kanseri/cilt-kanseri-teshisi-bitirme/data/raw/HAM10000_images_part_2/ISIC_0029687.jpg,0
/Users/suleymanmini/Desktop/cilt kanseri/cilt-kanseri-teshisi-bitirme/data/raw/HAM10000_images_part_2/ISIC_0032995.jpg,0
/Users/suleymanmini/Desktop/cilt kanseri/cilt-kanseri-teshisi-bitirme/data/raw/HAM10000_images_part_1/ISIC_0024791.jpg,0
/Users/suleymanmini/Desktop/cilt kanseri/cilt-kanseri-teshisi-bitirme/data/raw/HAM10000_images_part_1/ISIC_0025223.jpg,0
/Users/suleymanmini/Desktop/cilt kanseri/cilt-kanseri-teshisi-bitirme/data/raw/HAM10000_images_part_1/ISIC_0026692.jpg,0
/Users/suleymanmini/Desktop/cilt kanseri/cilt-kanseri-teshisi-bitirme/data/raw/HAM10000_images_part_1/ISIC_0027895.jpg,0
/Users/suleymanmini/Desktop/cilt kanseri/cilt-kanseri-teshisi-bitirme/data/raw/HAM10000_images_part_2/ISIC_0031578.jpg,1
/Users/suleymanmini/Desktop/cilt kanseri/cilt-kanseri-teshisi-bitirme/data/raw/HAM10000_images_part_1/ISIC_0026848.jpg,1
/Users/suleymanmini/Desktop/cilt kanseri/cilt-kanseri-teshisi-bitirme/data/raw/HAM10000_images_part_1/ISIC_0028960.jpg,0
/Users/suleymanmini/Desktop/cilt kanseri/cilt-kanseri-teshisi-bitirme/data/raw/HAM10000_images_part_1/ISIC_0024464.jpg,0
/Users/suleymanmini/Desktop/cilt kanseri/cilt-kanseri-teshisi-bitirme/data/raw/HAM10000_images_part_1/ISIC_0027940.jpg,0
/Users/suleymanmini/Desktop/cilt kanseri/cilt-kanseri-teshisi-bitirme/data/raw/HAM10000_images_part_1/ISIC_0027234.jpg,1
/Users/suleymanmini/Desktop/cilt kanseri/cilt-kanseri-teshisi-bitirme/data/raw/HAM10000_images_part_1/ISIC_0027713.jpg,0
/Users/suleymanmini/Desktop/cilt kanseri/cilt-kanseri-teshisi-bitirme/data/raw/HAM10000_images_part_1/ISIC_0024337.jpg,0
/Users/suleymanmini/Desktop/cilt kanseri/cilt-kanseri-teshisi-bitirme/data/raw/HAM10000_images_part_1/ISIC_0024999.jpg,1
/Users/suleymanmini/Desktop/cilt kanseri/cilt-kanseri-teshisi-bitirme/data/raw/HAM10000_images_part_1/ISIC_0028698.jpg,0
/Users/suleymanmini/Desktop/cilt kanseri/cilt-kanseri-teshisi-bitirme/data/raw/HAM10000_images_part_2/ISIC_0033679.jpg,1
/Users/suleymanmini/Desktop/cilt kanseri/cilt-kanseri-teshisi-bitirme/data/raw/HAM10000_images_part_1/ISIC_0027131.jpg,0
/Users/suleymanmini/Desktop/cilt kanseri/cilt-kanseri-teshisi-bitirme/data/raw/HAM10000_images_part_2/ISIC_0033176.jpg,0
/Users/suleymanmini/Desktop/cilt kanseri/cilt-kanseri-teshisi-bitirme/data/raw/HAM10000_images_part_1/ISIC_0027787.jpg,0
/Users/suleymanmini/Desktop/cilt kanseri/cilt-kanseri-teshisi-bitirme/data/raw/HAM10000_images_part_1/ISIC_0024804.jpg,0
/Users/suleymanmini/Desktop/cilt kanseri/cilt-kanseri-teshisi-bitirme/data/synthetic/generated_malign/synth_malign_00991.jpg,1
/Users/suleymanmini/Desktop/cilt kanseri/cilt-kanseri-teshisi-bitirme/data/raw/HAM10000_images_part_1/ISIC_0027819.jpg,1
/Users/suleymanmini/Desktop/cilt kanseri/cilt-kanseri-teshisi-bitirme/data/raw/HAM10000_images_part_2/ISIC_0032333.jpg,0
/Users/suleymanmini/Desktop/cilt kanseri/cilt-kanseri-teshisi-bitirme/data/synthetic/generated_malign/synth_malign_00773.jpg,1
/Users/suleymanmini/Desktop/cilt kanseri/cilt-kanseri-teshisi-bitirme/data/raw/HAM10000_images_part_1/ISIC_0027871.jpg,0
/Users/suleymanmini/Desktop/cilt kanseri/cilt-kanseri-teshisi-bitirme/data/raw/HAM10000_images_part_1/ISIC_0024860.jpg,0
/Users/suleymanmini/Desktop/cilt kanseri/cilt-kanseri-teshisi-bitirme/data/raw/HAM10000_images_part_1/ISIC_0024614.jpg,0
/Users/suleymanmini/Desktop/cilt kanseri/cilt-kanseri-teshisi-bitirme/data/raw/HAM10000_images_part_1/ISIC_0025832.jpg,1
/Users/suleymanmini/Desktop/cilt kanseri/cilt-kanseri-teshisi-bitirme/data/raw/HAM10000_images_part_1/ISIC_0028966.jpg,0
/Users/suleymanmini/Desktop/cilt kanseri/cilt-kanseri-teshisi-bitirme/data/raw/HAM10000_images_part_1/ISIC_0027208.jpg,0
/Users/suleymanmini/Desktop/cilt kanseri/cilt-kanseri-teshisi-bitirme/data/raw/HAM10000_images_part_1/ISIC_0029130.jpg,0
/Users/suleymanmini/Desktop/cilt kanseri/cilt-kanseri-teshisi-bitirme/data/raw/HAM10000_images_part_1/ISIC_0025313.jpg,1
/Users/suleymanmini/Desktop/cilt kanseri/cilt-kanseri-teshisi-bitirme/data/raw/HAM10000_images_part_2/ISIC_0029676.jpg,0
/Users/suleymanmini/Desktop/cilt kanseri/cilt-kanseri-teshisi-bitirme/data/raw/HAM10000_images_part_2/ISIC_0033556.jpg,0
/Users/suleymanmini/Desktop/cilt kanseri/cilt-kanseri-teshisi-bitirme/data/raw/HAM10000_images_part_2/ISIC_0031092.jpg,0
/Users/suleymanmini/Desktop/cilt kanseri/cilt-kanseri-teshisi-bitirme/data/raw/HAM10000_images_part_1/ISIC_0026513.jpg,0
/Users/suleymanmini/Desktop/cilt kanseri/cilt-kanseri-teshisi-bitirme/data/raw/HAM10000_images_part_2/ISIC_0029656.jpg,0
/Users/suleymanmini/Desktop/cilt kanseri/cilt-kanseri-teshisi-bitirme/data/raw/HAM10000_images_part_2/ISIC_0032195.jpg,0
/Users/suleymanmini/Desktop/cilt kanseri/cilt-kanseri-teshisi-bitirme/data/raw/HAM10000_images_part_1/ISIC_0029092.jpg,1
/Users/suleymanmini/Desktop/cilt kanseri/cilt-kanseri-teshisi-bitirme/data/raw/HAM10000_images_part_2/ISIC_0034317.jpg,1
/Users/suleymanmini/Desktop/cilt kanseri/cilt-kanseri-teshisi-bitirme/data/raw/HAM10000_images_part_1/ISIC_0028105.jpg,0
/Users/suleymanmini/Desktop/cilt kanseri/cilt-kanseri-teshisi-bitirme/data/raw/HAM10000_images_part_2/ISIC_0030179.jpg,0
/Users/suleymanmini/Desktop/cilt kanseri/cilt-kanseri-teshisi-bitirme/data/raw/HAM10000_images_part_2/ISIC_0030408.jpg,1
/Users/suleymanmini/Desktop/cilt kanseri/cilt-kanseri-teshisi-bitirme/data/raw/HAM10000_images_part_1/ISIC_0028161.jpg,0
/Users/suleymanmini/Desktop/cilt kanseri/cilt-kanseri-teshisi-bitirme/data/raw/HAM10000_images_part_2/ISIC_0030586.jpg,1
/Users/suleymanmini/Desktop/cilt kanseri/cilt-kanseri-teshisi-bitirme/data/raw/HAM10000_images_part_2/ISIC_0031569.jpg,1
/Users/suleymanmini/Desktop/cilt kanseri/cilt-kanseri-teshisi-bitirme/data/raw/HAM10000_images_part_2/ISIC_0029556.jpg,0
/Users/suleymanmini/Desktop/cilt kanseri/cilt-kanseri-teshisi-bitirme/data/raw/HAM10000_images_part_1/ISIC_0025264.jpg,1
/Users/suleymanmini/Desktop/cilt kanseri/cilt-kanseri-teshisi-bitirme/data/raw/HAM10000_images_part_2/ISIC_0030439.jpg,0
/Users/suleymanmini/Desktop/cilt kanseri/cilt-kanseri-teshisi-bitirme/data/raw/HAM10000_images_part_1/ISIC_0028036.jpg,0
/Users/suleymanmini/Desktop/cilt kanseri/cilt-kanseri-teshisi-bitirme/data/synthetic/generated_malign/synth_malign_00410.jpg,1
/Users/suleymanmini/Desktop/cilt kanseri/cilt-kanseri-teshisi-bitirme/data/raw/HAM10000_images_part_1/ISIC_0026489.jpg,1
/Users/suleymanmini/Desktop/cilt kanseri/cilt-kanseri-teshisi-bitirme/data/raw/HAM10000_images_part_2/ISIC_0032086.jpg,0
/Users/suleymanmini/Desktop/cilt kanseri/cilt-kanseri-teshisi-bitirme/data/raw/HAM10000_images_part_2/ISIC_0031961.jpg,0
/Users/suleymanmini/Desktop/cilt kanseri/cilt-kanseri-teshisi-bitirme/data/raw/HAM10000_images_part_1/ISIC_0026458.jpg,1
/Users/suleymanmini/Desktop/cilt kanseri/cilt-kanseri-teshisi-bitirme/data/raw/HAM10000_images_part_2/ISIC_0029925.jpg,0
/Users/suleymanmini/Desktop/cilt kanseri/cilt-kanseri-teshisi-bitirme/data/raw/HAM10000_images_part_1/ISIC_0024330.jpg,0
/Users/suleymanmini/Desktop/cilt kanseri/cilt-kanseri-teshisi-bitirme/data/raw/HAM10000_images_part_1/ISIC_0027659.jpg,1
/Users/suleymanmini/Desktop/cilt kanseri/cilt-kanseri-teshisi-bitirme/data/raw/HAM10000_images_part_2/ISIC_0033466.jpg,0
/Users/suleymanmini/Desktop/cilt kanseri/cilt-kanseri-teshisi-bitirme/data/raw/HAM10000_images_part_2/ISIC_0030480.jpg,0
/Users/suleymanmini/Desktop/cilt kanseri/cilt-kanseri-teshisi-bitirme/data/raw/HAM10000_images_part_2/ISIC_0030294.jpg,0
/Users/suleymanmini/Desktop/cilt kanseri/cilt-kanseri-teshisi-bitirme/data/raw/HAM10000_images_part_1/ISIC_0029051.jpg,0
/Users/suleymanmini/Desktop/cilt kanseri/cilt-kanseri-teshisi-bitirme/data/raw/HAM10000_images_part_1/ISIC_0027010.jpg,0
/Users/suleymanmini/Desktop/cilt kanseri/cilt-kanseri-teshisi-bitirme/data/raw/HAM10000_images_part_1/ISIC_0029000.jpg,1
/Users/suleymanmini/Desktop/cilt kanseri/cilt-kanseri-teshisi-bitirme/data/raw/HAM10000_images_part_1/ISIC_0025332.jpg,0
/Users/suleymanmini/Desktop/cilt kanseri/cilt-kanseri-teshisi-bitirme/data/raw/HAM10000_images_part_1/ISIC_0028563.jpg,0
/Users/suleymanmini/Desktop/cilt kanseri/cilt-kanseri-teshisi-bitirme/data/raw/HAM10000_images_part_2/ISIC_0031276.jpg,0
/Users/suleymanmini/Desktop/cilt kanseri/cilt-kanseri-teshisi-bitirme/data/raw/HAM10000_images_part_2/ISIC_0030019.jpg,0
/Users/suleymanmini/Desktop/cilt kanseri/cilt-kanseri-teshisi-bitirme/data/synthetic/generated_malign/synth_malign_00466.jpg,1
/Users/suleymanmini/Desktop/cilt kanseri/cilt-kanseri-teshisi-bitirme/data/raw/HAM10000_images_part_1/ISIC_0026071.jpg,0
/Users/suleymanmini/Desktop/cilt kanseri/cilt-kanseri-teshisi-bitirme/data/raw/HAM10000_images_part_2/ISIC_0034178.jpg,0
/Users/suleymanmini/Desktop/cilt kanseri/cilt-kanseri-teshisi-bitirme/data/raw/HAM10000_images_part_2/ISIC_0029572.jpg,0
/Users/suleymanmini/Desktop/cilt kanseri/cilt-kanseri-teshisi-bitirme/data/raw/HAM10000_images_part_2/ISIC_0030739.jpg,0
/Users/suleymanmini/Desktop/cilt kanseri/cilt-kanseri-teshisi-bitirme/data/raw/HAM10000_images_part_1/ISIC_0029088.jpg,0
/Users/suleymanmini/Desktop/cilt kanseri/cilt-kanseri-teshisi-bitirme/data/synthetic/generated_malign/synth_malign_00822.jpg,1
/Users/suleymanmini/Desktop/cilt kanseri/cilt-kanseri-teshisi-bitirme/data/raw/HAM10000_images_part_1/ISIC_0028603.jpg,0
/Users/suleymanmini/Desktop/cilt kanseri/cilt-kanseri-teshisi-bitirme/data/raw/HAM10000_images_part_2/ISIC_0029881.jpg,0
/Users/suleymanmini/Desktop/cilt kanseri/cilt-kanseri-teshisi-bitirme/data/synthetic/generated_malign/synth_malign_00632.jpg,1
/Users/suleymanmini/Desktop/cilt kanseri/cilt-kanseri-teshisi-bitirme/data/raw/HAM10000_images_part_1/ISIC_0026354.jpg,0
/Users/suleymanmini/Desktop/cilt kanseri/cilt-kanseri-teshisi-bitirme/data/raw/HAM10000_images_part_2/ISIC_0032453.jpg,0
/Users/suleymanmini/Desktop/cilt kanseri/cilt-kanseri-teshisi-bitirme/data/raw/HAM10000_images_part_2/ISIC_0031738.jpg,1
/Users/suleymanmini/Desktop/cilt kanseri/cilt-kanseri-teshisi-bitirme/data/raw/HAM10000_images_part_1/ISIC_0026091.jpg,1
/Users/suleymanmini/Desktop/cilt kanseri/cilt-kanseri-teshisi-bitirme/data/raw/HAM10000_images_part_2/ISIC_0030800.jpg,1
/Users/suleymanmini/Desktop/cilt kanseri/cilt-kanseri-teshisi-bitirme/data/synthetic/generated_malign/synth_malign_00714.jpg,1
/Users/suleymanmini/Desktop/cilt kanseri/cilt-kanseri-teshisi-bitirme/data/raw/HAM10000_images_part_1/ISIC_0027651.jpg,1
/Users/suleymanmini/Desktop/cilt kanseri/cilt-kanseri-teshisi-bitirme/data/raw/HAM10000_images_part_1/ISIC_0027668.jpg,1
/Users/suleymanmini/Desktop/cilt kanseri/cilt-kanseri-teshisi-bitirme/data/raw/HAM10000_images_part_2/ISIC_0032535.jpg,1
/Users/suleymanmini/Desktop/cilt kanseri/cilt-kanseri-teshisi-bitirme/data/raw/HAM10000_images_part_2/ISIC_0032774.jpg,1
/Users/suleymanmini/Desktop/cilt kanseri/cilt-kanseri-teshisi-bitirme/data/raw/HAM10000_images_part_2/ISIC_0030147.jpg,0
/Users/suleymanmini/Desktop/cilt kanseri/cilt-kanseri-teshisi-bitirme/data/raw/HAM10000_images_part_1/ISIC_0026789.jpg,0
/Users/suleymanmini/Desktop/cilt kanseri/cilt-kanseri-teshisi-bitirme/data/raw/HAM10000_images_part_2/ISIC_0031992.jpg,0
/Users/suleymanmini/Desktop/cilt kanseri/cilt-kanseri-teshisi-bitirme/data/raw/HAM10000_images_part_1/ISIC_0028953.jpg,0
/Users/suleymanmini/Desktop/cilt kanseri/cilt-kanseri-teshisi-bitirme/data/raw/HAM10000_images_part_2/ISIC_0033162.jpg,0
/Users/suleymanmini/Desktop/cilt kanseri/cilt-kanseri-teshisi-bitirme/data/raw/HAM10000_images_part_1/ISIC_0028156.jpg,1
/Users/suleymanmini/Desktop/cilt kanseri/cilt-kanseri-teshisi-bitirme/data/raw/HAM10000_images_part_1/ISIC_0028846.jpg,0
/Users/suleymanmini/Desktop/cilt kanseri/cilt-kanseri-teshisi-bitirme/data/raw/HAM10000_images_part_1/ISIC_0024948.jpg,1
/Users/suleymanmini/Desktop/cilt kanseri/cilt-kanseri-teshisi-bitirme/data/raw/HAM10000_images_part_1/ISIC_0025697.jpg,0
/Users/suleymanmini/Desktop/cilt kanseri/cilt-kanseri-teshisi-bitirme/data/raw/HAM10000_images_part_2/ISIC_0032417.jpg,0
/Users/suleymanmini/Desktop/cilt kanseri/cilt-kanseri-teshisi-bitirme/data/synthetic/generated_malign/synth_malign_00676.jpg,1
/Users/suleymanmini/Desktop/cilt kanseri/cilt-kanseri-teshisi-bitirme/data/synthetic/generated_malign/synth_malign_00824.jpg,1
/Users/suleymanmini/Desktop/cilt kanseri/cilt-kanseri-teshisi-bitirme/data/raw/HAM10000_images_part_2/ISIC_0031234.jpg,0
/Users/suleymanmini/Desktop/cilt kanseri/cilt-kanseri-teshisi-bitirme/data/raw/HAM10000_images_part_2/ISIC_0032786.jpg,0
/Users/suleymanmini/Desktop/cilt kanseri/cilt-kanseri-teshisi-bitirme/data/synthetic/generated_malign/synth_malign_00898.jpg,1
/Users/suleymanmini/Desktop/cilt kanseri/cilt-kanseri-teshisi-bitirme/data/raw/HAM10000_images_part_1/ISIC_0028088.jpg,0
/Users/suleymanmini/Desktop/cilt kanseri/cilt-kanseri-teshisi-bitirme/data/synthetic/generated_malign/synth_malign_00875.jpg,1
/Users/suleymanmini/Desktop/cilt kanseri/cilt-kanseri-teshisi-bitirme/data/raw/HAM10000_images_part_1/ISIC_0027877.jpg,0
/Users/suleymanmini/Desktop/cilt kanseri/cilt-kanseri-teshisi-bitirme/data/raw/HAM10000_images_part_1/ISIC_0028685.jpg,1
/Users/suleymanmini/Desktop/cilt kanseri/cilt-kanseri-teshisi-bitirme/data/synthetic/generated_malign/synth_malign_00304.jpg,1
/Users/suleymanmini/Desktop/cilt kanseri/cilt-kanseri-teshisi-bitirme/data/raw/HAM10000_images_part_2/ISIC_0032288.jpg,0
/Users/suleymanmini/Desktop/cilt kanseri/cilt-kanseri-teshisi-bitirme/data/synthetic/generated_malign/synth_malign_00188.jpg,1
/Users/suleymanmini/Desktop/cilt kanseri/cilt-kanseri-teshisi-bitirme/data/raw/HAM10000_images_part_2/ISIC_0030345.jpg,0
/Users/suleymanmini/Desktop/cilt kanseri/cilt-kanseri-teshisi-bitirme/data/raw/HAM10000_images_part_1/ISIC_0024698.jpg,0
/Users/suleymanmini/Desktop/cilt kanseri/cilt-kanseri-teshisi-bitirme/data/raw/HAM10000_images_part_2/ISIC_0031188.jpg,0
/Users/suleymanmini/Desktop/cilt kanseri/cilt-kanseri-teshisi-bitirme/data/raw/HAM10000_images_part_2/ISIC_0030541.jpg,0
/Users/suleymanmini/Desktop/cilt kanseri/cilt-kanseri-teshisi-bitirme/data/raw/HAM10000_images_part_2/ISIC_0031871.jpg,0
/Users/suleymanmini/Desktop/cilt kanseri/cilt-kanseri-teshisi-bitirme/data/raw/HAM10000_images_part_2/ISIC_0031441.jpg,0
/Users/suleymanmini/Desktop/cilt kanseri/cilt-kanseri-teshisi-bitirme/data/raw/HAM10000_images_part_1/ISIC_0025128.jpg,1
/Users/suleymanmini/Desktop/cilt kanseri/cilt-kanseri-teshisi-bitirme/data/raw/HAM10000_images_part_2/ISIC_0030930.jpg,0
/Users/suleymanmini/Desktop/cilt kanseri/cilt-kanseri-teshisi-bitirme/data/raw/HAM10000_images_part_2/ISIC_0031425.jpg,0
/Users/suleymanmini/Desktop/cilt kanseri/cilt-kanseri-teshisi-bitirme/data/synthetic/generated_malign/synth_malign_00784.jpg,1
/Users/suleymanmini/Desktop/cilt kanseri/cilt-kanseri-teshisi-bitirme/data/raw/HAM10000_images_part_1/ISIC_0025188.jpg,1
/Users/suleymanmini/Desktop/cilt kanseri/cilt-kanseri-teshisi-bitirme/data/raw/HAM10000_images_part_2/ISIC_0033056.jpg,0
/Users/suleymanmini/Desktop/cilt kanseri/cilt-kanseri-teshisi-bitirme/data/raw/HAM10000_images_part_1/ISIC_0024993.jpg,0
/Users/suleymanmini/Desktop/cilt kanseri/cilt-kanseri-teshisi-bitirme/data/synthetic/generated_malign/synth_malign_00656.jpg,1
/Users/suleymanmini/Desktop/cilt kanseri/cilt-kanseri-teshisi-bitirme/data/raw/HAM10000_images_part_2/ISIC_0033065.jpg,0
/Users/suleymanmini/Desktop/cilt kanseri/cilt-kanseri-teshisi-bitirme/data/raw/HAM10000_images_part_2/ISIC_0033768.jpg,0
/Users/suleymanmini/Desktop/cilt kanseri/cilt-kanseri-teshisi-bitirme/data/raw/HAM10000_images_part_2/ISIC_0033937.jpg,0
/Users/suleymanmini/Desktop/cilt kanseri/cilt-kanseri-teshisi-bitirme/data/raw/HAM10000_images_part_2/ISIC_0032079.jpg,1
/Users/suleymanmini/Desktop/cilt kanseri/cilt-kanseri-teshisi-bitirme/data/raw/HAM10000_images_part_1/ISIC_0024439.jpg,0
/Users/suleymanmini/Desktop/cilt kanseri/cilt-kanseri-teshisi-bitirme/data/raw/HAM10000_images_part_1/ISIC_0026283.jpg,0
/Users/suleymanmini/Desktop/cilt kanseri/cilt-kanseri-teshisi-bitirme/data/raw/HAM10000_images_part_2/ISIC_0032317.jpg,0
/Users/suleymanmini/Desktop/cilt kanseri/cilt-kanseri-teshisi-bitirme/data/raw/HAM10000_images_part_1/ISIC_0025543.jpg,1
/Users/suleymanmini/Desktop/cilt kanseri/cilt-kanseri-teshisi-bitirme/data/raw/HAM10000_images_part_2/ISIC_0034165.jpg,0
/Users/suleymanmini/Desktop/cilt kanseri/cilt-kanseri-teshisi-bitirme/data/raw/HAM10000_images_part_2/ISIC_0032790.jpg,1
/Users/suleymanmini/Desktop/cilt kanseri/cilt-kanseri-teshisi-bitirme/data/synthetic/generated_malign/synth_malign_00072.jpg,1
/Users/suleymanmini/Desktop/cilt kanseri/cilt-kanseri-teshisi-bitirme/data/synthetic/generated_malign/synth_malign_00335.jpg,1
/Users/suleymanmini/Desktop/cilt kanseri/cilt-kanseri-teshisi-bitirme/data/raw/HAM10000_images_part_1/ISIC_0028815.jpg,1
/Users/suleymanmini/Desktop/cilt kanseri/cilt-kanseri-teshisi-bitirme/data/raw/HAM10000_images_part_1/ISIC_0024731.jpg,0
/Users/suleymanmini/Desktop/cilt kanseri/cilt-kanseri-teshisi-bitirme/data/raw/HAM10000_images_part_2/ISIC_0032861.jpg,0
/Users/suleymanmini/Desktop/cilt kanseri/cilt-kanseri-teshisi-bitirme/data/raw/HAM10000_images_part_1/ISIC_0027398.jpg,0
/Users/suleymanmini/Desktop/cilt kanseri/cilt-kanseri-teshisi-bitirme/data/raw/HAM10000_images_part_1/ISIC_0028905.jpg,0
/Users/suleymanmini/Desktop/cilt kanseri/cilt-kanseri-teshisi-bitirme/data/raw/HAM10000_images_part_1/ISIC_0028697.jpg,0
/Users/suleymanmini/Desktop/cilt kanseri/cilt-kanseri-teshisi-bitirme/data/synthetic/generated_malign/synth_malign_00817.jpg,1
/Users/suleymanmini/Desktop/cilt kanseri/cilt-kanseri-teshisi-bitirme/data/raw/HAM10000_images_part_2/ISIC_0031828.jpg,0
/Users/suleymanmini/Desktop/cilt kanseri/cilt-kanseri-teshisi-bitirme/data/raw/HAM10000_images_part_1/ISIC_0024949.jpg,1
/Users/suleymanmini/Desktop/cilt kanseri/cilt-kanseri-teshisi-bitirme/data/raw/HAM10000_images_part_1/ISIC_0028657.jpg,0
/Users/suleymanmini/Desktop/cilt kanseri/cilt-kanseri-teshisi-bitirme/data/raw/HAM10000_images_part_2/ISIC_0030915.jpg,1
/Users/suleymanmini/Desktop/cilt kanseri/cilt-kanseri-teshisi-bitirme/data/raw/HAM10000_images_part_2/ISIC_0033381.jpg,0
/Users/suleymanmini/Desktop/cilt kanseri/cilt-kanseri-teshisi-bitirme/data/raw/HAM10000_images_part_2/ISIC_0031206.jpg,0
/Users/suleymanmini/Desktop/cilt kanseri/cilt-kanseri-teshisi-bitirme/data/synthetic/generated_malign/synth_malign_00166.jpg,1
/Users/suleymanmini/Desktop/cilt kanseri/cilt-kanseri-teshisi-bitirme/data/raw/HAM10000_images_part_1/ISIC_0026734.jpg,0
/Users/suleymanmini/Desktop/cilt kanseri/cilt-kanseri-teshisi-bitirme/data/raw/HAM10000_images_part_2/ISIC_0029670.jpg,0
/Users/suleymanmini/Desktop/cilt kanseri/cilt-kanseri-teshisi-bitirme/data/raw/HAM10000_images_part_1/ISIC_0029125.jpg,0
/Users/suleymanmini/Desktop/cilt kanseri/cilt-kanseri-teshisi-bitirme/data/raw/HAM10000_images_part_1/ISIC_0028901.jpg,1
/Users/suleymanmini/Desktop/cilt kanseri/cilt-kanseri-teshisi-bitirme/data/raw/HAM10000_images_part_1/ISIC_0026379.jpg,0
/Users/suleymanmini/Desktop/cilt kanseri/cilt-kanseri-teshisi-bitirme/data/raw/HAM10000_images_part_2/ISIC_0029667.jpg,0
/Users/suleymanmini/Desktop/cilt kanseri/cilt-kanseri-teshisi-bitirme/data/raw/HAM10000_images_part_1/ISIC_0028005.jpg,0
/Users/suleymanmini/Desktop/cilt kanseri/cilt-kanseri-teshisi-bitirme/data/raw/HAM10000_images_part_1/ISIC_0027018.jpg,0
/Users/suleymanmini/Desktop/cilt kanseri/cilt-kanseri-teshisi-bitirme/data/raw/HAM10000_images_part_2/ISIC_0032137.jpg,0
/Users/suleymanmini/Desktop/cilt kanseri/cilt-kanseri-teshisi-bitirme/data/raw/HAM10000_images_part_2/ISIC_0031002.jpg,0
/Users/suleymanmini/Desktop/cilt kanseri/cilt-kanseri-teshisi-bitirme/data/raw/HAM10000_images_part_1/ISIC_0026630.jpg,0
/Users/suleymanmini/Desktop/cilt kanseri/cilt-kanseri-teshisi-bitirme/data/raw/HAM10000_images_part_2/ISIC_0029542.jpg,0
/Users/suleymanmini/Desktop/cilt kanseri/cilt-kanseri-teshisi-bitirme/data/raw/HAM10000_images_part_2/ISIC_0030634.jpg,0
/Users/suleymanmini/Desktop/cilt kanseri/cilt-kanseri-teshisi-bitirme/data/raw/HAM10000_images_part_2/ISIC_0033398.jpg,0
/Users/suleymanmini/Desktop/cilt kanseri/cilt-kanseri-teshisi-bitirme/data/raw/HAM10000_images_part_2/ISIC_0033095.jpg,0
/Users/suleymanmini/Desktop/cilt kanseri/cilt-kanseri-teshisi-bitirme/data/raw/HAM10000_images_part_2/ISIC_0030470.jpg,0
/Users/suleymanmini/Desktop/cilt kanseri/cilt-kanseri-teshisi-bitirme/data/raw/HAM10000_images_part_1/ISIC_0025204.jpg,0
/Users/suleymanmini/Desktop/cilt kanseri/cilt-kanseri-teshisi-bitirme/data/synthetic/generated_malign/synth_malign_00738.jpg,1
/Users/suleymanmini/Desktop/cilt kanseri/cilt-kanseri-teshisi-bitirme/data/raw/HAM10000_images_part_1/ISIC_0024421.jpg,0
/Users/suleymanmini/Desktop/cilt kanseri/cilt-kanseri-teshisi-bitirme/data/raw/HAM10000_images_part_1/ISIC_0028565.jpg,1
/Users/suleymanmini/Desktop/cilt kanseri/cilt-kanseri-teshisi-bitirme/data/raw/HAM10000_images_part_2/ISIC_0030217.jpg,0
/Users/suleymanmini/Desktop/cilt kanseri/cilt-kanseri-teshisi-bitirme/data/raw/HAM10000_images_part_2/ISIC_0031116.jpg,0
/Users/suleymanmini/Desktop/cilt kanseri/cilt-kanseri-teshisi-bitirme/data/raw/HAM10000_images_part_2/ISIC_0030378.jpg,0
/Users/suleymanmini/Desktop/cilt kanseri/cilt-kanseri-teshisi-bitirme/data/raw/HAM10000_images_part_2/ISIC_0032942.jpg,0
/Users/suleymanmini/Desktop/cilt kanseri/cilt-kanseri-teshisi-bitirme/data/raw/HAM10000_images_part_2/ISIC_0031638.jpg,0
/Users/suleymanmini/Desktop/cilt kanseri/cilt-kanseri-teshisi-bitirme/data/raw/HAM10000_images_part_2/ISIC_0033016.jpg,0
/Users/suleymanmini/Desktop/cilt kanseri/cilt-kanseri-teshisi-bitirme/data/raw/HAM10000_images_part_2/ISIC_0030144.jpg,0
/Users/suleymanmini/Desktop/cilt kanseri/cilt-kanseri-teshisi-bitirme/data/raw/HAM10000_images_part_2/ISIC_0029942.jpg,0
/Users/suleymanmini/Desktop/cilt kanseri/cilt-kanseri-teshisi-bitirme/data/raw/HAM10000_images_part_2/ISIC_0034226.jpg,0
/Users/suleymanmini/Desktop/cilt kanseri/cilt-kanseri-teshisi-bitirme/data/raw/HAM10000_images_part_2/ISIC_0031565.jpg,1
/Users/suleymanmini/Desktop/cilt kanseri/cilt-kanseri-teshisi-bitirme/data/raw/HAM10000_images_part_2/ISIC_0032237.jpg,0
/Users/suleymanmini/Desktop/cilt kanseri/cilt-kanseri-teshisi-bitirme/data/raw/HAM10000_images_part_2/ISIC_0033287.jpg,1
/Users/suleymanmini/Desktop/cilt kanseri/cilt-kanseri-teshisi-bitirme/data/raw/HAM10000_images_part_2/ISIC_0031912.jpg,0
/Users/suleymanmini/Desktop/cilt kanseri/cilt-kanseri-teshisi-bitirme/data/raw/HAM10000_images_part_1/ISIC_0027366.jpg,0
/Users/suleymanmini/Desktop/cilt kanseri/cilt-kanseri-teshisi-bitirme/data/raw/HAM10000_images_part_1/ISIC_0028347.jpg,0
/Users/suleymanmini/Desktop/cilt kanseri/cilt-kanseri-teshisi-bitirme/data/raw/HAM10000_images_part_1/ISIC_0027693.jpg,1
/Users/suleymanmini/Desktop/cilt kanseri/cilt-kanseri-teshisi-bitirme/data/raw/HAM10000_images_part_2/ISIC_0029689.jpg,0
/Users/suleymanmini/Desktop/cilt kanseri/cilt-kanseri-teshisi-bitirme/data/raw/HAM10000_images_part_2/ISIC_0033385.jpg,0
/Users/suleymanmini/Desktop/cilt kanseri/cilt-kanseri-teshisi-bitirme/data/raw/HAM10000_images_part_1/ISIC_0026195.jpg,0
/Users/suleymanmini/Desktop/cilt kanseri/cilt-kanseri-teshisi-bitirme/data/raw/HAM10000_images_part_2/ISIC_0032840.jpg,1
/Users/suleymanmini/Desktop/cilt kanseri/cilt-kanseri-teshisi-bitirme/data/raw/HAM10000_images_part_2/ISIC_0034237.jpg,0
/Users/suleymanmini/Desktop/cilt kanseri/cilt-kanseri-teshisi-bitirme/data/raw/HAM10000_images_part_2/ISIC_0030271.jpg,1
/Users/suleymanmini/Desktop/cilt kanseri/cilt-kanseri-teshisi-bitirme/data/synthetic/generated_malign/synth_malign_00772.jpg,1
/Users/suleymanmini/Desktop/cilt kanseri/cilt-kanseri-teshisi-bitirme/data/raw/HAM10000_images_part_2/ISIC_0034043.jpg,0
/Users/suleymanmini/Desktop/cilt kanseri/cilt-kanseri-teshisi-bitirme/data/raw/HAM10000_images_part_1/ISIC_0026311.jpg,0
/Users/suleymanmini/Desktop/cilt kanseri/cilt-kanseri-teshisi-bitirme/data/raw/HAM10000_images_part_2/ISIC_0032438.jpg,0
/Users/suleymanmini/Desktop/cilt kanseri/cilt-kanseri-teshisi-bitirme/data/raw/HAM10000_images_part_1/ISIC_0026237.jpg,0
/Users/suleymanmini/Desktop/cilt kanseri/cilt-kanseri-teshisi-bitirme/data/raw/HAM10000_images_part_2/ISIC_0034020.jpg,0
/Users/suleymanmini/Desktop/cilt kanseri/cilt-kanseri-teshisi-bitirme/data/raw/HAM10000_images_part_2/ISIC_0031208.jpg,1
/Users/suleymanmini/Desktop/cilt kanseri/cilt-kanseri-teshisi-bitirme/data/raw/HAM10000_images_part_2/ISIC_0032994.jpg,0
/Users/suleymanmini/Desktop/cilt kanseri/cilt-kanseri-teshisi-bitirme/data/raw/HAM10000_images_part_2/ISIC_0034062.jpg,1
/Users/suleymanmini/Desktop/cilt kanseri/cilt-kanseri-teshisi-bitirme/data/raw/HAM10000_images_part_1/ISIC_0028718.jpg,1
/Users/suleymanmini/Desktop/cilt kanseri/cilt-kanseri-teshisi-bitirme/data/raw/HAM10000_images_part_1/ISIC_0024986.jpg,0
/Users/suleymanmini/Desktop/cilt kanseri/cilt-kanseri-teshisi-bitirme/data/raw/HAM10000_images_part_1/ISIC_0027016.jpg,0
/Users/suleymanmini/Desktop/cilt kanseri/cilt-kanseri-teshisi-bitirme/data/raw/HAM10000_images_part_2/ISIC_0031997.jpg,0
/Users/suleymanmini/Desktop/cilt kanseri/cilt-kanseri-teshisi-bitirme/data/raw/HAM10000_images_part_1/ISIC_0028553.jpg,0
/Users/suleymanmini/Desktop/cilt kanseri/cilt-kanseri-teshisi-bitirme/data/raw/HAM10000_images_part_1/ISIC_0028488.jpg,0
/Users/suleymanmini/Desktop/cilt kanseri/cilt-kanseri-teshisi-bitirme/data/raw/HAM10000_images_part_1/ISIC_0028599.jpg,0
/Users/suleymanmini/Desktop/cilt kanseri/cilt-kanseri-teshisi-bitirme/data/raw/HAM10000_images_part_1/ISIC_0028639.jpg,0
/Users/suleymanmini/Desktop/cilt kanseri/cilt-kanseri-teshisi-bitirme/data/raw/HAM10000_images_part_2/ISIC_0033184.jpg,0
/Users/suleymanmini/Desktop/cilt kanseri/cilt-kanseri-teshisi-bitirme/data/raw/HAM10000_images_part_1/ISIC_0026073.jpg,0
/Users/suleymanmini/Desktop/cilt kanseri/cilt-kanseri-teshisi-bitirme/data/raw/HAM10000_images_part_2/ISIC_0032328.jpg,0
/Users/suleymanmini/Desktop/cilt kanseri/cilt-kanseri-teshisi-bitirme/data/raw/HAM10000_images_part_1/ISIC_0026191.jpg,0
/Users/suleymanmini/Desktop/cilt kanseri/cilt-kanseri-teshisi-bitirme/data/raw/HAM10000_images_part_1/ISIC_0026921.jpg,0
/Users/suleymanmini/Desktop/cilt kanseri/cilt-kanseri-teshisi-bitirme/data/synthetic/generated_malign/synth_malign_00915.jpg,1
/Users/suleymanmini/Desktop/cilt kanseri/cilt-kanseri-teshisi-bitirme/data/raw/HAM10000_images_part_1/ISIC_0026570.jpg,0
/Users/suleymanmini/Desktop/cilt kanseri/cilt-kanseri-teshisi-bitirme/data/raw/HAM10000_images_part_1/ISIC_0028972.jpg,0
/Users/suleymanmini/Desktop/cilt kanseri/cilt-kanseri-teshisi-bitirme/data/synthetic/generated_malign/synth_malign_00266.jpg,1
/Users/suleymanmini/Desktop/cilt kanseri/cilt-kanseri-teshisi-bitirme/data/raw/HAM10000_images_part_1/ISIC_0024735.jpg,0
/Users/suleymanmini/Desktop/cilt kanseri/cilt-kanseri-teshisi-bitirme/data/raw/HAM10000_images_part_2/ISIC_0029324.jpg,0
/Users/suleymanmini/Desktop/cilt kanseri/cilt-kanseri-teshisi-bitirme/data/raw/HAM10000_images_part_2/ISIC_0031784.jpg,1
/Users/suleymanmini/Desktop/cilt kanseri/cilt-kanseri-teshisi-bitirme/data/raw/HAM10000_images_part_1/ISIC_0024761.jpg,0
/Users/suleymanmini/Desktop/cilt kanseri/cilt-kanseri-teshisi-bitirme/data/raw/HAM10000_images_part_2/ISIC_0031716.jpg,0
/Users/suleymanmini/Desktop/cilt kanseri/cilt-kanseri-teshisi-bitirme/data/raw/HAM10000_images_part_2/ISIC_0032112.jpg,0
/Users/suleymanmini/Desktop/cilt kanseri/cilt-kanseri-teshisi-bitirme/data/raw/HAM10000_images_part_2/ISIC_0034052.jpg,1
/Users/suleymanmini/Desktop/cilt kanseri/cilt-kanseri-teshisi-bitirme/data/synthetic/generated_malign/synth_malign_00922.jpg,1
/Users/suleymanmini/Desktop/cilt kanseri/cilt-kanseri-teshisi-bitirme/data/raw/HAM10000_images_part_1/ISIC_0026094.jpg,1
/Users/suleymanmini/Desktop/cilt kanseri/cilt-kanseri-teshisi-bitirme/data/raw/HAM10000_images_part_2/ISIC_0031095.jpg,1
/Users/suleymanmini/Desktop/cilt kanseri/cilt-kanseri-teshisi-bitirme/data/raw/HAM10000_images_part_1/ISIC_0024455.jpg,0
/Users/suleymanmini/Desktop/cilt kanseri/cilt-kanseri-teshisi-bitirme/data/raw/HAM10000_images_part_2/ISIC_0030713.jpg,0
/Users/suleymanmini/Desktop/cilt kanseri/cilt-kanseri-teshisi-bitirme/data/raw/HAM10000_images_part_1/ISIC_0025464.jpg,0
/Users/suleymanmini/Desktop/cilt kanseri/cilt-kanseri-teshisi-bitirme/data/raw/HAM10000_images_part_1/ISIC_0026842.jpg,0
/Users/suleymanmini/Desktop/cilt kanseri/cilt-kanseri-teshisi-bitirme/data/raw/HAM10000_images_part_2/ISIC_0030507.jpg,1
